nameKor,﻿Internal ID,Name,Image,Buy,Sell,Source,Source Notes,Color 1,Color 2,Catalog,DIY,Size
일섭의 포스터,10814,Admiral's poster,https://acnhcdn.com/latest/FtrIcon/PosterNpcNmlBrd06.png,1000,250,너굴 쇼핑 - 포스터,"파니의 섬 방문 후, 너굴 쇼핑 스페셜 상품 (섬에 살거나 스튜디오에서 아미보로 초대한 주민들)",초록색,파란색,구매가능,No,1x1
2호의 포스터,10425,Agent S's poster,https://acnhcdn.com/latest/FtrIcon/PosterNpcNmlSqu05.png,1000,250,너굴 쇼핑 - 포스터,"파니의 섬 방문 후, 너굴 쇼핑 스페셜 상품 (섬에 살거나 스튜디오에서 아미보로 초대한 주민들)",파란색,회색,구매가능,No,1x1
아그네스의 포스터,10401,Agnes's poster,https://acnhcdn.com/latest/FtrIcon/PosterNpcNmlPig17.png,1000,250,너굴 쇼핑 - 포스터,"파니의 섬 방문 후, 너굴 쇼핑 스페셜 상품 (섬에 살거나 스튜디오에서 아미보로 초대한 주민들)",분홍색,검정색,구매가능,No,1x1
우락의 포스터,10590,Al's poster,https://acnhcdn.com/latest/FtrIcon/PosterNpcNmlGor08.png,1000,250,너굴 쇼핑 - 포스터,"파니의 섬 방문 후, 너굴 쇼핑 스페셜 상품 (섬에 살거나 스튜디오에서 아미보로 초대한 주민들)",빨간색,하늘색,구매가능,No,1x1
알베르트의 포스터,10382,Alfonso's poster,https://acnhcdn.com/latest/FtrIcon/PosterNpcNmlCrd00.png,1000,250,너굴 쇼핑 - 포스터,"파니의 섬 방문 후, 너굴 쇼핑 스페셜 상품 (섬에 살거나 스튜디오에서 아미보로 초대한 주민들)",주황색,빨간색,구매가능,No,1x1
멜버른의 포스터,10411,Alice's poster,https://acnhcdn.com/latest/FtrIcon/PosterNpcNmlKal01.png,1000,250,너굴 쇼핑 - 포스터,"파니의 섬 방문 후, 너굴 쇼핑 스페셜 상품 (섬에 살거나 스튜디오에서 아미보로 초대한 주민들)",베이지색,하얀색,구매가능,No,1x1
크로크의 포스터,10655,Alli's poster,https://acnhcdn.com/latest/FtrIcon/PosterNpcNmlCrd01.png,1000,250,너굴 쇼핑 - 포스터,"파니의 섬 방문 후, 너굴 쇼핑 스페셜 상품 (섬에 살거나 스튜디오에서 아미보로 초대한 주민들)",하늘색,빨간색,구매가능,No,1x1
안데스의 포스터,10687,Amelia's poster,https://acnhcdn.com/latest/FtrIcon/PosterNpcNmlPbr01.png,1000,250,너굴 쇼핑 - 포스터,"파니의 섬 방문 후, 너굴 쇼핑 스페셜 상품 (섬에 살거나 스튜디오에서 아미보로 초대한 주민들)",빨간색,하얀색,구매가능,No,1x1
아롱이의 포스터,10800,Anabelle's poster,https://acnhcdn.com/latest/FtrIcon/PosterNpcNmlAnt03.png,1000,250,너굴 쇼핑 - 포스터,"파니의 섬 방문 후, 너굴 쇼핑 스페셜 상품 (섬에 살거나 스튜디오에서 아미보로 초대한 주민들)",노란색,파란색,구매가능,No,1x1
안쵸비의 포스터,10782,Anchovy's poster,https://acnhcdn.com/latest/FtrIcon/PosterNpcNmlBrd02.png,1000,250,너굴 쇼핑 - 포스터,"파니의 섬 방문 후, 너굴 쇼핑 스페셜 상품 (섬에 살거나 스튜디오에서 아미보로 초대한 주민들)",갈색,하늘색,구매가능,No,1x1
반데스의 포스터,10807,Angus's poster,https://acnhcdn.com/latest/FtrIcon/PosterNpcNmlBul00.png,1000,250,너굴 쇼핑 - 포스터,"파니의 섬 방문 후, 너굴 쇼핑 스페셜 상품 (섬에 살거나 스튜디오에서 아미보로 초대한 주민들)",빨간색,주황색,구매가능,No,1x1
라자냐의 포스터,10413,Anicotti's poster,https://acnhcdn.com/latest/FtrIcon/PosterNpcNmlMus10.png,1000,250,너굴 쇼핑 - 포스터,"파니의 섬 방문 후, 너굴 쇼핑 스페셜 상품 (섬에 살거나 스튜디오에서 아미보로 초대한 주민들)",초록색,갈색,구매가능,No,1x1
클레오의 포스터,10416,Ankha's poster,https://acnhcdn.com/latest/FtrIcon/PosterNpcNmlCat19.png,1000,250,너굴 쇼핑 - 포스터,"파니의 섬 방문 후, 너굴 쇼핑 스페셜 상품 (섬에 살거나 스튜디오에서 아미보로 초대한 주민들)",노란색,갈색,구매가능,No,1x1
설백의 포스터,10824,Annalisa's poster,https://acnhcdn.com/latest/FtrIcon/PosterNpcNmlAnt08.png,1000,250,너굴 쇼핑 - 포스터,"파니의 섬 방문 후, 너굴 쇼핑 스페셜 상품 (섬에 살거나 스튜디오에서 아미보로 초대한 주민들)",베이지색,분홍색,구매가능,No,1x1
실부플레의 포스터,10573,Annalise's poster,https://acnhcdn.com/latest/FtrIcon/PosterNpcNmlHrs09.png,1000,250,너굴 쇼핑 - 포스터,"파니의 섬 방문 후, 너굴 쇼핑 스페셜 상품 (섬에 살거나 스튜디오에서 아미보로 초대한 주민들)",갈색,보라색,구매가능,No,1x1
퍼머거의 포스터,10795,Antonio's poster,https://acnhcdn.com/latest/FtrIcon/PosterNpcNmlAnt01.png,1000,250,너굴 쇼핑 - 포스터,"파니의 섬 방문 후, 너굴 쇼핑 스페셜 상품 (섬에 살거나 스튜디오에서 아미보로 초대한 주민들)",파란색,노란색,구매가능,No,1x1
아폴로의 포스터,10512,Apollo's poster,https://acnhcdn.com/latest/FtrIcon/PosterNpcNmlPbr00.png,1000,250,너굴 쇼핑 - 포스터,"파니의 섬 방문 후, 너굴 쇼핑 스페셜 상품 (섬에 살거나 스튜디오에서 아미보로 초대한 주민들)",검정색,하얀색,구매가능,No,1x1
애플의 포스터,10565,Apple's poster,https://acnhcdn.com/latest/FtrIcon/PosterNpcNmlHam01.png,1000,250,너굴 쇼핑 - 포스터,"파니의 섬 방문 후, 너굴 쇼핑 스페셜 상품 (섬에 살거나 스튜디오에서 아미보로 초대한 주민들)",빨간색,노란색,구매가능,No,1x1
펑키맘의 포스터,10493,Astrid's poster,https://acnhcdn.com/latest/FtrIcon/PosterNpcNmlKgr05.png,1000,250,너굴 쇼핑 - 포스터,"파니의 섬 방문 후, 너굴 쇼핑 스페셜 상품 (섬에 살거나 스튜디오에서 아미보로 초대한 주민들)",하얀색,검정색,구매가능,No,1x1
모니카의 포스터,10859,Audie's poster,https://acnhcdn.com/latest/FtrIcon/PosterNpcNmlWol12.png,1000,250,너굴 쇼핑 - 포스터,"파니의 섬 방문 후, 너굴 쇼핑 스페셜 상품 (섬에 살거나 스튜디오에서 아미보로 초대한 주민들)",빨간색,노란색,구매가능,No,1x1
오로라의 포스터,10563,Aurora's poster,https://acnhcdn.com/latest/FtrIcon/PosterNpcNmlPgn00.png,1000,250,너굴 쇼핑 - 포스터,"파니의 섬 방문 후, 너굴 쇼핑 스페셜 상품 (섬에 살거나 스튜디오에서 아미보로 초대한 주민들)",검정색,빨간색,구매가능,No,1x1
에바의 포스터,10467,Ava's poster,https://acnhcdn.com/latest/FtrIcon/PosterNpcNmlChn05.png,1000,250,너굴 쇼핑 - 포스터,"파니의 섬 방문 후, 너굴 쇼핑 스페셜 상품 (섬에 살거나 스튜디오에서 아미보로 초대한 주민들)",베이지색,분홍색,구매가능,No,1x1
쿠스케처의 포스터,10370,Avery's poster,https://acnhcdn.com/latest/FtrIcon/PosterNpcNmlPbr05.png,1000,250,너굴 쇼핑 - 포스터,"파니의 섬 방문 후, 너굴 쇼핑 스페셜 상품 (섬에 살거나 스튜디오에서 아미보로 초대한 주민들)",회색,검정색,구매가능,No,1x1
엑스엘리의 포스터,10319,Axel's poster,https://acnhcdn.com/latest/FtrIcon/PosterNpcNmlElp06.png,1000,250,너굴 쇼핑 - 포스터,"파니의 섬 방문 후, 너굴 쇼핑 스페셜 상품 (섬에 살거나 스튜디오에서 아미보로 초대한 주민들)",파란색,빨간색,구매가능,No,1x1
트로와의 포스터,10508,Baabara's poster,https://acnhcdn.com/latest/FtrIcon/PosterNpcNmlShp01.png,1000,250,너굴 쇼핑 - 포스터,"파니의 섬 방문 후, 너굴 쇼핑 스페셜 상품 (섬에 살거나 스튜디오에서 아미보로 초대한 주민들)",갈색,하늘색,구매가능,No,1x1
록키의 포스터,10456,Bam's poster,https://acnhcdn.com/latest/FtrIcon/PosterNpcNmlDer01.png,1000,250,너굴 쇼핑 - 포스터,"파니의 섬 방문 후, 너굴 쇼핑 스페셜 상품 (섬에 살거나 스튜디오에서 아미보로 초대한 주민들)",파란색,초록색,구매가능,No,1x1
루주의 포스터,10672,Bangle's poster,https://acnhcdn.com/latest/FtrIcon/PosterNpcNmlTig03.png,1000,250,너굴 쇼핑 - 포스터,"파니의 섬 방문 후, 너굴 쇼핑 스페셜 상품 (섬에 살거나 스튜디오에서 아미보로 초대한 주민들)",갈색,초록색,구매가능,No,1x1
곰시의 포스터,10583,Barold's poster,https://acnhcdn.com/latest/FtrIcon/PosterNpcNmlCbr16.png,1000,250,너굴 쇼핑 - 포스터,"파니의 섬 방문 후, 너굴 쇼핑 스페셜 상품 (섬에 살거나 스튜디오에서 아미보로 초대한 주민들)",회색,검정색,구매가능,No,1x1
베이글의 포스터,10632,Bea's poster,https://acnhcdn.com/latest/FtrIcon/PosterNpcNmlDog10.png,1000,250,너굴 쇼핑 - 포스터,"파니의 섬 방문 후, 너굴 쇼핑 스페셜 상품 (섬에 살거나 스튜디오에서 아미보로 초대한 주민들)",하늘색,갈색,구매가능,No,1x1
베어드의 포스터,10788,Beardo's poster,https://acnhcdn.com/latest/FtrIcon/PosterNpcNmlBea13.png,1000,250,너굴 쇼핑 - 포스터,"파니의 섬 방문 후, 너굴 쇼핑 스페셜 상품 (섬에 살거나 스튜디오에서 아미보로 초대한 주민들)",하늘색,갈색,구매가능,No,1x1
피터의 포스터,10396,Beau's poster,https://acnhcdn.com/latest/FtrIcon/PosterNpcNmlDer07.png,1000,250,너굴 쇼핑 - 포스터,"파니의 섬 방문 후, 너굴 쇼핑 스페셜 상품 (섬에 살거나 스튜디오에서 아미보로 초대한 주민들)",하늘색,갈색,구매가능,No,1x1
아리아의 포스터,10580,Becky's poster,https://acnhcdn.com/latest/FtrIcon/PosterNpcNmlChn09.png,1000,250,너굴 쇼핑 - 포스터,"파니의 섬 방문 후, 너굴 쇼핑 스페셜 상품 (섬에 살거나 스튜디오에서 아미보로 초대한 주민들)",보라색,빨간색,구매가능,No,1x1
이자벨의 포스터,10681,Bella's poster,https://acnhcdn.com/latest/FtrIcon/PosterNpcNmlMus02.png,1000,250,너굴 쇼핑 - 포스터,"파니의 섬 방문 후, 너굴 쇼핑 스페셜 상품 (섬에 살거나 스튜디오에서 아미보로 초대한 주민들)",보라색,하얀색,구매가능,No,1x1
페니실린의 포스터,10400,Benedict's poster,https://acnhcdn.com/latest/FtrIcon/PosterNpcNmlChn01.png,1000,250,너굴 쇼핑 - 포스터,"파니의 섬 방문 후, 너굴 쇼핑 스페셜 상품 (섬에 살거나 스튜디오에서 아미보로 초대한 주민들)",빨간색,초록색,구매가능,No,1x1
땡칠이의 포스터,10695,Benjamin's poster,https://acnhcdn.com/latest/FtrIcon/PosterNpcNmlDog16.png,1000,250,너굴 쇼핑 - 포스터,"파니의 섬 방문 후, 너굴 쇼핑 스페셜 상품 (섬에 살거나 스튜디오에서 아미보로 초대한 주민들)",노란색,초록색,구매가능,No,1x1
베티의 포스터,10322,Bertha's poster,https://acnhcdn.com/latest/FtrIcon/PosterNpcNmlHip03.png,1000,250,너굴 쇼핑 - 포스터,"파니의 섬 방문 후, 너굴 쇼핑 스페셜 상품 (섬에 살거나 스튜디오에서 아미보로 초대한 주민들)",분홍색,초록색,구매가능,No,1x1
마르카의 포스터,10403,Bettina's poster,https://acnhcdn.com/latest/FtrIcon/PosterNpcNmlMus15.png,1000,250,너굴 쇼핑 - 포스터,"파니의 섬 방문 후, 너굴 쇼핑 스페셜 상품 (섬에 살거나 스튜디오에서 아미보로 초대한 주민들)",주황색,파란색,구매가능,No,1x1
백희의 포스터,10393,Bianca's poster,https://acnhcdn.com/latest/FtrIcon/PosterNpcNmlTig06.png,1000,250,너굴 쇼핑 - 포스터,"파니의 섬 방문 후, 너굴 쇼핑 스페셜 상품 (섬에 살거나 스튜디오에서 아미보로 초대한 주민들)",하늘색,파란색,구매가능,No,1x1
가브리엘의 포스터,10682,Biff's poster,https://acnhcdn.com/latest/FtrIcon/PosterNpcNmlHip04.png,1000,250,너굴 쇼핑 - 포스터,"파니의 섬 방문 후, 너굴 쇼핑 스페셜 상품 (섬에 살거나 스튜디오에서 아미보로 초대한 주민들)",빨간색,검정색,구매가능,No,1x1
3호의 포스터,10426,Big Top's poster,https://acnhcdn.com/latest/FtrIcon/PosterNpcNmlElp02.png,1000,250,너굴 쇼핑 - 포스터,"파니의 섬 방문 후, 너굴 쇼핑 스페셜 상품 (섬에 살거나 스튜디오에서 아미보로 초대한 주민들)",초록색,노란색,구매가능,No,1x1
코코아의 포스터,10653,Bill's poster,https://acnhcdn.com/latest/FtrIcon/PosterNpcNmlDuk00.png,1000,250,너굴 쇼핑 - 포스터,"파니의 섬 방문 후, 너굴 쇼핑 스페셜 상품 (섬에 살거나 스튜디오에서 아미보로 초대한 주민들)",갈색,노란색,구매가능,No,1x1
힘드러의 포스터,10620,Billy's poster,https://acnhcdn.com/latest/FtrIcon/PosterNpcNmlGoa02.png,1000,250,너굴 쇼핑 - 포스터,"파니의 섬 방문 후, 너굴 쇼핑 스페셜 상품 (섬에 살거나 스튜디오에서 아미보로 초대한 주민들)",갈색,초록색,구매가능,No,1x1
로빈의 포스터,10496,Biskit's poster,https://acnhcdn.com/latest/FtrIcon/PosterNpcNmlDog03.png,1000,250,너굴 쇼핑 - 포스터,"파니의 섬 방문 후, 너굴 쇼핑 스페셜 상품 (섬에 살거나 스튜디오에서 아미보로 초대한 주민들)",주황색,보라색,구매가능,No,1x1
비티의 포스터,10622,Bitty's poster,https://acnhcdn.com/latest/FtrIcon/PosterNpcNmlHip05.png,1000,250,너굴 쇼핑 - 포스터,"파니의 섬 방문 후, 너굴 쇼핑 스페셜 상품 (섬에 살거나 스튜디오에서 아미보로 초대한 주민들)",분홍색,빨간색,구매가능,No,1x1
실루엣의 포스터,10369,Blaire's poster,https://acnhcdn.com/latest/FtrIcon/PosterNpcNmlSqu01.png,1000,250,너굴 쇼핑 - 포스터,"파니의 섬 방문 후, 너굴 쇼핑 스페셜 상품 (섬에 살거나 스튜디오에서 아미보로 초대한 주민들)",검정색,갈색,구매가능,No,1x1
아트고양이의 포스터,10343,Blanca's poster,https://acnhcdn.com/latest/FtrIcon/PosterNpcSpMka.png,1000,250,너굴 쇼핑 - 포스터,"파니의 섬 방문 후, 너굴 쇼핑 스페셜 상품 (스튜디오에 아미보 카드로 초대)",하얀색,하늘색,구매가능,No,1x1
신옥의 포스터,10478,Blanche's poster,https://acnhcdn.com/latest/FtrIcon/PosterNpcNmlOst08.png,1000,250,너굴 쇼핑 - 포스터,"파니의 섬 방문 후, 너굴 쇼핑 스페셜 상품 (섬에 살거나 스튜디오에서 아미보로 초대한 주민들)",하얀색,분홍색,구매가능,No,1x1
부엉의 포스터,10324,Blathers's poster,https://acnhcdn.com/latest/FtrIcon/PosterNpcSpOwl.png,1000,250,너굴 쇼핑 - 포스터,"파니의 섬 방문 후, 너굴 쇼핑 스페셜 상품 (섬에 살거나 스튜디오에서 아미보로 초대한 주민들)",갈색,베이지색,구매가능,No,1x1
글루민의 포스터,10652,Bluebear's poster,https://acnhcdn.com/latest/FtrIcon/PosterNpcNmlCbr00.png,1000,250,너굴 쇼핑 - 포스터,"파니의 섬 방문 후, 너굴 쇼핑 스페셜 상품 (섬에 살거나 스튜디오에서 아미보로 초대한 주민들)",하늘색,보라색,구매가능,No,1x1
히죽의 포스터,10797,Bob's poster,https://acnhcdn.com/latest/FtrIcon/PosterNpcNmlCat00.png,1000,250,너굴 쇼핑 - 포스터,"파니의 섬 방문 후, 너굴 쇼핑 스페셜 상품 (섬에 살거나 스튜디오에서 아미보로 초대한 주민들)",보라색,하늘색,구매가능,No,1x1
미미의 포스터,10666,Bonbon's poster,https://acnhcdn.com/latest/FtrIcon/PosterNpcNmlRbt17.png,1000,250,너굴 쇼핑 - 포스터,"파니의 섬 방문 후, 너굴 쇼핑 스페셜 상품 (섬에 살거나 스튜디오에서 아미보로 초대한 주민들)",갈색,빨간색,구매가능,No,1x1
토미의 포스터,10548,Bones's poster,https://acnhcdn.com/latest/FtrIcon/PosterNpcNmlDog04.png,1000,250,너굴 쇼핑 - 포스터,"파니의 섬 방문 후, 너굴 쇼핑 스페셜 상품 (섬에 살거나 스튜디오에서 아미보로 초대한 주민들)",베이지색,분홍색,구매가능,No,1x1
경찰관의 포스터,10336,Booker's poster,https://acnhcdn.com/latest/FtrIcon/PosterNpcSpDgb.png,1000,250,너굴 쇼핑 - 포스터,"파니의 섬 방문 후, 너굴 쇼핑 스페셜 상품 (스튜디오에 아미보 카드로 초대)",주황색,파란색,구매가능,No,1x1
팽기의 포스터,10506,Boomer's poster,https://acnhcdn.com/latest/FtrIcon/PosterNpcNmlPgn10.png,1000,250,너굴 쇼핑 - 포스터,"파니의 섬 방문 후, 너굴 쇼핑 스페셜 상품 (섬에 살거나 스튜디오에서 아미보로 초대한 주민들)",검정색,파란색,구매가능,No,1x1
만복이의 포스터,10534,Boone's poster,https://acnhcdn.com/latest/FtrIcon/PosterNpcNmlGor02.png,1000,250,너굴 쇼핑 - 포스터,"파니의 섬 방문 후, 너굴 쇼핑 스페셜 상품 (섬에 살거나 스튜디오에서 아미보로 초대한 주민들)",갈색,하얀색,구매가능,No,1x1
풍작의 포스터,10634,Boots's poster,https://acnhcdn.com/latest/FtrIcon/PosterNpcNmlCrd02.png,1000,250,너굴 쇼핑 - 포스터,"파니의 섬 방문 후, 너굴 쇼핑 스페셜 상품 (섬에 살거나 스튜디오에서 아미보로 초대한 주민들)",초록색,파란색,구매가능,No,1x1
보리의 포스터,10613,Boris's poster,https://acnhcdn.com/latest/FtrIcon/PosterNpcNmlPig09.png,1000,250,너굴 쇼핑 - 포스터,"파니의 섬 방문 후, 너굴 쇼핑 스페셜 상품 (섬에 살거나 스튜디오에서 아미보로 초대한 주민들)",파란색,빨간색,구매가능,No,1x1
보이드의 포스터,10621,Boyd's poster,https://acnhcdn.com/latest/FtrIcon/PosterNpcNmlGor05.png,1000,250,너굴 쇼핑 - 포스터,"파니의 섬 방문 후, 너굴 쇼핑 스페셜 상품 (섬에 살거나 스튜디오에서 아미보로 초대한 주민들)",빨간색,파란색,구매가능,No,1x1
사라의 포스터,10486,Bree's poster,https://acnhcdn.com/latest/FtrIcon/PosterNpcNmlMus03.png,1000,250,너굴 쇼핑 - 포스터,"파니의 섬 방문 후, 너굴 쇼핑 스페셜 상품 (섬에 살거나 스튜디오에서 아미보로 초대한 주민들)",초록색,분홍색,구매가능,No,1x1
마스터의 포스터,10516,Brewster's poster,https://acnhcdn.com/latest/FtrIcon/PosterNpcSpPge.png,1000,250,너굴 쇼핑 - 포스터,"파니의 섬 방문 후, 너굴 쇼핑 스페셜 상품 (스튜디오에 아미보 카드로 초대)",초록색,검정색,구매가능,No,1x1
브로콜리의 포스터,10378,Broccolo's poster,https://acnhcdn.com/latest/FtrIcon/PosterNpcNmlMus12.png,1000,250,너굴 쇼핑 - 포스터,"파니의 섬 방문 후, 너굴 쇼핑 스페셜 상품 (섬에 살거나 스튜디오에서 아미보로 초대한 주민들)",하늘색,컬러풀,구매가능,No,1x1
히킨의 포스터,10535,Broffina's poster,https://acnhcdn.com/latest/FtrIcon/PosterNpcNmlChn12.png,1000,250,너굴 쇼핑 - 포스터,"파니의 섬 방문 후, 너굴 쇼핑 스페셜 상품 (섬에 살거나 스튜디오에서 아미보로 초대한 주민들)",주황색,검정색,구매가능,No,1x1
브루스의 포스터,10594,Bruce's poster,https://acnhcdn.com/latest/FtrIcon/PosterNpcNmlDer03.png,1000,250,너굴 쇼핑 - 포스터,"파니의 섬 방문 후, 너굴 쇼핑 스페셜 상품 (섬에 살거나 스튜디오에서 아미보로 초대한 주민들)",회색,주황색,구매가능,No,1x1
차코의 포스터,10447,Bubbles's poster,https://acnhcdn.com/latest/FtrIcon/PosterNpcNmlHip02.png,1000,250,너굴 쇼핑 - 포스터,"파니의 섬 방문 후, 너굴 쇼핑 스페셜 상품 (섬에 살거나 스튜디오에서 아미보로 초대한 주민들)",주황색,보라색,구매가능,No,1x1
바야시코프의 포스터,10485,Buck's poster,https://acnhcdn.com/latest/FtrIcon/PosterNpcNmlHrs00.png,1000,250,너굴 쇼핑 - 포스터,"파니의 섬 방문 후, 너굴 쇼핑 스페셜 상품 (섬에 살거나 스튜디오에서 아미보로 초대한 주민들)",초록색,갈색,구매가능,No,1x1
선글의 포스터,10398,Bud's poster,https://acnhcdn.com/latest/FtrIcon/PosterNpcNmlLon00.png,1000,250,너굴 쇼핑 - 포스터,"파니의 섬 방문 후, 너굴 쇼핑 스페셜 상품 (섬에 살거나 스튜디오에서 아미보로 초대한 주민들)",갈색,하늘색,구매가능,No,1x1
릴리안의 포스터,10316,Bunnie's poster,https://acnhcdn.com/latest/FtrIcon/PosterNpcNmlRbt00.png,1000,250,너굴 쇼핑 - 포스터,"파니의 섬 방문 후, 너굴 쇼핑 스페셜 상품 (섬에 살거나 스튜디오에서 아미보로 초대한 주민들)",빨간색,베이지색,구매가능,No,1x1
존의 포스터,10385,Butch's poster,https://acnhcdn.com/latest/FtrIcon/PosterNpcNmlDog01.png,1000,250,너굴 쇼핑 - 포스터,"파니의 섬 방문 후, 너굴 쇼핑 스페셜 상품 (섬에 살거나 스튜디오에서 아미보로 초대한 주민들)",갈색,초록색,구매가능,No,1x1
근엄의 포스터,10648,Buzz's poster,https://acnhcdn.com/latest/FtrIcon/PosterNpcNmlPbr03.png,1000,250,너굴 쇼핑 - 포스터,"파니의 섬 방문 후, 너굴 쇼핑 스페셜 상품 (섬에 살거나 스튜디오에서 아미보로 초대한 주민들)",갈색,하늘색,구매가능,No,1x1
파슬리의 포스터,10600,Cally's poster,https://acnhcdn.com/latest/FtrIcon/PosterNpcNmlSqu11.png,1000,250,너굴 쇼핑 - 포스터,"파니의 섬 방문 후, 너굴 쇼핑 스페셜 상품 (섬에 살거나 스튜디오에서 아미보로 초대한 주민들)",베이지색,빨간색,구매가능,No,1x1
충성의 포스터,10412,Camofrog's poster,https://acnhcdn.com/latest/FtrIcon/PosterNpcNmlFlg03.png,1000,250,너굴 쇼핑 - 포스터,"파니의 섬 방문 후, 너굴 쇼핑 스페셜 상품 (섬에 살거나 스튜디오에서 아미보로 초대한 주민들)",초록색,갈색,구매가능,No,1x1
캔버라의 포스터,10451,Canberra's poster,https://acnhcdn.com/latest/FtrIcon/PosterNpcNmlKal08.png,1000,250,너굴 쇼핑 - 포스터,"파니의 섬 방문 후, 너굴 쇼핑 스페셜 상품 (섬에 살거나 스튜디오에서 아미보로 초대한 주민들)",주황색,하늘색,구매가능,No,1x1
사탕의 포스터,10637,Candi's poster,https://acnhcdn.com/latest/FtrIcon/PosterNpcNmlMus08.png,1000,250,너굴 쇼핑 - 포스터,"파니의 섬 방문 후, 너굴 쇼핑 스페셜 상품 (섬에 살거나 스튜디오에서 아미보로 초대한 주민들)",분홍색,노란색,구매가능,No,1x1
초코의 포스터,10374,Carmen's poster,https://acnhcdn.com/latest/FtrIcon/PosterNpcNmlRbt16.png,1000,250,너굴 쇼핑 - 포스터,"파니의 섬 방문 후, 너굴 쇼핑 스페셜 상품 (섬에 살거나 스튜디오에서 아미보로 초대한 주민들)",갈색,초록색,구매가능,No,1x1
캐롤라인의 포스터,10507,Caroline's poster,https://acnhcdn.com/latest/FtrIcon/PosterNpcNmlSqu06.png,1000,250,너굴 쇼핑 - 포스터,"파니의 섬 방문 후, 너굴 쇼핑 스페셜 상품 (섬에 살거나 스튜디오에서 아미보로 초대한 주민들)",빨간색,파란색,구매가능,No,1x1
마미의 포스터,10615,Carrie's poster,https://acnhcdn.com/latest/FtrIcon/PosterNpcNmlKgr02.png,1000,250,너굴 쇼핑 - 포스터,"파니의 섬 방문 후, 너굴 쇼핑 스페셜 상품 (섬에 살거나 스튜디오에서 아미보로 초대한 주민들)",주황색,빨간색,구매가능,No,1x1
캐시미어의 포스터,10640,Cashmere's poster,https://acnhcdn.com/latest/FtrIcon/PosterNpcNmlShp04.png,1000,250,너굴 쇼핑 - 포스터,"파니의 섬 방문 후, 너굴 쇼핑 스페셜 상품 (섬에 살거나 스튜디오에서 아미보로 초대한 주민들)",하얀색,보라색,구매가능,No,1x1
부옥의 포스터,10334,Celeste's poster,https://acnhcdn.com/latest/FtrIcon/PosterNpcSpOws.png,1000,250,너굴 쇼핑 - 포스터,"파니의 섬 방문 후, 너굴 쇼핑 스페셜 상품 (섬에 살거나 스튜디오에서 아미보로 초대한 주민들)",갈색,파란색,구매가능,No,1x1
티파니의 포스터,10568,Celia's poster,https://acnhcdn.com/latest/FtrIcon/PosterNpcNmlPbr09.png,1000,250,너굴 쇼핑 - 포스터,"파니의 섬 방문 후, 너굴 쇼핑 스페셜 상품 (섬에 살거나 스튜디오에서 아미보로 초대한 주민들)",하얀색,초록색,구매가능,No,1x1
앨런의 포스터,10373,Cesar's poster,https://acnhcdn.com/latest/FtrIcon/PosterNpcNmlGor00.png,1000,250,너굴 쇼핑 - 포스터,"파니의 섬 방문 후, 너굴 쇼핑 스페셜 상품 (섬에 살거나 스튜디오에서 아미보로 초대한 주민들)",베이지색,주황색,구매가능,No,1x1
치즈의 포스터,10501,Chadder's poster,https://acnhcdn.com/latest/FtrIcon/PosterNpcNmlMus18.png,1000,250,너굴 쇼핑 - 포스터,"파니의 섬 방문 후, 너굴 쇼핑 스페셜 상품 (섬에 살거나 스튜디오에서 아미보로 초대한 주민들)",노란색,파란색,구매가능,No,1x1
챠미의 포스터,10778,Charlise's poster,https://acnhcdn.com/latest/FtrIcon/PosterNpcNmlBea12.png,1000,250,너굴 쇼핑 - 포스터,"파니의 섬 방문 후, 너굴 쇼핑 스페셜 상품 (섬에 살거나 스튜디오에서 아미보로 초대한 주민들)",초록색,빨간색,구매가능,No,1x1
아세로라의 포스터,10570,Cheri's poster,https://acnhcdn.com/latest/FtrIcon/PosterNpcNmlCbr10.png,1000,250,너굴 쇼핑 - 포스터,"파니의 섬 방문 후, 너굴 쇼핑 스페셜 상품 (섬에 살거나 스튜디오에서 아미보로 초대한 주민들)",빨간색,파란색,구매가능,No,1x1
한나의 포스터,10689,Cherry's poster,https://acnhcdn.com/latest/FtrIcon/PosterNpcNmlDog17.png,1000,250,너굴 쇼핑 - 포스터,"파니의 섬 방문 후, 너굴 쇼핑 스페셜 상품 (섬에 살거나 스튜디오에서 아미보로 초대한 주민들)",빨간색,검정색,구매가능,No,1x1
팬타의 포스터,10468,Chester's poster,https://acnhcdn.com/latest/FtrIcon/PosterNpcNmlCbr15.png,1000,250,너굴 쇼핑 - 포스터,"파니의 섬 방문 후, 너굴 쇼핑 스페셜 상품 (섬에 살거나 스튜디오에서 아미보로 초대한 주민들)",하얀색,노란색,구매가능,No,1x1
윤이의 포스터,10461,Chevre's poster,https://acnhcdn.com/latest/FtrIcon/PosterNpcNmlGoa00.png,1000,250,너굴 쇼핑 - 포스터,"파니의 섬 방문 후, 너굴 쇼핑 스페셜 상품 (섬에 살거나 스튜디오에서 아미보로 초대한 주민들)",하얀색,빨간색,구매가능,No,1x1
대장의 포스터,10315,Chief's poster,https://acnhcdn.com/latest/FtrIcon/PosterNpcNmlWol00.png,1000,250,너굴 쇼핑 - 포스터,"파니의 섬 방문 후, 너굴 쇼핑 스페셜 상품 (섬에 살거나 스튜디오에서 아미보로 초대한 주민들)",주황색,베이지색,구매가능,No,1x1
뚱달의 포스터,10345,Chip's poster,https://acnhcdn.com/latest/FtrIcon/PosterNpcSpBev.png,1000,250,너굴 쇼핑 - 포스터,"파니의 섬 방문 후, 너굴 쇼핑 스페셜 상품 (스튜디오에 아미보 카드로 초대)",파란색,베이지색,구매가능,No,1x1
돈후앙의 포스터,10414,Chops's poster,https://acnhcdn.com/latest/FtrIcon/PosterNpcNmlPig14.png,1000,250,너굴 쇼핑 - 포스터,"파니의 섬 방문 후, 너굴 쇼핑 스페셜 상품 (섬에 살거나 스튜디오에서 아미보로 초대한 주민들)",베이지색,빨간색,구매가능,No,1x1
츄양의 포스터,10803,Chow's poster,https://acnhcdn.com/latest/FtrIcon/PosterNpcNmlBea03.png,1000,250,너굴 쇼핑 - 포스터,"파니의 섬 방문 후, 너굴 쇼핑 스페셜 상품 (섬에 살거나 스튜디오에서 아미보로 초대한 주민들)",분홍색,검정색,구매가능,No,1x1
크리스틴의 포스터,10515,Chrissy's poster,https://acnhcdn.com/latest/FtrIcon/PosterNpcNmlRbt13.png,1000,250,너굴 쇼핑 - 포스터,"파니의 섬 방문 후, 너굴 쇼핑 스페셜 상품 (섬에 살거나 스튜디오에서 아미보로 초대한 주민들)",분홍색,보라색,구매가능,No,1x1
시나모롤 포스터,11124,Cinnamoroll poster,https://acnhcdn.com/latest/FtrIcon/PosterNpcNmlElp11.png,1000,250,너굴 쇼핑 - 포스터,"파니의 섬 방문 후, 너굴 쇼핑 스페셜 상품 (섬에 살거나 스튜디오에서 아미보로 초대한 주민들)",하늘색,하늘색,구매가능,No,1x1
비니거의 포스터,10628,Claude's poster,https://acnhcdn.com/latest/FtrIcon/PosterNpcNmlRbt11.png,1000,250,너굴 쇼핑 - 포스터,"파니의 섬 방문 후, 너굴 쇼핑 스페셜 상품 (섬에 살거나 스튜디오에서 아미보로 초대한 주민들)",갈색,베이지색,구매가능,No,1x1
신디의 포스터,10504,Claudia's poster,https://acnhcdn.com/latest/FtrIcon/PosterNpcNmlTig05.png,1000,250,너굴 쇼핑 - 포스터,"파니의 섬 방문 후, 너굴 쇼핑 스페셜 상품 (섬에 살거나 스튜디오에서 아미보로 초대한 주민들)",분홍색,하얀색,구매가능,No,1x1
햄둥의 포스터,10317,Clay's poster,https://acnhcdn.com/latest/FtrIcon/PosterNpcNmlHam05.png,1000,250,너굴 쇼핑 - 포스터,"파니의 섬 방문 후, 너굴 쇼핑 스페셜 상품 (섬에 살거나 스튜디오에서 아미보로 초대한 주민들)",갈색,검정색,구매가능,No,1x1
아이소토프의 포스터,10649,Cleo's poster,https://acnhcdn.com/latest/FtrIcon/PosterNpcNmlHrs07.png,1000,250,너굴 쇼핑 - 포스터,"파니의 섬 방문 후, 너굴 쇼핑 스페셜 상품 (섬에 살거나 스튜디오에서 아미보로 초대한 주민들)",보라색,하늘색,구매가능,No,1x1
마철이의 포스터,10680,Clyde's poster,https://acnhcdn.com/latest/FtrIcon/PosterNpcNmlHrs10.png,1000,250,너굴 쇼핑 - 포스터,"파니의 섬 방문 후, 너굴 쇼핑 스페셜 상품 (섬에 살거나 스튜디오에서 아미보로 초대한 주민들)",노란색,분홍색,구매가능,No,1x1
철소의 포스터,10356,Coach's poster,https://acnhcdn.com/latest/FtrIcon/PosterNpcNmlBul07.png,1000,250,너굴 쇼핑 - 포스터,"파니의 섬 방문 후, 너굴 쇼핑 스페셜 상품 (섬에 살거나 스튜디오에서 아미보로 초대한 주민들)",노란색,파란색,구매가능,No,1x1
박사의 포스터,10686,Cobb's poster,https://acnhcdn.com/latest/FtrIcon/PosterNpcNmlPig08.png,1000,250,너굴 쇼핑 - 포스터,"파니의 섬 방문 후, 너굴 쇼핑 스페셜 상품 (섬에 살거나 스튜디오에서 아미보로 초대한 주민들)",초록색,하얀색,구매가능,No,1x1
이요의 포스터,10379,Coco's poster,https://acnhcdn.com/latest/FtrIcon/PosterNpcNmlRbt02.png,1000,250,너굴 쇼핑 - 포스터,"파니의 섬 방문 후, 너굴 쇼핑 스페셜 상품 (섬에 살거나 스튜디오에서 아미보로 초대한 주민들)",베이지색,갈색,구매가능,No,1x1
아마민의 포스터,10326,Cole's poster,https://acnhcdn.com/latest/FtrIcon/PosterNpcNmlRbt18.png,1000,250,너굴 쇼핑 - 포스터,"파니의 섬 방문 후, 너굴 쇼핑 스페셜 상품 (섬에 살거나 스튜디오에서 아미보로 초대한 주민들)",검정색,노란색,구매가능,No,1x1
안소니의 포스터,10452,Colton's poster,https://acnhcdn.com/latest/FtrIcon/PosterNpcNmlHrs11.png,1000,250,너굴 쇼핑 - 포스터,"파니의 섬 방문 후, 너굴 쇼핑 스페셜 상품 (섬에 살거나 스튜디오에서 아미보로 초대한 주민들)",하얀색,컬러풀,구매가능,No,1x1
베리의 포스터,10367,Cookie's poster,https://acnhcdn.com/latest/FtrIcon/PosterNpcNmlDog08.png,1000,250,너굴 쇼핑 - 포스터,"파니의 섬 방문 후, 너굴 쇼핑 스페셜 상품 (섬에 살거나 스튜디오에서 아미보로 초대한 주민들)",분홍색,보라색,구매가능,No,1x1
경찰관의 포스터,10335,Copper's poster,https://acnhcdn.com/latest/FtrIcon/PosterNpcSpDga.png,1000,250,너굴 쇼핑 - 포스터,"파니의 섬 방문 후, 너굴 쇼핑 스페셜 상품 (스튜디오에 아미보 카드로 초대)",주황색,파란색,구매가능,No,1x1
왕서방의 포스터,10448,Cousteau's poster,https://acnhcdn.com/latest/FtrIcon/PosterNpcNmlFlg10.png,1000,250,너굴 쇼핑 - 포스터,"파니의 섬 방문 후, 너굴 쇼핑 스페셜 상품 (섬에 살거나 스튜디오에서 아미보로 초대한 주민들)",주황색,초록색,구매가능,No,1x1
타키의 포스터,10597,Cranston's poster,https://acnhcdn.com/latest/FtrIcon/PosterNpcNmlOst06.png,1000,250,너굴 쇼핑 - 포스터,"파니의 섬 방문 후, 너굴 쇼핑 스페셜 상품 (섬에 살거나 스튜디오에서 아미보로 초대한 주민들)",하얀색,빨간색,구매가능,No,1x1
투투의 포스터,10536,Croque's poster,https://acnhcdn.com/latest/FtrIcon/PosterNpcNmlFlg17.png,1000,250,너굴 쇼핑 - 포스터,"파니의 섬 방문 후, 너굴 쇼핑 스페셜 상품 (섬에 살거나 스튜디오에서 아미보로 초대한 주민들)",주황색,빨간색,구매가능,No,1x1
빙수의 포스터,10503,Cube's poster,https://acnhcdn.com/latest/FtrIcon/PosterNpcNmlPgn02.png,1000,250,너굴 쇼핑 - 포스터,"파니의 섬 방문 후, 너굴 쇼핑 스페셜 상품 (섬에 살거나 스튜디오에서 아미보로 초대한 주민들)",검정색,노란색,구매가능,No,1x1
카를로스의 포스터,10488,Curlos's poster,https://acnhcdn.com/latest/FtrIcon/PosterNpcNmlShp08.png,1000,250,너굴 쇼핑 - 포스터,"파니의 섬 방문 후, 너굴 쇼핑 스페셜 상품 (섬에 살거나 스튜디오에서 아미보로 초대한 주민들)",갈색,노란색,구매가능,No,1x1
햄까스의 포스터,10505,Curly's poster,https://acnhcdn.com/latest/FtrIcon/PosterNpcNmlPig00.png,1000,250,너굴 쇼핑 - 포스터,"파니의 섬 방문 후, 너굴 쇼핑 스페셜 상품 (섬에 살거나 스튜디오에서 아미보로 초대한 주민들)",분홍색,초록색,구매가능,No,1x1
뚝심의 포스터,10799,Curt's poster,https://acnhcdn.com/latest/FtrIcon/PosterNpcNmlBea02.png,1000,250,너굴 쇼핑 - 포스터,"파니의 섬 방문 후, 너굴 쇼핑 스페셜 상품 (섬에 살거나 스튜디오에서 아미보로 초대한 주민들)",회색,갈색,구매가능,No,1x1
펑크스의 포스터,10862,Cyd's poster,https://acnhcdn.com/latest/FtrIcon/PosterNpcNmlElp12.png,1000,250,너굴 쇼핑 - 포스터,"파니의 섬 방문 후, 너굴 쇼핑 스페셜 상품 (섬에 살거나 스튜디오에서 아미보로 초대한 주민들)",빨간색,검정색,구매가능,No,1x1
사지마의 포스터,10323,Cyrano's poster,https://acnhcdn.com/latest/FtrIcon/PosterNpcNmlAnt00.png,1000,250,너굴 쇼핑 - 포스터,"파니의 섬 방문 후, 너굴 쇼핑 스페셜 상품 (섬에 살거나 스튜디오에서 아미보로 초대한 주민들)",주황색,하얀색,구매가능,No,1x1
리포의 포스터,10435,Cyrus's poster,https://acnhcdn.com/latest/FtrIcon/PosterNpcSpAlp.png,1000,250,너굴 쇼핑 - 포스터,"파니의 섬 방문 후, 너굴 쇼핑 스페셜 상품 (스튜디오에 아미보 카드로 초대)",하늘색,분홍색,구매가능,No,1x1
바닐라의 포스터,10474,Daisy's poster,https://acnhcdn.com/latest/FtrIcon/PosterNpcNmlDog07.png,1000,250,너굴 쇼핑 - 포스터,"파니의 섬 방문 후, 너굴 쇼핑 스페셜 상품 (섬에 살거나 스튜디오에서 아미보로 초대한 주민들)",하얀색,베이지색,구매가능,No,1x1
마리모의 포스터,10670,Deena's poster,https://acnhcdn.com/latest/FtrIcon/PosterNpcNmlDuk04.png,1000,250,너굴 쇼핑 - 포스터,"파니의 섬 방문 후, 너굴 쇼핑 스페셜 상품 (섬에 살거나 스튜디오에서 아미보로 초대한 주민들)",갈색,베이지색,구매가능,No,1x1
나디아의 포스터,10459,Deirdre's poster,https://acnhcdn.com/latest/FtrIcon/PosterNpcNmlDer04.png,1000,250,너굴 쇼핑 - 포스터,"파니의 섬 방문 후, 너굴 쇼핑 스페셜 상품 (섬에 살거나 스튜디오에서 아미보로 초대한 주민들)",베이지색,빨간색,구매가능,No,1x1
파도맨의 포스터,10444,Del's poster,https://acnhcdn.com/latest/FtrIcon/PosterNpcNmlCrd04.png,1000,250,너굴 쇼핑 - 포스터,"파니의 섬 방문 후, 너굴 쇼핑 스페셜 상품 (섬에 살거나 스튜디오에서 아미보로 초대한 주민들)",검정색,파란색,구매가능,No,1x1
델리의 포스터,10654,Deli's poster,https://acnhcdn.com/latest/FtrIcon/PosterNpcNmlMnk08.png,1000,250,너굴 쇼핑 - 포스터,"파니의 섬 방문 후, 너굴 쇼핑 스페셜 상품 (섬에 살거나 스튜디오에서 아미보로 초대한 주민들)",베이지색,갈색,구매가능,No,1x1
봉의 포스터,10513,Derwin's poster,https://acnhcdn.com/latest/FtrIcon/PosterNpcNmlDuk08.png,1000,250,너굴 쇼핑 - 포스터,"파니의 섬 방문 후, 너굴 쇼핑 스페셜 상품 (섬에 살거나 스튜디오에서 아미보로 초대한 주민들)",파란색,분홍색,구매가능,No,1x1
나탈리의 포스터,10318,Diana's poster,https://acnhcdn.com/latest/FtrIcon/PosterNpcNmlDer08.png,1000,250,너굴 쇼핑 - 포스터,"파니의 섬 방문 후, 너굴 쇼핑 스페셜 상품 (섬에 살거나 스튜디오에서 아미보로 초대한 주민들)",분홍색,보라색,구매가능,No,1x1
켄트의 포스터,10438,Digby's poster,https://acnhcdn.com/latest/FtrIcon/PosterNpcSpSzo.png,1000,250,너굴 쇼핑 - 포스터,"파니의 섬 방문 후, 너굴 쇼핑 스페셜 상품 (스튜디오에 아미보 카드로 초대)",갈색,빨간색,구매가능,No,1x1
아이다의 포스터,10473,Diva's poster,https://acnhcdn.com/latest/FtrIcon/PosterNpcNmlFlg18.png,1000,250,너굴 쇼핑 - 포스터,"파니의 섬 방문 후, 너굴 쇼핑 스페셜 상품 (섬에 살거나 스튜디오에서 아미보로 초대한 주민들)",보라색,노란색,구매가능,No,1x1
휴지의 포스터,10532,Dizzy's poster,https://acnhcdn.com/latest/FtrIcon/PosterNpcNmlElp01.png,1000,250,너굴 쇼핑 - 포스터,"파니의 섬 방문 후, 너굴 쇼핑 스페셜 상품 (섬에 살거나 스튜디오에서 아미보로 초대한 주민들)",회색,하늘색,구매가능,No,1x1
DJ K.K.의 포스터,10776,DJ KK's poster,https://acnhcdn.com/latest/FtrIcon/PosterNpcSpTkkB.png,1000,250,너굴 쇼핑 - 포스터,"파니의 섬 방문 후, 너굴 쇼핑 스페셜 상품 (스튜디오에 아미보 카드로 초대)",하얀색,검정색,구매가능,No,1x1
켄의 포스터,10647,Dobie's poster,https://acnhcdn.com/latest/FtrIcon/PosterNpcNmlWol04.png,1000,250,너굴 쇼핑 - 포스터,"파니의 섬 방문 후, 너굴 쇼핑 스페셜 상품 (섬에 살거나 스튜디오에서 아미보로 초대한 주민들)",초록색,파란색,구매가능,No,1x1
토니의 포스터,10576,Doc's poster,https://acnhcdn.com/latest/FtrIcon/PosterNpcNmlRbt10.png,1000,250,너굴 쇼핑 - 포스터,"파니의 섬 방문 후, 너굴 쇼핑 스페셜 상품 (섬에 살거나 스튜디오에서 아미보로 초대한 주민들)",파란색,검정색,구매가능,No,1x1
차둘의 포스터,10864,Dom's poster,https://acnhcdn.com/latest/FtrIcon/PosterNpcNmlShp15.png,1000,250,너굴 쇼핑 - 포스터,"파니의 섬 방문 후, 너굴 쇼핑 스페셜 상품 (섬에 살거나 스튜디오에서 아미보로 초대한 주민들)",베이지색,컬러풀,구매가능,No,1x1
오루묵씨의 포스터,10342,Don's poster,https://acnhcdn.com/latest/FtrIcon/PosterNpcSpMob.png,1000,250,너굴 쇼핑 - 포스터,"파니의 섬 방문 후, 너굴 쇼핑 스페셜 상품 (스튜디오에 아미보 카드로 초대)",갈색,하늘색,구매가능,No,1x1
티미의 포스터,10495,Dora's poster,https://acnhcdn.com/latest/FtrIcon/PosterNpcNmlMus00.png,1000,250,너굴 쇼핑 - 포스터,"파니의 섬 방문 후, 너굴 쇼핑 스페셜 상품 (섬에 살거나 스튜디오에서 아미보로 초대한 주민들)",하얀색,초록색,구매가능,No,1x1
서머의 포스터,10541,Dotty's poster,https://acnhcdn.com/latest/FtrIcon/PosterNpcNmlRbt01.png,1000,250,너굴 쇼핑 - 포스터,"파니의 섬 방문 후, 너굴 쇼핑 스페셜 상품 (섬에 살거나 스튜디오에서 아미보로 초대한 주민들)",검정색,하얀색,구매가능,No,1x1
용남이의 포스터,10462,Drago's poster,https://acnhcdn.com/latest/FtrIcon/PosterNpcNmlCrd08.png,1000,250,너굴 쇼핑 - 포스터,"파니의 섬 방문 후, 너굴 쇼핑 스페셜 상품 (섬에 살거나 스튜디오에서 아미보로 초대한 주민들)",초록색,노란색,구매가능,No,1x1
푸아그라의 포스터,10410,Drake's poster,https://acnhcdn.com/latest/FtrIcon/PosterNpcNmlDuk09.png,1000,250,너굴 쇼핑 - 포스터,"파니의 섬 방문 후, 너굴 쇼핑 스페셜 상품 (섬에 살거나 스튜디오에서 아미보로 초대한 주민들)",초록색,갈색,구매가능,No,1x1
덕의 포스터,10417,Drift's poster,https://acnhcdn.com/latest/FtrIcon/PosterNpcNmlFlg04.png,1000,250,너굴 쇼핑 - 포스터,"파니의 섬 방문 후, 너굴 쇼핑 스페셜 상품 (섬에 살거나 스튜디오에서 아미보로 초대한 주민들)",빨간색,초록색,구매가능,No,1x1
꺼벙의 포스터,10392,Ed's poster,https://acnhcdn.com/latest/FtrIcon/PosterNpcNmlHrs06.png,1000,250,너굴 쇼핑 - 포스터,"파니의 섬 방문 후, 너굴 쇼핑 스페셜 상품 (섬에 살거나 스튜디오에서 아미보로 초대한 주민들)",하늘색,검정색,구매가능,No,1x1
김희의 포스터,10366,Egbert's poster,https://acnhcdn.com/latest/FtrIcon/PosterNpcNmlChn02.png,1000,250,너굴 쇼핑 - 포스터,"파니의 섬 방문 후, 너굴 쇼핑 스페셜 상품 (섬에 살거나 스튜디오에서 아미보로 초대한 주민들)",노란색,파란색,구매가능,No,1x1
몽자의 포스터,10558,Elise's poster,https://acnhcdn.com/latest/FtrIcon/PosterNpcNmlMnk05.png,1000,250,너굴 쇼핑 - 포스터,"파니의 섬 방문 후, 너굴 쇼핑 스페셜 상품 (섬에 살거나 스튜디오에서 아미보로 초대한 주민들)",베이지색,보라색,구매가능,No,1x1
에끌레르의 포스터,10633,Ellie's poster,https://acnhcdn.com/latest/FtrIcon/PosterNpcNmlElp07.png,1000,250,너굴 쇼핑 - 포스터,"파니의 섬 방문 후, 너굴 쇼핑 스페셜 상품 (섬에 살거나 스튜디오에서 아미보로 초대한 주민들)",베이지색,빨간색,구매가능,No,1x1
샤브렌의 포스터,10555,Elmer's poster,https://acnhcdn.com/latest/FtrIcon/PosterNpcNmlHrs03.png,1000,250,너굴 쇼핑 - 포스터,"파니의 섬 방문 후, 너굴 쇼핑 스페셜 상품 (섬에 살거나 스튜디오에서 아미보로 초대한 주민들)",갈색,초록색,구매가능,No,1x1
엘레핀의 포스터,10464,Eloise's poster,https://acnhcdn.com/latest/FtrIcon/PosterNpcNmlElp03.png,1000,250,너굴 쇼핑 - 포스터,"파니의 섬 방문 후, 너굴 쇼핑 스페셜 상품 (섬에 살거나 스튜디오에서 아미보로 초대한 주민들)",노란색,빨간색,구매가능,No,1x1
킹의 포스터,10450,Elvis's poster,https://acnhcdn.com/latest/FtrIcon/PosterNpcNmlLon01.png,1000,250,너굴 쇼핑 - 포스터,"파니의 섬 방문 후, 너굴 쇼핑 스페셜 상품 (섬에 살거나 스튜디오에서 아미보로 초대한 주민들)",노란색,빨간색,구매가능,No,1x1
자끄의 포스터,10540,Erik's poster,https://acnhcdn.com/latest/FtrIcon/PosterNpcNmlDer09.png,1000,250,너굴 쇼핑 - 포스터,"파니의 섬 방문 후, 너굴 쇼핑 스페셜 상품 (섬에 살거나 스튜디오에서 아미보로 초대한 주민들)",갈색,파란색,구매가능,No,1x1
코알의 포스터,10692,Eugene's poster,https://acnhcdn.com/latest/FtrIcon/PosterNpcNmlKal10.png,1000,250,너굴 쇼핑 - 포스터,"파니의 섬 방문 후, 너굴 쇼핑 스페셜 상품 (섬에 살거나 스튜디오에서 아미보로 초대한 주민들)",갈색,검정색,구매가능,No,1x1
곱슬이의 포스터,10693,Eunice's poster,https://acnhcdn.com/latest/FtrIcon/PosterNpcNmlShp02.png,1000,250,너굴 쇼핑 - 포스터,"파니의 섬 방문 후, 너굴 쇼핑 스페셜 상품 (섬에 살거나 스튜디오에서 아미보로 초대한 주민들)",검정색,베이지색,구매가능,No,1x1
시베리아의 포스터,10544,Fang's poster,https://acnhcdn.com/latest/FtrIcon/PosterNpcNmlWol06.png,1000,250,너굴 쇼핑 - 포스터,"파니의 섬 방문 후, 너굴 쇼핑 스페셜 상품 (섬에 살거나 스튜디오에서 아미보로 초대한 주민들)",베이지색,하늘색,구매가능,No,1x1
솔미의 포스터,10530,Fauna's poster,https://acnhcdn.com/latest/FtrIcon/PosterNpcNmlDer00.png,1000,250,너굴 쇼핑 - 포스터,"파니의 섬 방문 후, 너굴 쇼핑 스페셜 상품 (섬에 살거나 스튜디오에서 아미보로 초대한 주민들)",갈색,하늘색,구매가능,No,1x1
예링의 포스터,10348,Felicity's poster,https://acnhcdn.com/latest/FtrIcon/PosterNpcNmlCat17.png,1000,250,너굴 쇼핑 - 포스터,"파니의 섬 방문 후, 너굴 쇼핑 스페셜 상품 (섬에 살거나 스튜디오에서 아미보로 초대한 주민들)",베이지색,초록색,구매가능,No,1x1
리키의 포스터,10394,Filbert's poster,https://acnhcdn.com/latest/FtrIcon/PosterNpcNmlSqu02.png,1000,250,너굴 쇼핑 - 포스터,"파니의 섬 방문 후, 너굴 쇼핑 스페셜 상품 (섬에 살거나 스튜디오에서 아미보로 초대한 주민들)",하늘색,파란색,구매가능,No,1x1
원승의 포스터,10406,Flip's poster,https://acnhcdn.com/latest/FtrIcon/PosterNpcNmlMnk06.png,1000,250,너굴 쇼핑 - 포스터,"파니의 섬 방문 후, 너굴 쇼핑 스페셜 상품 (섬에 살거나 스튜디오에서 아미보로 초대한 주민들)",주황색,파란색,구매가능,No,1x1
레이라의 포스터,10685,Flo's poster,https://acnhcdn.com/latest/FtrIcon/PosterNpcNmlPgn13.png,1000,250,너굴 쇼핑 - 포스터,"파니의 섬 방문 후, 너굴 쇼핑 스페셜 상품 (섬에 살거나 스튜디오에서 아미보로 초대한 주민들)",파란색,빨간색,구매가능,No,1x1
플라라의 포스터,10490,Flora's poster,https://acnhcdn.com/latest/FtrIcon/PosterNpcNmlOst09.png,1000,250,너굴 쇼핑 - 포스터,"파니의 섬 방문 후, 너굴 쇼핑 스페셜 상품 (섬에 살거나 스튜디오에서 아미보로 초대한 주민들)",분홍색,노란색,구매가능,No,1x1
뽀야미의 포스터,10679,Flurry's poster,https://acnhcdn.com/latest/FtrIcon/PosterNpcNmlHam06.png,1000,250,너굴 쇼핑 - 포스터,"파니의 섬 방문 후, 너굴 쇼핑 스페셜 상품 (섬에 살거나 스튜디오에서 아미보로 초대한 주민들)",하얀색,빨간색,구매가능,No,1x1
프랑소와의 포스터,10514,Francine's poster,https://acnhcdn.com/latest/FtrIcon/PosterNpcNmlRbt12.png,1000,250,너굴 쇼핑 - 포스터,"파니의 섬 방문 후, 너굴 쇼핑 스페셜 상품 (섬에 살거나 스튜디오에서 아미보로 초대한 주민들)",하늘색,보라색,구매가능,No,1x1
헐크의 포스터,10500,Frank's poster,https://acnhcdn.com/latest/FtrIcon/PosterNpcNmlPbr06.png,1000,250,너굴 쇼핑 - 포스터,"파니의 섬 방문 후, 너굴 쇼핑 스페셜 상품 (섬에 살거나 스튜디오에서 아미보로 초대한 주민들)",초록색,노란색,구매가능,No,1x1
프랭클린의 포스터,10781,Franklin's poster,https://acnhcdn.com/latest/FtrIcon/PosterNpcSpTuk.png,1000,250,너굴 쇼핑 - 포스터,"파니의 섬 방문 후, 너굴 쇼핑 스페셜 상품 (스튜디오에 아미보 카드로 초대)",분홍색,보라색,구매가능,No,1x1
다랑어의 포스터,10455,Freckles's poster,https://acnhcdn.com/latest/FtrIcon/PosterNpcNmlDuk07.png,1000,250,너굴 쇼핑 - 포스터,"파니의 섬 방문 후, 너굴 쇼핑 스페셜 상품 (섬에 살거나 스튜디오에서 아미보로 초대한 주민들)",빨간색,노란색,구매가능,No,1x1
산드라의 포스터,10424,Freya's poster,https://acnhcdn.com/latest/FtrIcon/PosterNpcNmlWol05.png,1000,250,너굴 쇼핑 - 포스터,"파니의 섬 방문 후, 너굴 쇼핑 스페셜 상품 (섬에 살거나 스튜디오에서 아미보로 초대한 주민들)",분홍색,갈색,구매가능,No,1x1
사브리나의 포스터,10457,Friga's poster,https://acnhcdn.com/latest/FtrIcon/PosterNpcNmlPgn04.png,1000,250,너굴 쇼핑 - 포스터,"파니의 섬 방문 후, 너굴 쇼핑 스페셜 상품 (섬에 살거나 스튜디오에서 아미보로 초대한 주민들)",파란색,하얀색,구매가능,No,1x1
웬디의 포스터,10545,Frita's poster,https://acnhcdn.com/latest/FtrIcon/PosterNpcNmlShp11.png,1000,250,너굴 쇼핑 - 포스터,"파니의 섬 방문 후, 너굴 쇼핑 스페셜 상품 (섬에 살거나 스튜디오에서 아미보로 초대한 주민들)",노란색,빨간색,구매가능,No,1x1
구리구리의 포스터,10598,Frobert's poster,https://acnhcdn.com/latest/FtrIcon/PosterNpcNmlFlg02.png,1000,250,너굴 쇼핑 - 포스터,"파니의 섬 방문 후, 너굴 쇼핑 스페셜 상품 (섬에 살거나 스튜디오에서 아미보로 초대한 주민들)",초록색,초록색,구매가능,No,1x1
제시카의 포스터,10352,Fuchsia's poster,https://acnhcdn.com/latest/FtrIcon/PosterNpcNmlDer06.png,1000,250,너굴 쇼핑 - 포스터,"파니의 섬 방문 후, 너굴 쇼핑 스페셜 상품 (섬에 살거나 스튜디오에서 아미보로 초대한 주민들)",보라색,보라색,구매가능,No,1x1
패티카의 포스터,10386,Gabi's poster,https://acnhcdn.com/latest/FtrIcon/PosterNpcNmlRbt05.png,1000,250,너굴 쇼핑 - 포스터,"파니의 섬 방문 후, 너굴 쇼핑 스페셜 상품 (섬에 살거나 스튜디오에서 아미보로 초대한 주민들)",하얀색,빨간색,구매가능,No,1x1
꽃지의 포스터,10482,Gala's poster,https://acnhcdn.com/latest/FtrIcon/PosterNpcNmlPig13.png,1000,250,너굴 쇼핑 - 포스터,"파니의 섬 방문 후, 너굴 쇼핑 스페셜 상품 (섬에 살거나 스튜디오에서 아미보로 초대한 주민들)",분홍색,하늘색,구매가능,No,1x1
대길의 포스터,10479,Gaston's poster,https://acnhcdn.com/latest/FtrIcon/PosterNpcNmlRbt04.png,1000,250,너굴 쇼핑 - 포스터,"파니의 섬 방문 후, 너굴 쇼핑 스페셜 상품 (섬에 살거나 스튜디오에서 아미보로 초대한 주민들)",노란색,검정색,구매가능,No,1x1
앨리의 포스터,10596,Gayle's poster,https://acnhcdn.com/latest/FtrIcon/PosterNpcNmlCrd07.png,1000,250,너굴 쇼핑 - 포스터,"파니의 섬 방문 후, 너굴 쇼핑 스페셜 상품 (섬에 살거나 스튜디오에서 아미보로 초대한 주민들)",분홍색,분홍색,구매가능,No,1x1
토시의 포스터,10469,Genji's poster,https://acnhcdn.com/latest/FtrIcon/PosterNpcNmlRbt08.png,1000,250,너굴 쇼핑 - 포스터,"파니의 섬 방문 후, 너굴 쇼핑 스페셜 상품 (섬에 살거나 스튜디오에서 아미보로 초대한 주민들)",하얀색,갈색,구매가능,No,1x1
린다의 포스터,10657,Gigi's poster,https://acnhcdn.com/latest/FtrIcon/PosterNpcNmlFlg16.png,1000,250,너굴 쇼핑 - 포스터,"파니의 섬 방문 후, 너굴 쇼핑 스페셜 상품 (섬에 살거나 스튜디오에서 아미보로 초대한 주민들)",보라색,검정색,구매가능,No,1x1
빅토리아의 포스터,10422,Gladys's poster,https://acnhcdn.com/latest/FtrIcon/PosterNpcNmlOst01.png,1000,250,너굴 쇼핑 - 포스터,"파니의 섬 방문 후, 너굴 쇼핑 스페셜 상품 (섬에 살거나 스튜디오에서 아미보로 초대한 주민들)",검정색,빨간색,구매가능,No,1x1
마릴린의 포스터,10586,Gloria's poster,https://acnhcdn.com/latest/FtrIcon/PosterNpcNmlDuk15.png,1000,250,너굴 쇼핑 - 포스터,"파니의 섬 방문 후, 너굴 쇼핑 스페셜 상품 (섬에 살거나 스튜디오에서 아미보로 초대한 주민들)",보라색,검정색,구매가능,No,1x1
카라멜의 포스터,10523,Goldie's poster,https://acnhcdn.com/latest/FtrIcon/PosterNpcNmlDog00.png,1000,250,너굴 쇼핑 - 포스터,"파니의 섬 방문 후, 너굴 쇼핑 스페셜 상품 (섬에 살거나 스튜디오에서 아미보로 초대한 주민들)",노란색,갈색,구매가능,No,1x1
근성의 포스터,10643,Gonzo's poster,https://acnhcdn.com/latest/FtrIcon/PosterNpcNmlKal04.png,1000,250,너굴 쇼핑 - 포스터,"파니의 섬 방문 후, 너굴 쇼핑 스페셜 상품 (섬에 살거나 스튜디오에서 아미보로 초대한 주민들)",회색,갈색,구매가능,No,1x1
건태의 포스터,10694,Goose's poster,https://acnhcdn.com/latest/FtrIcon/PosterNpcNmlChn00.png,1000,250,너굴 쇼핑 - 포스터,"파니의 섬 방문 후, 너굴 쇼핑 스페셜 상품 (섬에 살거나 스튜디오에서 아미보로 초대한 주민들)",하얀색,초록색,구매가능,No,1x1
그레이스의 포스터,10518,Gracie's poster,https://acnhcdn.com/latest/FtrIcon/PosterNpcSpGrf.png,1000,250,너굴 쇼핑 - 포스터,"파니의 섬 방문 후, 너굴 쇼핑 스페셜 상품 (스튜디오에 아미보 카드로 초대)",파란색,초록색,구매가능,No,1x1
글라햄의 포스터,10529,Graham's poster,https://acnhcdn.com/latest/FtrIcon/PosterNpcNmlHam02.png,1000,250,너굴 쇼핑 - 포스터,"파니의 섬 방문 후, 너굴 쇼핑 스페셜 상품 (섬에 살거나 스튜디오에서 아미보로 초대한 주민들)",노란색,검정색,구매가능,No,1x1
귀녀의 포스터,10436,Grams's poster,https://acnhcdn.com/latest/FtrIcon/PosterNpcSpKpg.png,1000,250,너굴 쇼핑 - 포스터,"파니의 섬 방문 후, 너굴 쇼핑 스페셜 상품 (스튜디오에 아미보 카드로 초대)",초록색,파란색,구매가능,No,1x1
복자의 포스터,10470,Greta's poster,https://acnhcdn.com/latest/FtrIcon/PosterNpcNmlMus16.png,1000,250,너굴 쇼핑 - 포스터,"파니의 섬 방문 후, 너굴 쇼핑 스페셜 상품 (섬에 살거나 스튜디오에서 아미보로 초대한 주민들)",베이지색,검정색,구매가능,No,1x1
무뚝의 포스터,10806,Grizzly's poster,https://acnhcdn.com/latest/FtrIcon/PosterNpcNmlBea09.png,1000,250,너굴 쇼핑 - 포스터,"파니의 섬 방문 후, 너굴 쇼핑 스페셜 상품 (섬에 살거나 스튜디오에서 아미보로 초대한 주민들)",검정색,빨간색,구매가능,No,1x1
거무틱의 포스터,10380,Groucho's poster,https://acnhcdn.com/latest/FtrIcon/PosterNpcNmlBea06.png,1000,250,너굴 쇼핑 - 포스터,"파니의 섬 방문 후, 너굴 쇼핑 스페셜 상품 (섬에 살거나 스튜디오에서 아미보로 초대한 주민들)",파란색,검정색,구매가능,No,1x1
빌리의 포스터,10678,Gruff's poster,https://acnhcdn.com/latest/FtrIcon/PosterNpcNmlGoa04.png,1000,250,너굴 쇼핑 - 포스터,"파니의 섬 방문 후, 너굴 쇼핑 스페셜 상품 (섬에 살거나 스튜디오에서 아미보로 초대한 주민들)",초록색,검정색,구매가능,No,1x1
죠니의 포스터,10521,Gulliver's poster,https://acnhcdn.com/latest/FtrIcon/PosterNpcSpGul.png,1000,250,너굴 쇼핑 - 포스터,"파니의 섬 방문 후, 너굴 쇼핑 스페셜 상품 (섬에 살거나 스튜디오에서 아미보로 초대한 주민들)",하얀색,파란색,구매가능,No,1x1
폴라의 포스터,10355,Gwen's poster,https://acnhcdn.com/latest/FtrIcon/PosterNpcNmlPgn05.png,1000,250,너굴 쇼핑 - 포스터,"파니의 섬 방문 후, 너굴 쇼핑 스페셜 상품 (섬에 살거나 스튜디오에서 아미보로 초대한 주민들)",보라색,초록색,구매가능,No,1x1
햄스틴의 포스터,10492,Hamlet's poster,https://acnhcdn.com/latest/FtrIcon/PosterNpcNmlHam00.png,1000,250,너굴 쇼핑 - 포스터,"파니의 섬 방문 후, 너굴 쇼핑 스페셜 상품 (섬에 살거나 스튜디오에서 아미보로 초대한 주민들)",주황색,하늘색,구매가능,No,1x1
햄쥐의 포스터,10423,Hamphrey's poster,https://acnhcdn.com/latest/FtrIcon/PosterNpcNmlHam07.png,1000,250,너굴 쇼핑 - 포스터,"파니의 섬 방문 후, 너굴 쇼핑 스페셜 상품 (섬에 살거나 스튜디오에서 아미보로 초대한 주민들)",검정색,빨간색,구매가능,No,1x1
스나일의 포스터,10460,Hans's poster,https://acnhcdn.com/latest/FtrIcon/PosterNpcNmlGor10.png,1000,250,너굴 쇼핑 - 포스터,"파니의 섬 방문 후, 너굴 쇼핑 스페셜 상품 (섬에 살거나 스튜디오에서 아미보로 초대한 주민들)",하늘색,파란색,구매가능,No,1x1
카트리나의 포스터,10787,Harriet's poster,https://acnhcdn.com/latest/FtrIcon/PosterNpcSpPoo.png,1000,250,너굴 쇼핑 - 포스터,"파니의 섬 방문 후, 너굴 쇼핑 스페셜 상품 (스튜디오에 아미보 카드로 초대)",분홍색,베이지색,구매가능,No,1x1
올리버의 포스터,10353,Harry's poster,https://acnhcdn.com/latest/FtrIcon/PosterNpcNmlHip08.png,1000,250,너굴 쇼핑 - 포스터,"파니의 섬 방문 후, 너굴 쇼핑 스페셜 상품 (섬에 살거나 스튜디오에서 아미보로 초대한 주민들)",노란색,검정색,구매가능,No,1x1
아이리스의 포스터,10466,Hazel's poster,https://acnhcdn.com/latest/FtrIcon/PosterNpcNmlSqu18.png,1000,250,너굴 쇼핑 - 포스터,"파니의 섬 방문 후, 너굴 쇼핑 스페셜 상품 (섬에 살거나 스튜디오에서 아미보로 초대한 주민들)",주황색,빨간색,구매가능,No,1x1
헬로키티 포스터,11121,Hello Kitty poster,https://acnhcdn.com/latest/FtrIcon/PosterNpcNmlGor11.png,1000,250,너굴 쇼핑 - 포스터,"파니의 섬 방문 후, 너굴 쇼핑 스페셜 상품 (섬에 살거나 스튜디오에서 아미보로 초대한 주민들)",빨간색,컬러풀,구매가능,No,1x1
헨리의 포스터,10321,Henry's poster,https://acnhcdn.com/latest/FtrIcon/PosterNpcNmlFlg19.png,1000,250,너굴 쇼핑 - 포스터,"파니의 섬 방문 후, 너굴 쇼핑 스페셜 상품 (섬에 살거나 스튜디오에서 아미보로 초대한 주민들)",초록색,베이지색,구매가능,No,1x1
데이빗의 포스터,10588,Hippeux's poster,https://acnhcdn.com/latest/FtrIcon/PosterNpcNmlHip09.png,1000,250,너굴 쇼핑 - 포스터,"파니의 섬 방문 후, 너굴 쇼핑 스페셜 상품 (섬에 살거나 스튜디오에서 아미보로 초대한 주민들)",노란색,주황색,구매가능,No,1x1
홉킨스의 포스터,10604,Hopkins's poster,https://acnhcdn.com/latest/FtrIcon/PosterNpcNmlRbt14.png,1000,250,너굴 쇼핑 - 포스터,"파니의 섬 방문 후, 너굴 쇼핑 스페셜 상품 (섬에 살거나 스튜디오에서 아미보로 초대한 주민들)",하늘색,노란색,구매가능,No,1x1
달만이의 포스터,10408,Hopper's poster,https://acnhcdn.com/latest/FtrIcon/PosterNpcNmlPgn03.png,1000,250,너굴 쇼핑 - 포스터,"파니의 섬 방문 후, 너굴 쇼핑 스페셜 상품 (섬에 살거나 스튜디오에서 아미보로 초대한 주민들)",검정색,노란색,구매가능,No,1x1
뿌람의 포스터,10608,Hornsby's poster,https://acnhcdn.com/latest/FtrIcon/PosterNpcNmlRhn04.png,1000,250,너굴 쇼핑 - 포스터,"파니의 섬 방문 후, 너굴 쇼핑 스페셜 상품 (섬에 살거나 스튜디오에서 아미보로 초대한 주민들)",파란색,초록색,구매가능,No,1x1
스트로의 포스터,10611,Huck's poster,https://acnhcdn.com/latest/FtrIcon/PosterNpcNmlFlg11.png,1000,250,너굴 쇼핑 - 포스터,"파니의 섬 방문 후, 너굴 쇼핑 스페셜 상품 (섬에 살거나 스튜디오에서 아미보로 초대한 주민들)",회색,빨간색,구매가능,No,1x1
먹고파의 포스터,10407,Hugh's poster,https://acnhcdn.com/latest/FtrIcon/PosterNpcNmlPig03.png,1000,250,너굴 쇼핑 - 포스터,"파니의 섬 방문 후, 너굴 쇼핑 스페셜 상품 (섬에 살거나 스튜디오에서 아미보로 초대한 주민들)",파란색,초록색,구매가능,No,1x1
김말이의 포스터,10602,Iggly's poster,https://acnhcdn.com/latest/FtrIcon/PosterNpcNmlPgn11.png,1000,250,너굴 쇼핑 - 포스터,"파니의 섬 방문 후, 너굴 쇼핑 스페셜 상품 (섬에 살거나 스튜디오에서 아미보로 초대한 주민들)",하얀색,빨간색,구매가능,No,1x1
대공의 포스터,10650,Ike's poster,https://acnhcdn.com/latest/FtrIcon/PosterNpcNmlBea11.png,1000,250,너굴 쇼핑 - 포스터,"파니의 섬 방문 후, 너굴 쇼핑 스페셜 상품 (섬에 살거나 스튜디오에서 아미보로 초대한 주민들)",갈색,회색,구매가능,No,1x1
여울의 포스터,10312,Isabelle's poster,https://acnhcdn.com/latest/FtrIcon/PosterNpcSpSza.png,1000,250,너굴 쇼핑 - 포스터,"파니의 섬 방문 후, 너굴 쇼핑 스페셜 상품 (섬에 살거나 스튜디오에서 아미보로 초대한 주민들)",노란색,초록색,구매가능,No,1x1
펌킹의 포스터,10346,Jack's poster,https://acnhcdn.com/latest/FtrIcon/PosterNpcSpPkn.png,1000,250,너굴 쇼핑 - 포스터,"파니의 섬 방문 후, 너굴 쇼핑 스페셜 상품 (스튜디오에 아미보 카드로 초대)",주황색,검정색,구매가능,No,1x1
야곱의 포스터,10813,Jacob's poster,https://acnhcdn.com/latest/FtrIcon/PosterNpcNmlBrd11.png,1000,250,너굴 쇼핑 - 포스터,"파니의 섬 방문 후, 너굴 쇼핑 스페셜 상품 (섬에 살거나 스튜디오에서 아미보로 초대한 주민들)",보라색,검정색,구매가능,No,1x1
쪼끼의 포스터,10804,Jacques's poster,https://acnhcdn.com/latest/FtrIcon/PosterNpcNmlBrd16.png,1000,250,너굴 쇼핑 - 포스터,"파니의 섬 방문 후, 너굴 쇼핑 스페셜 상품 (섬에 살거나 스튜디오에서 아미보로 초대한 주민들)",초록색,분홍색,구매가능,No,1x1
에스메랄다의 포스터,10617,Jambette's poster,https://acnhcdn.com/latest/FtrIcon/PosterNpcNmlFlg13.png,1000,250,너굴 쇼핑 - 포스터,"파니의 섬 방문 후, 너굴 쇼핑 스페셜 상품 (섬에 살거나 스튜디오에서 아미보로 초대한 주민들)",파란색,초록색,구매가능,No,1x1
참돌이의 포스터,10404,Jay's poster,https://acnhcdn.com/latest/FtrIcon/PosterNpcNmlBrd00.png,1000,250,너굴 쇼핑 - 포스터,"파니의 섬 방문 후, 너굴 쇼핑 스페셜 상품 (섬에 살거나 스튜디오에서 아미보로 초대한 주민들)",파란색,주황색,구매가능,No,1x1
드리미의 포스터,10688,Jeremiah's poster,https://acnhcdn.com/latest/FtrIcon/PosterNpcNmlFlg07.png,1000,250,너굴 쇼핑 - 포스터,"파니의 섬 방문 후, 너굴 쇼핑 스페셜 상품 (섬에 살거나 스튜디오에서 아미보로 초대한 주민들)",갈색,컬러풀,구매가능,No,1x1
루돌의 포스터,10439,Jingle's poster,https://acnhcdn.com/latest/FtrIcon/PosterNpcSpRei.png,1000,250,너굴 쇼핑 - 포스터,"파니의 섬 방문 후, 너굴 쇼핑 스페셜 상품 (스튜디오에 아미보 카드로 초대)",초록색,하늘색,구매가능,No,1x1
딩요의 포스터,10818,Jitters's poster,https://acnhcdn.com/latest/FtrIcon/PosterNpcNmlBrd04.png,1000,250,너굴 쇼핑 - 포스터,"파니의 섬 방문 후, 너굴 쇼핑 스페셜 상품 (섬에 살거나 스튜디오에서 아미보로 초대한 주민들)",갈색,파란색,구매가능,No,1x1
무파라의 포스터,10430,Joan's poster,https://acnhcdn.com/latest/FtrIcon/PosterNpcSpBoa.png,1000,250,너굴 쇼핑 - 포스터,"파니의 섬 방문 후, 너굴 쇼핑 스페셜 상품 (스튜디오에 아미보 카드로 초대)",노란색,하늘색,구매가능,No,1x1
리처드의 포스터,10483,Joey's poster,https://acnhcdn.com/latest/FtrIcon/PosterNpcNmlDuk01.png,1000,250,너굴 쇼핑 - 포스터,"파니의 섬 방문 후, 너굴 쇼핑 스페셜 상품 (섬에 살거나 스튜디오에서 아미보로 초대한 주민들)",분홍색,보라색,구매가능,No,1x1
미애의 포스터,10858,Judy's poster,https://acnhcdn.com/latest/FtrIcon/PosterNpcNmlCbr19.png,1000,250,너굴 쇼핑 - 포스터,"파니의 섬 방문 후, 너굴 쇼핑 스페셜 상품 (섬에 살거나 스튜디오에서 아미보로 초대한 주민들)",파란색,초록색,구매가능,No,1x1
줄리아의 포스터,10630,Julia's poster,https://acnhcdn.com/latest/FtrIcon/PosterNpcNmlOst05.png,1000,250,너굴 쇼핑 - 포스터,"파니의 섬 방문 후, 너굴 쇼핑 스페셜 상품 (섬에 살거나 스튜디오에서 아미보로 초대한 주민들)",하늘색,빨간색,구매가능,No,1x1
유니오의 포스터,10402,Julian's poster,https://acnhcdn.com/latest/FtrIcon/PosterNpcNmlHrs13.png,1000,250,너굴 쇼핑 - 포스터,"파니의 섬 방문 후, 너굴 쇼핑 스페셜 상품 (섬에 살거나 스튜디오에서 아미보로 초대한 주민들)",갈색,빨간색,구매가능,No,1x1
메이의 포스터,10605,June's poster,https://acnhcdn.com/latest/FtrIcon/PosterNpcNmlCbr13.png,1000,250,너굴 쇼핑 - 포스터,"파니의 섬 방문 후, 너굴 쇼핑 스페셜 상품 (섬에 살거나 스튜디오에서 아미보로 초대한 주민들)",하얀색,검정색,구매가능,No,1x1
K.K.의 포스터,10331,K.K.'s poster,https://acnhcdn.com/latest/FtrIcon/PosterNpcSpTkkA.png,1000,250,너굴 쇼핑 - 포스터,"파니의 섬 방문 후, 너굴 쇼핑 스페셜 상품 (섬에 살거나 스튜디오에서 아미보로 초대한 주민들)",하얀색,컬러풀,구매가능,No,1x1
가북희의 포스터,10817,Kabuki's poster,https://acnhcdn.com/latest/FtrIcon/PosterNpcNmlCat09.png,1000,250,너굴 쇼핑 - 포스터,"파니의 섬 방문 후, 너굴 쇼핑 스페셜 상품 (섬에 살거나 스튜디오에서 아미보로 초대한 주민들)",초록색,파란색,구매가능,No,1x1
갑돌의 포스터,10354,Kapp'n's poster,https://acnhcdn.com/latest/FtrIcon/PosterNpcSpKpp.png,1000,250,너굴 쇼핑 - 포스터,"파니의 섬 방문 후, 너굴 쇼핑 스페셜 상품 (스튜디오에 아미보 카드로 초대)",노란색,하늘색,구매가능,No,1x1
미야의 포스터,10337,Katie's poster,https://acnhcdn.com/latest/FtrIcon/PosterNpcSpLom.png,1000,250,너굴 쇼핑 - 포스터,"파니의 섬 방문 후, 너굴 쇼핑 스페셜 상품 (스튜디오에 아미보 카드로 초대)",검정색,하늘색,구매가능,No,1x1
마추릴라의 포스터,10517,Katrina's poster,https://acnhcdn.com/latest/FtrIcon/PosterNpcSpBpt.png,1000,250,너굴 쇼핑 - 포스터,"파니의 섬 방문 후, 너굴 쇼핑 스페셜 상품 (스튜디오에 아미보 카드로 초대)",갈색,검정색,구매가능,No,1x1
쵸이의 포스터,10528,Katt's poster,https://acnhcdn.com/latest/FtrIcon/PosterNpcNmlCat21.png,1000,250,너굴 쇼핑 - 포스터,"파니의 섬 방문 후, 너굴 쇼핑 스페셜 상품 (섬에 살거나 스튜디오에서 아미보로 초대한 주민들)",하늘색,노란색,구매가능,No,1x1
프랭크의 포스터,10421,Keaton's poster,https://acnhcdn.com/latest/FtrIcon/PosterNpcNmlPbr08.png,1000,250,너굴 쇼핑 - 포스터,"파니의 섬 방문 후, 너굴 쇼핑 스페셜 상품 (섬에 살거나 스튜디오에서 아미보로 초대한 주민들)",파란색,검정색,구매가능,No,1x1
오골의 포스터,10445,Ken's poster,https://acnhcdn.com/latest/FtrIcon/PosterNpcNmlChn13.png,1000,250,너굴 쇼핑 - 포스터,"파니의 섬 방문 후, 너굴 쇼핑 스페셜 상품 (섬에 살거나 스튜디오에서 아미보로 초대한 주민들)",초록색,하늘색,구매가능,No,1x1
케로케로케로피 포스터,11126,Kerokerokeroppi poster,https://acnhcdn.com/latest/FtrIcon/PosterNpcNmlRbt20.png,1000,250,너굴 쇼핑 - 포스터,"파니의 섬 방문 후, 너굴 쇼핑 스페셜 상품 (섬에 살거나 스튜디오에서 아미보로 초대한 주민들)",빨간색,노란색,구매가능,No,1x1
케첩의 포스터,10616,Ketchup's poster,https://acnhcdn.com/latest/FtrIcon/PosterNpcNmlDuk13.png,1000,250,너굴 쇼핑 - 포스터,"파니의 섬 방문 후, 너굴 쇼핑 스페셜 상품 (섬에 살거나 스튜디오에서 아미보로 초대한 주민들)",갈색,검정색,구매가능,No,1x1
멧지의 포스터,10585,Kevin's poster,https://acnhcdn.com/latest/FtrIcon/PosterNpcNmlPig15.png,1000,250,너굴 쇼핑 - 포스터,"파니의 섬 방문 후, 너굴 쇼핑 스페셜 상품 (섬에 살거나 스튜디오에서 아미보로 초대한 주민들)",검정색,베이지색,구매가능,No,1x1
패트릭의 포스터,10332,Kicks's poster,https://acnhcdn.com/latest/FtrIcon/PosterNpcSpSkk.png,1000,250,너굴 쇼핑 - 포스터,"파니의 섬 방문 후, 너굴 쇼핑 스페셜 상품 (섬에 살거나 스튜디오에서 아미보로 초대한 주민들)",빨간색,노란색,구매가능,No,1x1
1호의 포스터,10779,Kid Cat's poster,https://acnhcdn.com/latest/FtrIcon/PosterNpcNmlCat10.png,1000,250,너굴 쇼핑 - 포스터,"파니의 섬 방문 후, 너굴 쇼핑 스페셜 상품 (섬에 살거나 스튜디오에서 아미보로 초대한 주민들)",보라색,회색,구매가능,No,1x1
염두리의 포스터,10364,Kidd's poster,https://acnhcdn.com/latest/FtrIcon/PosterNpcNmlGoa07.png,1000,250,너굴 쇼핑 - 포스터,"파니의 섬 방문 후, 너굴 쇼핑 스페셜 상품 (섬에 살거나 스튜디오에서 아미보로 초대한 주민들)",컬러풀,하얀색,구매가능,No,1x1
리틀 트윈 스타 포스터,11123,Kiki & Lala poster,https://acnhcdn.com/latest/FtrIcon/PosterNpcNmlShp14.png,1000,250,너굴 쇼핑 - 포스터,"파니의 섬 방문 후, 너굴 쇼핑 스페셜 상품 (섬에 살거나 스튜디오에서 아미보로 초대한 주민들)",검정색,초록색,구매가능,No,1x1
캐비어의 포스터,10816,Kiki's poster,https://acnhcdn.com/latest/FtrIcon/PosterNpcNmlCat04.png,1000,250,너굴 쇼핑 - 포스터,"파니의 섬 방문 후, 너굴 쇼핑 스페셜 상품 (섬에 살거나 스튜디오에서 아미보로 초대한 주민들)",초록색,보라색,구매가능,No,1x1
애플리케의 포스터,10357,Kitt's poster,https://acnhcdn.com/latest/FtrIcon/PosterNpcNmlKgr00.png,1000,250,너굴 쇼핑 - 포스터,"파니의 섬 방문 후, 너굴 쇼핑 스페셜 상품 (섬에 살거나 스튜디오에서 아미보로 초대한 주민들)",베이지색,파란색,구매가능,No,1x1
쇼콜라의 포스터,10395,Kitty's poster,https://acnhcdn.com/latest/FtrIcon/PosterNpcNmlCat14.png,1000,250,너굴 쇼핑 - 포스터,"파니의 섬 방문 후, 너굴 쇼핑 스페셜 상품 (섬에 살거나 스튜디오에서 아미보로 초대한 주민들)",회색,빨간색,구매가능,No,1x1
곰도로스의 포스터,10790,Klaus's poster,https://acnhcdn.com/latest/FtrIcon/PosterNpcNmlBea14.png,1000,250,너굴 쇼핑 - 포스터,"파니의 섬 방문 후, 너굴 쇼핑 스페셜 상품 (섬에 살거나 스튜디오에서 아미보로 초대한 주민들)",노란색,빨간색,구매가능,No,1x1
금끼오의 포스터,10664,Knox's poster,https://acnhcdn.com/latest/FtrIcon/PosterNpcNmlChn11.png,1000,250,너굴 쇼핑 - 포스터,"파니의 섬 방문 후, 너굴 쇼핑 스페셜 상품 (섬에 살거나 스튜디오에서 아미보로 초대한 주민들)",하늘색,갈색,구매가능,No,1x1
아이다호의 포스터,10442,Kody's poster,https://acnhcdn.com/latest/FtrIcon/PosterNpcNmlCbr04.png,1000,250,너굴 쇼핑 - 포스터,"파니의 섬 방문 후, 너굴 쇼핑 스페셜 상품 (섬에 살거나 스튜디오에서 아미보로 초대한 주민들)",베이지색,검정색,구매가능,No,1x1
리카르도의 포스터,10579,Kyle's poster,https://acnhcdn.com/latest/FtrIcon/PosterNpcNmlWol10.png,1000,250,너굴 쇼핑 - 포스터,"파니의 섬 방문 후, 너굴 쇼핑 스페셜 상품 (섬에 살거나 스튜디오에서 아미보로 초대한 주민들)",보라색,베이지색,구매가능,No,1x1
고숙이의 포스터,10333,Label's poster,https://acnhcdn.com/latest/FtrIcon/PosterNpcSpHgc.png,1000,250,너굴 쇼핑 - 포스터,"파니의 섬 방문 후, 너굴 쇼핑 스페셜 상품 (섬에 살거나 스튜디오에서 아미보로 초대한 주민들)",베이지색,초록색,구매가능,No,1x1
늘봉의 포스터,10433,Leif's poster,https://acnhcdn.com/latest/FtrIcon/PosterNpcSpSlo.png,1000,250,너굴 쇼핑 - 포스터,"파니의 섬 방문 후, 너굴 쇼핑 스페셜 상품 (스튜디오에 아미보 카드로 초대)",초록색,파란색,구매가능,No,1x1
꼬미의 포스터,10340,Leila's poster,https://acnhcdn.com/latest/FtrIcon/PosterNpcSpKps.png,1000,250,너굴 쇼핑 - 포스터,"파니의 섬 방문 후, 너굴 쇼핑 스페셜 상품 (스튜디오에 아미보 카드로 초대)",초록색,파란색,구매가능,No,1x1
갑순의 포스터,10519,Leilani's poster,https://acnhcdn.com/latest/FtrIcon/PosterNpcSpKpm.png,1000,250,너굴 쇼핑 - 포스터,"파니의 섬 방문 후, 너굴 쇼핑 스페셜 상품 (스튜디오에 아미보 카드로 초대)",주황색,검정색,구매가능,No,1x1
범호의 포스터,10560,Leonardo's poster,https://acnhcdn.com/latest/FtrIcon/PosterNpcNmlTig04.png,1000,250,너굴 쇼핑 - 포스터,"파니의 섬 방문 후, 너굴 쇼핑 스페셜 상품 (섬에 살거나 스튜디오에서 아미보로 초대한 주민들)",초록색,베이지색,구매가능,No,1x1
티처의 포스터,10638,Leopold's poster,https://acnhcdn.com/latest/FtrIcon/PosterNpcNmlLon04.png,1000,250,너굴 쇼핑 - 포스터,"파니의 섬 방문 후, 너굴 쇼핑 스페셜 상품 (섬에 살거나 스튜디오에서 아미보로 초대한 주민들)",하늘색,하얀색,구매가능,No,1x1
레이니의 포스터,10440,Lily's poster,https://acnhcdn.com/latest/FtrIcon/PosterNpcNmlFlg00.png,1000,250,너굴 쇼핑 - 포스터,"파니의 섬 방문 후, 너굴 쇼핑 스페셜 상품 (섬에 살거나 스튜디오에서 아미보로 초대한 주민들)",주황색,베이지색,구매가능,No,1x1
단무지의 포스터,10669,Limberg's poster,https://acnhcdn.com/latest/FtrIcon/PosterNpcNmlMus01.png,1000,250,너굴 쇼핑 - 포스터,"파니의 섬 방문 후, 너굴 쇼핑 스페셜 상품 (섬에 살거나 스튜디오에서 아미보로 초대한 주민들)",갈색,검정색,구매가능,No,1x1
라이오넬의 포스터,10684,Lionel's poster,https://acnhcdn.com/latest/FtrIcon/PosterNpcNmlLon08.png,1000,250,너굴 쇼핑 - 포스터,"파니의 섬 방문 후, 너굴 쇼핑 스페셜 상품 (섬에 살거나 스튜디오에서 아미보로 초대한 주민들)",보라색,회색,구매가능,No,1x1
늑태의 포스터,10587,Lobo's poster,https://acnhcdn.com/latest/FtrIcon/PosterNpcNmlWol01.png,1000,250,너굴 쇼핑 - 포스터,"파니의 섬 방문 후, 너굴 쇼핑 스페셜 상품 (섬에 살거나 스튜디오에서 아미보로 초대한 주민들)",하늘색,빨간색,구매가능,No,1x1
사이다의 포스터,10539,Lolly's poster,https://acnhcdn.com/latest/FtrIcon/PosterNpcNmlCat18.png,1000,250,너굴 쇼핑 - 포스터,"파니의 섬 방문 후, 너굴 쇼핑 스페셜 상품 (섬에 살거나 스튜디오에서 아미보로 초대한 주민들)",베이지색,빨간색,구매가능,No,1x1
톰슨의 포스터,10606,Lopez's poster,https://acnhcdn.com/latest/FtrIcon/PosterNpcNmlDer05.png,1000,250,너굴 쇼핑 - 포스터,"파니의 섬 방문 후, 너굴 쇼핑 스페셜 상품 (섬에 살거나 스튜디오에서 아미보로 초대한 주민들)",분홍색,컬러풀,구매가능,No,1x1
솜이의 포스터,10773,Lottie's poster,https://acnhcdn.com/latest/FtrIcon/PosterNpcSpOtg.png,1000,250,너굴 쇼핑 - 포스터,"파니의 섬 방문 후, 너굴 쇼핑 스페셜 상품 (스튜디오에 아미보 카드로 초대)",갈색,검정색,구매가능,No,1x1
머슬의 포스터,10631,Louie's poster,https://acnhcdn.com/latest/FtrIcon/PosterNpcNmlGor04.png,1000,250,너굴 쇼핑 - 포스터,"파니의 섬 방문 후, 너굴 쇼핑 스페셜 상품 (섬에 살거나 스튜디오에서 아미보로 초대한 주민들)",빨간색,검정색,구매가능,No,1x1
마스카라스의 포스터,10351,Lucha's poster,https://acnhcdn.com/latest/FtrIcon/PosterNpcNmlBrd15.png,1000,250,너굴 쇼핑 - 포스터,"파니의 섬 방문 후, 너굴 쇼핑 스페셜 상품 (섬에 살거나 스튜디오에서 아미보로 초대한 주민들)",하얀색,검정색,구매가능,No,1x1
럭키의 포스터,10591,Lucky's poster,https://acnhcdn.com/latest/FtrIcon/PosterNpcNmlDog02.png,1000,250,너굴 쇼핑 - 포스터,"파니의 섬 방문 후, 너굴 쇼핑 스페셜 상품 (섬에 살거나 스튜디오에서 아미보로 초대한 주민들)",하얀색,빨간색,구매가능,No,1x1
루시의 포스터,10554,Lucy's poster,https://acnhcdn.com/latest/FtrIcon/PosterNpcNmlPig04.png,1000,250,너굴 쇼핑 - 포스터,"파니의 섬 방문 후, 너굴 쇼핑 스페셜 상품 (섬에 살거나 스튜디오에서 아미보로 초대한 주민들)",검정색,보라색,구매가능,No,1x1
몽셰르의 포스터,10491,Luna's poster,https://acnhcdn.com/latest/FtrIcon/PosterNpcSpTap.png,1000,250,너굴 쇼핑 - 포스터,"파니의 섬 방문 후, 너굴 쇼핑 스페셜 상품 (스튜디오에 아미보 카드로 초대)",컬러풀,파란색,구매가능,No,1x1
안심해씨의 포스터,10794,Lyle's poster,https://acnhcdn.com/latest/FtrIcon/PosterNpcSpOtt.png,1000,250,너굴 쇼핑 - 포스터,"파니의 섬 방문 후, 너굴 쇼핑 스페셜 상품 (스튜디오에 아미보 카드로 초대)",초록색,하늘색,구매가능,No,1x1
오즈먼드의 포스터,10498,Lyman's poster,https://acnhcdn.com/latest/FtrIcon/PosterNpcNmlKal09.png,1000,250,너굴 쇼핑 - 포스터,"파니의 섬 방문 후, 너굴 쇼핑 스페셜 상품 (섬에 살거나 스튜디오에서 아미보로 초대한 주민들)",파란색,노란색,구매가능,No,1x1
고순이의 포스터,10432,Mabel's poster,https://acnhcdn.com/latest/FtrIcon/PosterNpcSpHgh.png,1000,250,너굴 쇼핑 - 포스터,"파니의 섬 방문 후, 너굴 쇼핑 스페셜 상품 (섬에 살거나 스튜디오에서 아미보로 초대한 주민들)",갈색,파란색,구매가능,No,1x1
챔프의 포스터,10463,Mac's poster,https://acnhcdn.com/latest/FtrIcon/PosterNpcNmlDog14.png,1000,250,너굴 쇼핑 - 포스터,"파니의 섬 방문 후, 너굴 쇼핑 스페셜 상품 (섬에 살거나 스튜디오에서 아미보로 초대한 주민들)",갈색,초록색,구매가능,No,1x1
마롱의 포스터,10619,Maddie's poster,https://acnhcdn.com/latest/FtrIcon/PosterNpcNmlDog09.png,1000,250,너굴 쇼핑 - 포스터,"파니의 섬 방문 후, 너굴 쇼핑 스페셜 상품 (섬에 살거나 스튜디오에서 아미보로 초대한 주민들)",갈색,노란색,구매가능,No,1x1
앤의 포스터,10593,Maelle's poster,https://acnhcdn.com/latest/FtrIcon/PosterNpcNmlDuk03.png,1000,250,너굴 쇼핑 - 포스터,"파니의 섬 방문 후, 너굴 쇼핑 스페셜 상품 (섬에 살거나 스튜디오에서 아미보로 초대한 주민들)",노란색,분홍색,구매가능,No,1x1
마가렛의 포스터,10623,Maggie's poster,https://acnhcdn.com/latest/FtrIcon/PosterNpcNmlPig10.png,1000,250,너굴 쇼핑 - 포스터,"파니의 섬 방문 후, 너굴 쇼핑 스페셜 상품 (섬에 살거나 스튜디오에서 아미보로 초대한 주민들)",보라색,파란색,구매가능,No,1x1
스미모의 포스터,10526,Mallary's poster,https://acnhcdn.com/latest/FtrIcon/PosterNpcNmlDuk06.png,1000,250,너굴 쇼핑 - 포스터,"파니의 섬 방문 후, 너굴 쇼핑 스페셜 상품 (섬에 살거나 스튜디오에서 아미보로 초대한 주민들)",갈색,초록색,구매가능,No,1x1
메이첼의 포스터,10510,Maple's poster,https://acnhcdn.com/latest/FtrIcon/PosterNpcNmlCbr01.png,1000,250,너굴 쇼핑 - 포스터,"파니의 섬 방문 후, 너굴 쇼핑 스페셜 상품 (섬에 살거나 스튜디오에서 아미보로 초대한 주민들)",하얀색,초록색,구매가능,No,1x1
에드워드의 포스터,10419,Marcel's poster,https://acnhcdn.com/latest/FtrIcon/PosterNpcNmlDog15.png,1000,250,너굴 쇼핑 - 포스터,"파니의 섬 방문 후, 너굴 쇼핑 스페셜 상품 (섬에 살거나 스튜디오에서 아미보로 초대한 주민들)",분홍색,베이지색,구매가능,No,1x1
마리아의 포스터,10659,Marcie's poster,https://acnhcdn.com/latest/FtrIcon/PosterNpcNmlKgr10.png,1000,250,너굴 쇼핑 - 포스터,"파니의 섬 방문 후, 너굴 쇼핑 스페셜 상품 (섬에 살거나 스튜디오에서 아미보로 초대한 주민들)",하얀색,분홍색,구매가능,No,1x1
샐리의 포스터,10589,Margie's poster,https://acnhcdn.com/latest/FtrIcon/PosterNpcNmlElp04.png,1000,250,너굴 쇼핑 - 포스터,"파니의 섬 방문 후, 너굴 쇼핑 스페셜 상품 (섬에 살거나 스튜디오에서 아미보로 초대한 주민들)",분홍색,하늘색,구매가능,No,1x1
문리나의 포스터,10453,Marina's poster,https://acnhcdn.com/latest/FtrIcon/PosterNpcNmlOcp01.png,1000,250,너굴 쇼핑 - 포스터,"파니의 섬 방문 후, 너굴 쇼핑 스페셜 상품 (섬에 살거나 스튜디오에서 아미보로 초대한 주민들)",베이지색,파란색,구매가능,No,1x1
쭈니의 포스터,10480,Marshal's poster,https://acnhcdn.com/latest/FtrIcon/PosterNpcNmlSqu17.png,1000,250,너굴 쇼핑 - 포스터,"파니의 섬 방문 후, 너굴 쇼핑 스페셜 상품 (섬에 살거나 스튜디오에서 아미보로 초대한 주민들)",검정색,빨간색,구매가능,No,1x1
안젤라의 포스터,10391,Mathilda's poster,https://acnhcdn.com/latest/FtrIcon/PosterNpcNmlKgr01.png,1000,250,너굴 쇼핑 - 포스터,"파니의 섬 방문 후, 너굴 쇼핑 스페셜 상품 (섬에 살거나 스튜디오에서 아미보로 초대한 주민들)",보라색,노란색,구매가능,No,1x1
캔디의 포스터,10860,Megan's poster,https://acnhcdn.com/latest/FtrIcon/PosterNpcNmlBea15.png,1000,250,너굴 쇼핑 - 포스터,"파니의 섬 방문 후, 너굴 쇼핑 스페셜 상품 (섬에 살거나 스튜디오에서 아미보로 초대한 주민들)",베이지색,초록색,구매가능,No,1x1
아델레이드의 포스터,10547,Melba's poster,https://acnhcdn.com/latest/FtrIcon/PosterNpcNmlKal02.png,1000,250,너굴 쇼핑 - 포스터,"파니의 섬 방문 후, 너굴 쇼핑 스페셜 상품 (섬에 살거나 스튜디오에서 아미보로 초대한 주민들)",분홍색,베이지색,구매가능,No,1x1
스트로베리의 포스터,10502,Merengue's poster,https://acnhcdn.com/latest/FtrIcon/PosterNpcNmlRhn07.png,1000,250,너굴 쇼핑 - 포스터,"파니의 섬 방문 후, 너굴 쇼핑 스페셜 상품 (섬에 살거나 스튜디오에서 아미보로 초대한 주민들)",베이지색,분홍색,구매가능,No,1x1
유네찌의 포스터,10789,Merry's poster,https://acnhcdn.com/latest/FtrIcon/PosterNpcNmlCat16.png,1000,250,너굴 쇼핑 - 포스터,"파니의 섬 방문 후, 너굴 쇼핑 스페셜 상품 (섬에 살거나 스튜디오에서 아미보로 초대한 주민들)",분홍색,초록색,구매가능,No,1x1
핑글이의 포스터,10677,Midge's poster,https://acnhcdn.com/latest/FtrIcon/PosterNpcNmlBrd08.png,1000,250,너굴 쇼핑 - 포스터,"파니의 섬 방문 후, 너굴 쇼핑 스페셜 상품 (섬에 살거나 스튜디오에서 아미보로 초대한 주민들)",초록색,분홍색,구매가능,No,1x1
민트의 포스터,10675,Mint's poster,https://acnhcdn.com/latest/FtrIcon/PosterNpcNmlSqu09.png,1000,250,너굴 쇼핑 - 포스터,"파니의 섬 방문 후, 너굴 쇼핑 스페셜 상품 (섬에 살거나 스튜디오에서 아미보로 초대한 주민들)",노란색,분홍색,구매가능,No,1x1
미랑의 포스터,10561,Mira's poster,https://acnhcdn.com/latest/FtrIcon/PosterNpcNmlRbt19.png,1000,250,너굴 쇼핑 - 포스터,"파니의 섬 방문 후, 너굴 쇼핑 스페셜 상품 (섬에 살거나 스튜디오에서 아미보로 초대한 주민들)",분홍색,하늘색,구매가능,No,1x1
미란다의 포스터,10443,Miranda's poster,https://acnhcdn.com/latest/FtrIcon/PosterNpcNmlDuk12.png,1000,250,너굴 쇼핑 - 포스터,"파니의 섬 방문 후, 너굴 쇼핑 스페셜 상품 (섬에 살거나 스튜디오에서 아미보로 초대한 주민들)",파란색,빨간색,구매가능,No,1x1
마르의 포스터,10784,Mitzi's poster,https://acnhcdn.com/latest/FtrIcon/PosterNpcNmlCat01.png,1000,250,너굴 쇼핑 - 포스터,"파니의 섬 방문 후, 너굴 쇼핑 스페셜 상품 (섬에 살거나 스튜디오에서 아미보로 초대한 주민들)",파란색,초록색,구매가능,No,1x1
진상의 포스터,10791,Moe's poster,https://acnhcdn.com/latest/FtrIcon/PosterNpcNmlCat08.png,1000,250,너굴 쇼핑 - 포스터,"파니의 섬 방문 후, 너굴 쇼핑 스페셜 상품 (섬에 살거나 스튜디오에서 아미보로 초대한 주민들)",베이지색,하늘색,구매가능,No,1x1
귀오미의 포스터,10329,Molly's poster,https://acnhcdn.com/latest/FtrIcon/PosterNpcNmlDuk16.png,1000,250,너굴 쇼핑 - 포스터,"파니의 섬 방문 후, 너굴 쇼핑 스페셜 상품 (섬에 살거나 스튜디오에서 아미보로 초대한 주민들)",베이지색,빨간색,구매가능,No,1x1
제인의 포스터,10820,Monique's poster,https://acnhcdn.com/latest/FtrIcon/PosterNpcNmlCat11.png,1000,250,너굴 쇼핑 - 포스터,"파니의 섬 방문 후, 너굴 쇼핑 스페셜 상품 (섬에 살거나 스튜디오에서 아미보로 초대한 주민들)",회색,분홍색,구매가능,No,1x1
몽티의 포스터,10494,Monty's poster,https://acnhcdn.com/latest/FtrIcon/PosterNpcNmlMnk04.png,1000,250,너굴 쇼핑 - 포스터,"파니의 섬 방문 후, 너굴 쇼핑 스페셜 상품 (섬에 살거나 스튜디오에서 아미보로 초대한 주민들)",회색,노란색,구매가능,No,1x1
핑의 포스터,10387,Moose's poster,https://acnhcdn.com/latest/FtrIcon/PosterNpcNmlMus14.png,1000,250,너굴 쇼핑 - 포스터,"파니의 섬 방문 후, 너굴 쇼핑 스페셜 상품 (섬에 살거나 스튜디오에서 아미보로 초대한 주민들)",노란색,갈색,구매가능,No,1x1
릭의 포스터,10525,Mott's poster,https://acnhcdn.com/latest/FtrIcon/PosterNpcNmlLon06.png,1000,250,너굴 쇼핑 - 포스터,"파니의 섬 방문 후, 너굴 쇼핑 스페셜 상품 (섬에 살거나 스튜디오에서 아미보로 초대한 주민들)",보라색,검정색,구매가능,No,1x1
프릴의 포스터,10320,Muffy's poster,https://acnhcdn.com/latest/FtrIcon/PosterNpcNmlShp12.png,1000,250,너굴 쇼핑 - 포스터,"파니의 섬 방문 후, 너굴 쇼핑 스페셜 상품 (섬에 살거나 스튜디오에서 아미보로 초대한 주민들)",초록색,갈색,구매가능,No,1x1
머피의 포스터,10624,Murphy's poster,https://acnhcdn.com/latest/FtrIcon/PosterNpcNmlCbr07.png,1000,250,너굴 쇼핑 - 포스터,"파니의 섬 방문 후, 너굴 쇼핑 스페셜 상품 (섬에 살거나 스튜디오에서 아미보로 초대한 주민들)",분홍색,분홍색,구매가능,No,1x1
마이 멜로디 포스터,11125,My Melody poster,https://acnhcdn.com/latest/FtrIcon/PosterNpcNmlDer10.png,1000,250,너굴 쇼핑 - 포스터,"파니의 섬 방문 후, 너굴 쇼핑 스페셜 상품 (섬에 살거나 스튜디오에서 아미보로 초대한 주민들)",검정색,분홍색,구매가능,No,1x1
순이의 포스터,10397,Nan's poster,https://acnhcdn.com/latest/FtrIcon/PosterNpcNmlGoa01.png,1000,250,너굴 쇼핑 - 포스터,"파니의 섬 방문 후, 너굴 쇼핑 스페셜 상품 (섬에 살거나 스튜디오에서 아미보로 초대한 주민들)",분홍색,베이지색,구매가능,No,1x1
키키의 포스터,10371,Nana's poster,https://acnhcdn.com/latest/FtrIcon/PosterNpcNmlMnk01.png,1000,250,너굴 쇼핑 - 포스터,"파니의 섬 방문 후, 너굴 쇼핑 스페셜 상품 (섬에 살거나 스튜디오에서 아미보로 초대한 주민들)",파란색,분홍색,구매가능,No,1x1
화자의 포스터,10551,Naomi's poster,https://acnhcdn.com/latest/FtrIcon/PosterNpcNmlCow07.png,1000,250,너굴 쇼핑 - 포스터,"파니의 섬 방문 후, 너굴 쇼핑 스페셜 상품 (섬에 살거나 스튜디오에서 아미보로 초대한 주민들)",초록색,초록색,구매가능,No,1x1
멜레옹의 포스터,10344,Nat's poster,https://acnhcdn.com/latest/FtrIcon/PosterNpcSpChm.png,1000,250,너굴 쇼핑 - 포스터,"파니의 섬 방문 후, 너굴 쇼핑 스페셜 상품 (스튜디오에 아미보 카드로 초대)",초록색,하늘색,구매가능,No,1x1
박하스의 포스터,10821,Nate's poster,https://acnhcdn.com/latest/FtrIcon/PosterNpcNmlBea05.png,1000,250,너굴 쇼핑 - 포스터,"파니의 섬 방문 후, 너굴 쇼핑 스페셜 상품 (섬에 살거나 스튜디오에서 아미보로 초대한 주민들)",초록색,분홍색,구매가능,No,1x1
그리미의 포스터,10584,Nibbles's poster,https://acnhcdn.com/latest/FtrIcon/PosterNpcNmlSqu04.png,1000,250,너굴 쇼핑 - 포스터,"파니의 섬 방문 후, 너굴 쇼핑 스페셜 상품 (섬에 살거나 스튜디오에서 아미보로 초대한 주민들)",하늘색,분홍색,구매가능,No,1x1
미자의 포스터,10642,Norma's poster,https://acnhcdn.com/latest/FtrIcon/PosterNpcNmlCow06.png,1000,250,너굴 쇼핑 - 포스터,"파니의 섬 방문 후, 너굴 쇼핑 스페셜 상품 (섬에 살거나 스튜디오에서 아미보로 초대한 주민들)",갈색,파란색,구매가능,No,1x1
산토스의 포스터,10595,O'Hare's poster,https://acnhcdn.com/latest/FtrIcon/PosterNpcNmlRbt15.png,1000,250,너굴 쇼핑 - 포스터,"파니의 섬 방문 후, 너굴 쇼핑 스페셜 상품 (섬에 살거나 스튜디오에서 아미보로 초대한 주민들)",빨간색,컬러풀,구매가능,No,1x1
문복의 포스터,10662,Octavian's poster,https://acnhcdn.com/latest/FtrIcon/PosterNpcNmlOcp00.png,1000,250,너굴 쇼핑 - 포스터,"파니의 섬 방문 후, 너굴 쇼핑 스페셜 상품 (섬에 살거나 스튜디오에서 아미보로 초대한 주민들)",갈색,검정색,구매가능,No,1x1
안토니오의 포스터,10801,Olaf's poster,https://acnhcdn.com/latest/FtrIcon/PosterNpcNmlAnt09.png,1000,250,너굴 쇼핑 - 포스터,"파니의 섬 방문 후, 너굴 쇼핑 스페셜 상품 (섬에 살거나 스튜디오에서 아미보로 초대한 주민들)",회색,초록색,구매가능,No,1x1
올리브의 포스터,10646,Olive's poster,https://acnhcdn.com/latest/FtrIcon/PosterNpcNmlCbr09.png,1000,250,너굴 쇼핑 - 포스터,"파니의 섬 방문 후, 너굴 쇼핑 스페셜 상품 (섬에 살거나 스튜디오에서 아미보로 초대한 주민들)",하얀색,검정색,구매가능,No,1x1
올리비아의 포스터,10774,Olivia's poster,https://acnhcdn.com/latest/FtrIcon/PosterNpcNmlCat03.png,1000,250,너굴 쇼핑 - 포스터,"파니의 섬 방문 후, 너굴 쇼핑 스페셜 상품 (섬에 살거나 스튜디오에서 아미보로 초대한 주민들)",초록색,갈색,구매가능,No,1x1
오팔의 포스터,10667,Opal's poster,https://acnhcdn.com/latest/FtrIcon/PosterNpcNmlElp00.png,1000,250,너굴 쇼핑 - 포스터,"파니의 섬 방문 후, 너굴 쇼핑 스페셜 상품 (섬에 살거나 스튜디오에서 아미보로 초대한 주민들)",베이지색,빨간색,구매가능,No,1x1
동동이의 포스터,10349,Ozzie's poster,https://acnhcdn.com/latest/FtrIcon/PosterNpcNmlKal05.png,1000,250,너굴 쇼핑 - 포스터,"파니의 섬 방문 후, 너굴 쇼핑 스페셜 상품 (섬에 살거나 스튜디오에서 아미보로 초대한 주민들)",갈색,노란색,구매가능,No,1x1
브리트니의 포스터,10314,Pancetti's poster,https://acnhcdn.com/latest/FtrIcon/PosterNpcNmlPig16.png,1000,250,너굴 쇼핑 - 포스터,"파니의 섬 방문 후, 너굴 쇼핑 스페셜 상품 (섬에 살거나 스튜디오에서 아미보로 초대한 주민들)",초록색,베이지색,구매가능,No,1x1
패트라의 포스터,10420,Pango's poster,https://acnhcdn.com/latest/FtrIcon/PosterNpcNmlAnt02.png,1000,250,너굴 쇼핑 - 포스터,"파니의 섬 방문 후, 너굴 쇼핑 스페셜 상품 (섬에 살거나 스튜디오에서 아미보로 초대한 주민들)",분홍색,노란색,구매가능,No,1x1
파올로의 포스터,10607,Paolo's poster,https://acnhcdn.com/latest/FtrIcon/PosterNpcNmlElp05.png,1000,250,너굴 쇼핑 - 포스터,"파니의 섬 방문 후, 너굴 쇼핑 스페셜 상품 (섬에 살거나 스튜디오에서 아미보로 초대한 주민들)",하얀색,하늘색,구매가능,No,1x1
마사마의 포스터,10564,Papi's poster,https://acnhcdn.com/latest/FtrIcon/PosterNpcNmlHrs12.png,1000,250,너굴 쇼핑 - 포스터,"파니의 섬 방문 후, 너굴 쇼핑 스페셜 상품 (섬에 살거나 스튜디오에서 아미보로 초대한 주민들)",빨간색,하늘색,구매가능,No,1x1
해탈한의 포스터,10785,Pascal's poster,https://acnhcdn.com/latest/FtrIcon/PosterNpcSpSeo.png,1000,250,너굴 쇼핑 - 포스터,"파니의 섬 방문 후, 너굴 쇼핑 스페셜 상품 (스튜디오에 아미보 카드로 초대)",주황색,베이지색,구매가능,No,1x1
바바라의 포스터,10537,Pashmina's poster,https://acnhcdn.com/latest/FtrIcon/PosterNpcNmlGoa08.png,1000,250,너굴 쇼핑 - 포스터,"파니의 섬 방문 후, 너굴 쇼핑 스페셜 상품 (섬에 살거나 스튜디오에서 아미보로 초대한 주민들)",하늘색,빨간색,구매가능,No,1x1
나키의 포스터,10361,Pate's poster,https://acnhcdn.com/latest/FtrIcon/PosterNpcNmlDuk02.png,1000,250,너굴 쇼핑 - 포스터,"파니의 섬 방문 후, 너굴 쇼핑 스페셜 상품 (섬에 살거나 스튜디오에서 아미보로 초대한 주민들)",갈색,하늘색,구매가능,No,1x1
밀크의 포스터,10656,Patty's poster,https://acnhcdn.com/latest/FtrIcon/PosterNpcNmlCow00.png,1000,250,너굴 쇼핑 - 포스터,"파니의 섬 방문 후, 너굴 쇼핑 스페셜 상품 (섬에 살거나 스튜디오에서 아미보로 초대한 주민들)",베이지색,분홍색,구매가능,No,1x1
레이첼의 포스터,10783,Paula's poster,https://acnhcdn.com/latest/FtrIcon/PosterNpcNmlBea10.png,1000,250,너굴 쇼핑 - 포스터,"파니의 섬 방문 후, 너굴 쇼핑 스페셜 상품 (섬에 살거나 스튜디오에서 아미보로 초대한 주민들)",하늘색,분홍색,구매가능,No,1x1
베르리나의 포스터,10520,Pavé's poster,https://acnhcdn.com/latest/FtrIcon/PosterNpcSpPck.png,1000,250,너굴 쇼핑 - 포스터,"파니의 섬 방문 후, 너굴 쇼핑 스페셜 상품 (스튜디오에 아미보 카드로 초대)",분홍색,하늘색,구매가능,No,1x1
말자의 포스터,10531,Peaches's poster,https://acnhcdn.com/latest/FtrIcon/PosterNpcNmlHrs08.png,1000,250,너굴 쇼핑 - 포스터,"파니의 섬 방문 후, 너굴 쇼핑 스페셜 상품 (섬에 살거나 스튜디오에서 아미보로 초대한 주민들)",분홍색,노란색,구매가능,No,1x1
핑키의 포스터,10325,Peanut's poster,https://acnhcdn.com/latest/FtrIcon/PosterNpcNmlSqu00.png,1000,250,너굴 쇼핑 - 포스터,"파니의 섬 방문 후, 너굴 쇼핑 스페셜 상품 (섬에 살거나 스튜디오에서 아미보로 초대한 주민들)",갈색,보라색,구매가능,No,1x1
레베카의 포스터,10409,Pecan's poster,https://acnhcdn.com/latest/FtrIcon/PosterNpcNmlSqu03.png,1000,250,너굴 쇼핑 - 포스터,"파니의 섬 방문 후, 너굴 쇼핑 스페셜 상품 (섬에 살거나 스튜디오에서 아미보로 초대한 주민들)",갈색,검정색,구매가능,No,1x1
문대의 포스터,10372,Peck's poster,https://acnhcdn.com/latest/FtrIcon/PosterNpcNmlBrd17.png,1000,250,너굴 쇼핑 - 포스터,"파니의 섬 방문 후, 너굴 쇼핑 스페셜 상품 (섬에 살거나 스튜디오에서 아미보로 초대한 주민들)",검정색,주황색,구매가능,No,1x1
덤벨의 포스터,10552,Peewee's poster,https://acnhcdn.com/latest/FtrIcon/PosterNpcNmlGor01.png,1000,250,너굴 쇼핑 - 포스터,"파니의 섬 방문 후, 너굴 쇼핑 스페셜 상품 (섬에 살거나 스튜디오에서 아미보로 초대한 주민들)",베이지색,빨간색,구매가능,No,1x1
체리의 포스터,10571,Peggy's poster,https://acnhcdn.com/latest/FtrIcon/PosterNpcNmlPig11.png,1000,250,너굴 쇼핑 - 포스터,"파니의 섬 방문 후, 너굴 쇼핑 스페셜 상품 (섬에 살거나 스튜디오에서 아미보로 초대한 주민들)",베이지색,노란색,구매가능,No,1x1
재스민의 포스터,10390,Pekoe's poster,https://acnhcdn.com/latest/FtrIcon/PosterNpcNmlCbr14.png,1000,250,너굴 쇼핑 - 포스터,"파니의 섬 방문 후, 너굴 쇼핑 스페셜 상품 (섬에 살거나 스튜디오에서 아미보로 초대한 주민들)",하얀색,빨간색,구매가능,No,1x1
펠리의 포스터,10429,Pelly's poster,https://acnhcdn.com/latest/FtrIcon/PosterNpcSpPlk.png,1000,250,너굴 쇼핑 - 포스터,"파니의 섬 방문 후, 너굴 쇼핑 스페셜 상품 (스튜디오에 아미보 카드로 초대)",분홍색,파란색,구매가능,No,1x1
찍순이의 포스터,10533,Penelope's poster,https://acnhcdn.com/latest/FtrIcon/PosterNpcNmlMus17.png,1000,250,너굴 쇼핑 - 포스터,"파니의 섬 방문 후, 너굴 쇼핑 스페셜 상품 (섬에 살거나 스튜디오에서 아미보로 초대한 주민들)",초록색,빨간색,구매가능,No,1x1
펠리오의 포스터,10780,Pete's poster,https://acnhcdn.com/latest/FtrIcon/PosterNpcSpPlo.png,1000,250,너굴 쇼핑 - 포스터,"파니의 섬 방문 후, 너굴 쇼핑 스페셜 상품 (스튜디오에 아미보 카드로 초대)",보라색,갈색,구매가능,No,1x1
케인의 포스터,10673,Phil's poster,https://acnhcdn.com/latest/FtrIcon/PosterNpcNmlOst07.png,1000,250,너굴 쇼핑 - 포스터,"파니의 섬 방문 후, 너굴 쇼핑 스페셜 상품 (섬에 살거나 스튜디오에서 아미보로 초대한 주민들)",베이지색,초록색,구매가능,No,1x1
파론티노의 포스터,10796,Phineas's poster,https://acnhcdn.com/latest/FtrIcon/PosterNpcSpFsl.png,1000,250,너굴 쇼핑 - 포스터,"파니의 섬 방문 후, 너굴 쇼핑 스페셜 상품 (스튜디오에 아미보 카드로 초대)",빨간색,노란색,구매가능,No,1x1
휘니의 포스터,10365,Phoebe's poster,https://acnhcdn.com/latest/FtrIcon/PosterNpcNmlOst10.png,1000,250,너굴 쇼핑 - 포스터,"파니의 섬 방문 후, 너굴 쇼핑 스페셜 상품 (섬에 살거나 스튜디오에서 아미보로 초대한 주민들)",보라색,빨간색,구매가능,No,1x1
펠리미의 포스터,10431,Phyllis's poster,https://acnhcdn.com/latest/FtrIcon/PosterNpcSpPlm.png,1000,250,너굴 쇼핑 - 포스터,"파니의 섬 방문 후, 너굴 쇼핑 스페셜 상품 (스튜디오에 아미보 카드로 초대)",하늘색,베이지색,구매가능,No,1x1
세바스찬의 포스터,10542,Pierce's poster,https://acnhcdn.com/latest/FtrIcon/PosterNpcNmlPbr02.png,1000,250,너굴 쇼핑 - 포스터,"파니의 섬 방문 후, 너굴 쇼핑 스페셜 상품 (섬에 살거나 스튜디오에서 아미보로 초대한 주민들)",컬러풀,베이지색,구매가능,No,1x1
피엘의 포스터,10562,Pietro's poster,https://acnhcdn.com/latest/FtrIcon/PosterNpcNmlShp13.png,1000,250,너굴 쇼핑 - 포스터,"파니의 섬 방문 후, 너굴 쇼핑 스페셜 상품 (섬에 살거나 스튜디오에서 아미보로 초대한 주민들)",분홍색,빨간색,구매가능,No,1x1
링링의 포스터,10798,Pinky's poster,https://acnhcdn.com/latest/FtrIcon/PosterNpcNmlBea01.png,1000,250,너굴 쇼핑 - 포스터,"파니의 섬 방문 후, 너굴 쇼핑 스페셜 상품 (섬에 살거나 스튜디오에서 아미보로 초대한 주민들)",하얀색,초록색,구매가능,No,1x1
파이프의 포스터,10810,Piper's poster,https://acnhcdn.com/latest/FtrIcon/PosterNpcNmlBrd05.png,1000,250,너굴 쇼핑 - 포스터,"파니의 섬 방문 후, 너굴 쇼핑 스페셜 상품 (섬에 살거나 스튜디오에서 아미보로 초대한 주민들)",베이지색,빨간색,구매가능,No,1x1
로타의 포스터,10484,Pippy's poster,https://acnhcdn.com/latest/FtrIcon/PosterNpcNmlRbt06.png,1000,250,너굴 쇼핑 - 포스터,"파니의 섬 방문 후, 너굴 쇼핑 스페셜 상품 (섬에 살거나 스튜디오에서 아미보로 초대한 주민들)",갈색,하늘색,구매가능,No,1x1
파타야의 포스터,10626,Plucky's poster,https://acnhcdn.com/latest/FtrIcon/PosterNpcNmlChn10.png,1000,250,너굴 쇼핑 - 포스터,"파니의 섬 방문 후, 너굴 쇼핑 스페셜 상품 (섬에 살거나 스튜디오에서 아미보로 초대한 주민들)",하얀색,분홍색,구매가능,No,1x1
주디의 포스터,10577,Pompom's poster,https://acnhcdn.com/latest/FtrIcon/PosterNpcNmlDuk05.png,1000,250,너굴 쇼핑 - 포스터,"파니의 섬 방문 후, 너굴 쇼핑 스페셜 상품 (섬에 살거나 스튜디오에서 아미보로 초대한 주민들)",노란색,갈색,구매가능,No,1x1
폼폼푸린 포스터,11122,Pompompurin poster,https://acnhcdn.com/latest/FtrIcon/PosterNpcNmlCbr18.png,1000,250,너굴 쇼핑 - 포스터,"파니의 섬 방문 후, 너굴 쇼핑 스페셜 상품 (섬에 살거나 스튜디오에서 아미보로 초대한 주민들)",파란색,초록색,구매가능,No,1x1
봉추의 포스터,10347,Poncho's poster,https://acnhcdn.com/latest/FtrIcon/PosterNpcNmlCbr02.png,1000,250,너굴 쇼핑 - 포스터,"파니의 섬 방문 후, 너굴 쇼핑 스페셜 상품 (섬에 살거나 스튜디오에서 아미보로 초대한 주민들)",빨간색,하늘색,구매가능,No,1x1
다람의 포스터,10668,Poppy's poster,https://acnhcdn.com/latest/FtrIcon/PosterNpcNmlSqu15.png,1000,250,너굴 쇼핑 - 포스터,"파니의 섬 방문 후, 너굴 쇼핑 스페셜 상품 (섬에 살거나 스튜디오에서 아미보로 초대한 주민들)",베이지색,파란색,구매가능,No,1x1
역무원의 포스터,10339,Porter's poster,https://acnhcdn.com/latest/FtrIcon/PosterNpcSpMnk.png,1000,250,너굴 쇼핑 - 포스터,"파니의 섬 방문 후, 너굴 쇼핑 스페셜 상품 (스튜디오에 아미보 카드로 초대)",하얀색,보라색,구매가능,No,1x1
블랜더의 포스터,10550,Portia's poster,https://acnhcdn.com/latest/FtrIcon/PosterNpcNmlDog05.png,1000,250,너굴 쇼핑 - 포스터,"파니의 섬 방문 후, 너굴 쇼핑 스페셜 상품 (섬에 살거나 스튜디오에서 아미보로 초대한 주민들)",초록색,하늘색,구매가능,No,1x1
카일의 포스터,10360,Prince's poster,https://acnhcdn.com/latest/FtrIcon/PosterNpcNmlFlg12.png,1000,250,너굴 쇼핑 - 포스터,"파니의 섬 방문 후, 너굴 쇼핑 스페셜 상품 (섬에 살거나 스튜디오에서 아미보로 초대한 주민들)",파란색,하얀색,구매가능,No,1x1
하키의 포스터,10660,Puck's poster,https://acnhcdn.com/latest/FtrIcon/PosterNpcNmlPgn06.png,1000,250,너굴 쇼핑 - 포스터,"파니의 섬 방문 후, 너굴 쇼핑 스페셜 상품 (섬에 살거나 스튜디오에서 아미보로 초대한 주민들)",분홍색,초록색,구매가능,No,1x1
가위의 포스터,10556,Puddles's poster,https://acnhcdn.com/latest/FtrIcon/PosterNpcNmlFlg06.png,1000,250,너굴 쇼핑 - 포스터,"파니의 섬 방문 후, 너굴 쇼핑 스페셜 상품 (섬에 살거나 스튜디오에서 아미보로 초대한 주민들)",주황색,초록색,구매가능,No,1x1
우띠의 포스터,10676,Pudge's poster,https://acnhcdn.com/latest/FtrIcon/PosterNpcNmlCbr03.png,1000,250,너굴 쇼핑 - 포스터,"파니의 섬 방문 후, 너굴 쇼핑 스페셜 상품 (섬에 살거나 스튜디오에서 아미보로 초대한 주민들)",검정색,하얀색,구매가능,No,1x1
빙티의 포스터,10819,Punchy's poster,https://acnhcdn.com/latest/FtrIcon/PosterNpcNmlCat06.png,1000,250,너굴 쇼핑 - 포스터,"파니의 섬 방문 후, 너굴 쇼핑 스페셜 상품 (섬에 살거나 스튜디오에서 아미보로 초대한 주민들)",베이지색,갈색,구매가능,No,1x1
타마의 포스터,10802,Purrl's poster,https://acnhcdn.com/latest/FtrIcon/PosterNpcNmlCat07.png,1000,250,너굴 쇼핑 - 포스터,"파니의 섬 방문 후, 너굴 쇼핑 스페셜 상품 (섬에 살거나 스튜디오에서 아미보로 초대한 주민들)",보라색,베이지색,구매가능,No,1x1
택주의 포스터,10543,Queenie's poster,https://acnhcdn.com/latest/FtrIcon/PosterNpcNmlOst00.png,1000,250,너굴 쇼핑 - 포스터,"파니의 섬 방문 후, 너굴 쇼핑 스페셜 상품 (섬에 살거나 스튜디오에서 아미보로 초대한 주민들)",초록색,회색,구매가능,No,1x1
덕근의 포스터,10658,Quillson's poster,https://acnhcdn.com/latest/FtrIcon/PosterNpcNmlDuk17.png,1000,250,너굴 쇼핑 - 포스터,"파니의 섬 방문 후, 너굴 쇼핑 스페셜 상품 (섬에 살거나 스튜디오에서 아미보로 초대한 주민들)",검정색,노란색,구매가능,No,1x1
개군의 포스터,10629,Raddle's poster,https://acnhcdn.com/latest/FtrIcon/PosterNpcNmlFlg15.png,1000,250,너굴 쇼핑 - 포스터,"파니의 섬 방문 후, 너굴 쇼핑 스페셜 상품 (섬에 살거나 스튜디오에서 아미보로 초대한 주민들)",빨간색,파란색,구매가능,No,1x1
글레이의 포스터,10625,Rasher's poster,https://acnhcdn.com/latest/FtrIcon/PosterNpcNmlPig02.png,1000,250,너굴 쇼핑 - 포스터,"파니의 섬 방문 후, 너굴 쇼핑 스페셜 상품 (섬에 살거나 스튜디오에서 아미보로 초대한 주민들)",회색,베이지색,구매가능,No,1x1
잭슨의 포스터,10861,Raymond's poster,https://acnhcdn.com/latest/FtrIcon/PosterNpcNmlCat23.png,1000,250,너굴 쇼핑 - 포스터,"파니의 섬 방문 후, 너굴 쇼핑 스페셜 상품 (섬에 살거나 스튜디오에서 아미보로 초대한 주민들)",주황색,초록색,구매가능,No,1x1
여욱의 포스터,10471,Redd's poster,https://acnhcdn.com/latest/FtrIcon/PosterNpcSpFox.png,1000,250,너굴 쇼핑 - 포스터,"파니의 섬 방문 후, 너굴 쇼핑 스페셜 상품 (스튜디오에 아미보 카드로 초대)",분홍색,빨간색,구매가능,No,1x1
리사의 포스터,10772,Reese's poster,https://acnhcdn.com/latest/FtrIcon/PosterNpcSpAlw.png,1000,250,너굴 쇼핑 - 포스터,"파니의 섬 방문 후, 너굴 쇼핑 스페셜 상품 (스튜디오에 아미보 카드로 초대)",분홍색,하얀색,구매가능,No,1x1
뿔님이의 포스터,10599,Renée's poster,https://acnhcdn.com/latest/FtrIcon/PosterNpcNmlRhn08.png,1000,250,너굴 쇼핑 - 포스터,"파니의 섬 방문 후, 너굴 쇼핑 스페셜 상품 (섬에 살거나 스튜디오에서 아미보로 초대한 주민들)",검정색,파란색,구매가능,No,1x1
리아나의 포스터,10857,Reneigh's poster,https://acnhcdn.com/latest/FtrIcon/PosterNpcNmlHrs16.png,1000,250,너굴 쇼핑 - 포스터,"파니의 섬 방문 후, 너굴 쇼핑 스페셜 상품 (섬에 살거나 스튜디오에서 아미보로 초대한 주민들)",갈색,하늘색,구매가능,No,1x1
도루묵씨의 포스터,10313,Resetti's poster,https://acnhcdn.com/latest/FtrIcon/PosterNpcSpMol.png,1000,250,너굴 쇼핑 - 포스터,"파니의 섬 방문 후, 너굴 쇼핑 스페셜 상품 (스튜디오에 아미보 카드로 초대)",갈색,하늘색,구매가능,No,1x1
렉스의 포스터,10618,Rex's poster,https://acnhcdn.com/latest/FtrIcon/PosterNpcNmlLon02.png,1000,250,너굴 쇼핑 - 포스터,"파니의 섬 방문 후, 너굴 쇼핑 스페셜 상품 (섬에 살거나 스튜디오에서 아미보로 초대한 주민들)",하얀색,보라색,구매가능,No,1x1
론다의 포스터,10383,Rhonda's poster,https://acnhcdn.com/latest/FtrIcon/PosterNpcNmlRhn01.png,1000,250,너굴 쇼핑 - 포스터,"파니의 섬 방문 후, 너굴 쇼핑 스페셜 상품 (섬에 살거나 스튜디오에서 아미보로 초대한 주민들)",회색,노란색,구매가능,No,1x1
철컥의 포스터,10572,Ribbot's poster,https://acnhcdn.com/latest/FtrIcon/PosterNpcNmlFlg01.png,1000,250,너굴 쇼핑 - 포스터,"파니의 섬 방문 후, 너굴 쇼핑 스페셜 상품 (섬에 살거나 스튜디오에서 아미보로 초대한 주민들)",주황색,파란색,구매가능,No,1x1
갈가리의 포스터,10458,Ricky's poster,https://acnhcdn.com/latest/FtrIcon/PosterNpcNmlSqu10.png,1000,250,너굴 쇼핑 - 포스터,"파니의 섬 방문 후, 너굴 쇼핑 스페셜 상품 (섬에 살거나 스튜디오에서 아미보로 초대한 주민들)",보라색,파란색,구매가능,No,1x1
조르쥐의 포스터,10581,Rizzo's poster,https://acnhcdn.com/latest/FtrIcon/PosterNpcNmlMus09.png,1000,250,너굴 쇼핑 - 포스터,"파니의 섬 방문 후, 너굴 쇼핑 스페셜 상품 (섬에 살거나 스튜디오에서 아미보로 초대한 주민들)",파란색,빨간색,구매가능,No,1x1
펭수의 포스터,10328,Roald's poster,https://acnhcdn.com/latest/FtrIcon/PosterNpcNmlPgn01.png,1000,250,너굴 쇼핑 - 포스터,"파니의 섬 방문 후, 너굴 쇼핑 스페셜 상품 (섬에 살거나 스튜디오에서 아미보로 초대한 주민들)",파란색,노란색,구매가능,No,1x1
파틱의 포스터,10809,Robin's poster,https://acnhcdn.com/latest/FtrIcon/PosterNpcNmlBrd01.png,1000,250,너굴 쇼핑 - 포스터,"파니의 섬 방문 후, 너굴 쇼핑 스페셜 상품 (섬에 살거나 스튜디오에서 아미보로 초대한 주민들)",초록색,검정색,구매가능,No,1x1
곤잘레스의 포스터,10527,Rocco's poster,https://acnhcdn.com/latest/FtrIcon/PosterNpcNmlHip00.png,1000,250,너굴 쇼핑 - 포스터,"파니의 섬 방문 후, 너굴 쇼핑 스페셜 상품 (섬에 살거나 스튜디오에서 아미보로 초대한 주민들)",분홍색,하늘색,구매가능,No,1x1
4호의 포스터,10427,Rocket's poster,https://acnhcdn.com/latest/FtrIcon/PosterNpcNmlGor09.png,1000,250,너굴 쇼핑 - 포스터,"파니의 섬 방문 후, 너굴 쇼핑 스페셜 상품 (섬에 살거나 스튜디오에서 아미보로 초대한 주민들)",보라색,하늘색,구매가능,No,1x1
쟝의 포스터,10566,Rod's poster,https://acnhcdn.com/latest/FtrIcon/PosterNpcNmlMus05.png,1000,250,너굴 쇼핑 - 포스터,"파니의 섬 방문 후, 너굴 쇼핑 스페셜 상품 (섬에 살거나 스튜디오에서 아미보로 초대한 주민들)",회색,검정색,구매가능,No,1x1
로데오의 포스터,10446,Rodeo's poster,https://acnhcdn.com/latest/FtrIcon/PosterNpcNmlBul01.png,1000,250,너굴 쇼핑 - 포스터,"파니의 섬 방문 후, 너굴 쇼핑 스페셜 상품 (섬에 살거나 스튜디오에서 아미보로 초대한 주민들)",하늘색,베이지색,구매가능,No,1x1
지미의 포스터,10375,Rodney's poster,https://acnhcdn.com/latest/FtrIcon/PosterNpcNmlHam03.png,1000,250,너굴 쇼핑 - 포스터,"파니의 섬 방문 후, 너굴 쇼핑 스페셜 상품 (섬에 살거나 스튜디오에서 아미보로 초대한 주민들)",하얀색,파란색,구매가능,No,1x1
호랭이의 포스터,10509,Rolf's poster,https://acnhcdn.com/latest/FtrIcon/PosterNpcNmlTig00.png,1000,250,너굴 쇼핑 - 포스터,"파니의 섬 방문 후, 너굴 쇼핑 스페셜 상품 (섬에 살거나 스튜디오에서 아미보로 초대한 주민들)",하늘색,검정색,구매가능,No,1x1
마이크의 포스터,10487,Rooney's poster,https://acnhcdn.com/latest/FtrIcon/PosterNpcNmlKgr09.png,1000,250,너굴 쇼핑 - 포스터,"파니의 섬 방문 후, 너굴 쇼핑 스페셜 상품 (섬에 살거나 스튜디오에서 아미보로 초대한 주민들)",주황색,하늘색,구매가능,No,1x1
아더의 포스터,10557,Rory's poster,https://acnhcdn.com/latest/FtrIcon/PosterNpcNmlLon07.png,1000,250,너굴 쇼핑 - 포스터,"파니의 섬 방문 후, 너굴 쇼핑 스페셜 상품 (섬에 살거나 스튜디오에서 아미보로 초대한 주민들)",검정색,회색,구매가능,No,1x1
슈베르트의 포스터,10690,Roscoe's poster,https://acnhcdn.com/latest/FtrIcon/PosterNpcNmlHrs04.png,1000,250,너굴 쇼핑 - 포스터,"파니의 섬 방문 후, 너굴 쇼핑 스페셜 상품 (섬에 살거나 스튜디오에서 아미보로 초대한 주민들)",파란색,분홍색,구매가능,No,1x1
부케의 포스터,10805,Rosie's poster,https://acnhcdn.com/latest/FtrIcon/PosterNpcNmlCat02.png,1000,250,너굴 쇼핑 - 포스터,"파니의 섬 방문 후, 너굴 쇼핑 스페셜 상품 (섬에 살거나 스튜디오에서 아미보로 초대한 주민들)",파란색,빨간색,구매가능,No,1x1
낯선고양이의 포스터,10428,Rover's poster,https://acnhcdn.com/latest/FtrIcon/PosterNpcSpXct.png,1000,250,너굴 쇼핑 - 포스터,"파니의 섬 방문 후, 너굴 쇼핑 스페셜 상품 (스튜디오에 아미보 카드로 초대)",주황색,하늘색,구매가능,No,1x1
고메스의 포스터,10592,Rowan's poster,https://acnhcdn.com/latest/FtrIcon/PosterNpcNmlTig01.png,1000,250,너굴 쇼핑 - 포스터,"파니의 섬 방문 후, 너굴 쇼핑 스페셜 상품 (섬에 살거나 스튜디오에서 아미보로 초대한 주민들)",하얀색,파란색,구매가능,No,1x1
루나의 포스터,10399,Ruby's poster,https://acnhcdn.com/latest/FtrIcon/PosterNpcNmlRbt09.png,1000,250,너굴 쇼핑 - 포스터,"파니의 섬 방문 후, 너굴 쇼핑 스페셜 상품 (섬에 살거나 스튜디오에서 아미보로 초대한 주민들)",갈색,컬러풀,구매가능,No,1x1
찰스의 포스터,10549,Rudy's poster,https://acnhcdn.com/latest/FtrIcon/PosterNpcNmlCat20.png,1000,250,너굴 쇼핑 - 포스터,"파니의 섬 방문 후, 너굴 쇼핑 스페셜 상품 (섬에 살거나 스튜디오에서 아미보로 초대한 주민들)",갈색,초록색,구매가능,No,1x1
고옥이의 포스터,10777,Sable's poster,https://acnhcdn.com/latest/FtrIcon/PosterNpcSpHgs.png,1000,250,너굴 쇼핑 - 포스터,"파니의 섬 방문 후, 너굴 쇼핑 스페셜 상품 (섬에 살거나 스튜디오에서 아미보로 초대한 주민들)",베이지색,하늘색,구매가능,No,1x1
사하라의 포스터,10481,Saharah's poster,https://acnhcdn.com/latest/FtrIcon/PosterNpcSpCml.png,1000,250,너굴 쇼핑 - 포스터,"파니의 섬 방문 후, 너굴 쇼핑 스페셜 상품 (섬에 살거나 스튜디오에서 아미보로 초대한 주민들)",주황색,초록색,구매가능,No,1x1
라라미의 포스터,10575,Sally's poster,https://acnhcdn.com/latest/FtrIcon/PosterNpcNmlSqu07.png,1000,250,너굴 쇼핑 - 포스터,"파니의 섬 방문 후, 너굴 쇼핑 스페셜 상품 (섬에 살거나 스튜디오에서 아미보로 초대한 주민들)",회색,초록색,구매가능,No,1x1
피스의 포스터,10674,Samson's poster,https://acnhcdn.com/latest/FtrIcon/PosterNpcNmlMus04.png,1000,250,너굴 쇼핑 - 포스터,"파니의 섬 방문 후, 너굴 쇼핑 스페셜 상품 (섬에 살거나 스튜디오에서 아미보로 초대한 주민들)",주황색,파란색,구매가능,No,1x1
샌디의 포스터,10627,Sandy's poster,https://acnhcdn.com/latest/FtrIcon/PosterNpcNmlOst02.png,1000,250,너굴 쇼핑 - 포스터,"파니의 섬 방문 후, 너굴 쇼핑 스페셜 상품 (섬에 살거나 스튜디오에서 아미보로 초대한 주민들)",하얀색,빨간색,구매가능,No,1x1
사반나의 포스터,10363,Savannah's poster,https://acnhcdn.com/latest/FtrIcon/PosterNpcNmlHrs02.png,1000,250,너굴 쇼핑 - 포스터,"파니의 섬 방문 후, 너굴 쇼핑 스페셜 상품 (섬에 살거나 스튜디오에서 아미보로 초대한 주민들)",초록색,파란색,구매가능,No,1x1
지키미의 포스터,10376,Scoot's poster,https://acnhcdn.com/latest/FtrIcon/PosterNpcNmlDuk10.png,1000,250,너굴 쇼핑 - 포스터,"파니의 섬 방문 후, 너굴 쇼핑 스페셜 상품 (섬에 살거나 스튜디오에서 아미보로 초대한 주민들)",회색,초록색,구매가능,No,1x1
젤리의 포스터,10661,Shari's poster,https://acnhcdn.com/latest/FtrIcon/PosterNpcNmlMnk07.png,1000,250,너굴 쇼핑 - 포스터,"파니의 섬 방문 후, 너굴 쇼핑 스페셜 상품 (섬에 살거나 스튜디오에서 아미보로 초대한 주민들)",노란색,빨간색,구매가능,No,1x1
크리스의 포스터,10645,Sheldon's poster,https://acnhcdn.com/latest/FtrIcon/PosterNpcNmlSqu16.png,1000,250,너굴 쇼핑 - 포스터,"파니의 섬 방문 후, 너굴 쇼핑 스페셜 상품 (섬에 살거나 스튜디오에서 아미보로 초대한 주민들)",갈색,베이지색,구매가능,No,1x1
밥의 포스터,10538,Shep's poster,https://acnhcdn.com/latest/FtrIcon/PosterNpcNmlDog18.png,1000,250,너굴 쇼핑 - 포스터,"파니의 섬 방문 후, 너굴 쇼핑 스페셜 상품 (섬에 살거나 스튜디오에서 아미보로 초대한 주민들)",하늘색,분홍색,구매가능,No,1x1
래미의 포스터,10863,Sherb's poster,https://acnhcdn.com/latest/FtrIcon/PosterNpcNmlGoa09.png,1000,250,너굴 쇼핑 - 포스터,"파니의 섬 방문 후, 너굴 쇼핑 스페셜 상품 (섬에 살거나 스튜디오에서 아미보로 초대한 주민들)",빨간색,컬러풀,구매가능,No,1x1
스승의 포스터,10341,Shrunk's poster,https://acnhcdn.com/latest/FtrIcon/PosterNpcSpUpa.png,1000,250,너굴 쇼핑 - 포스터,"파니의 섬 방문 후, 너굴 쇼핑 스페셜 상품 (스튜디오에 아미보 카드로 초대)",노란색,빨간색,구매가능,No,1x1
시몬의 포스터,10601,Simon's poster,https://acnhcdn.com/latest/FtrIcon/PosterNpcNmlMnk02.png,1000,250,너굴 쇼핑 - 포스터,"파니의 섬 방문 후, 너굴 쇼핑 스페셜 상품 (섬에 살거나 스튜디오에서 아미보로 초대한 주민들)",하늘색,빨간색,구매가능,No,1x1
릴리의 포스터,10489,Skye's poster,https://acnhcdn.com/latest/FtrIcon/PosterNpcNmlWol09.png,1000,250,너굴 쇼핑 - 포스터,"파니의 섬 방문 후, 너굴 쇼핑 스페셜 상품 (섬에 살거나 스튜디오에서 아미보로 초대한 주민들)",주황색,갈색,구매가능,No,1x1
하이드의 포스터,10368,Sly's poster,https://acnhcdn.com/latest/FtrIcon/PosterNpcNmlCrd06.png,1000,250,너굴 쇼핑 - 포스터,"파니의 섬 방문 후, 너굴 쇼핑 스페셜 상품 (섬에 살거나 스튜디오에서 아미보로 초대한 주민들)",분홍색,파란색,구매가능,No,1x1
닌토의 포스터,10671,Snake's poster,https://acnhcdn.com/latest/FtrIcon/PosterNpcNmlRbt03.png,1000,250,너굴 쇼핑 - 포스터,"파니의 섬 방문 후, 너굴 쇼핑 스페셜 상품 (섬에 살거나 스튜디오에서 아미보로 초대한 주민들)",분홍색,초록색,구매가능,No,1x1
스누티의 포스터,10815,Snooty's poster,https://acnhcdn.com/latest/FtrIcon/PosterNpcNmlAnt06.png,1000,250,너굴 쇼핑 - 포스터,"파니의 섬 방문 후, 너굴 쇼핑 스페셜 상품 (섬에 살거나 스튜디오에서 아미보로 초대한 주민들)",주황색,하늘색,구매가능,No,1x1
샨티의 포스터,10511,Soleil's poster,https://acnhcdn.com/latest/FtrIcon/PosterNpcNmlHam04.png,1000,250,너굴 쇼핑 - 포스터,"파니의 섬 방문 후, 너굴 쇼핑 스페셜 상품 (섬에 살거나 스튜디오에서 아미보로 초대한 주민들)",갈색,파란색,구매가능,No,1x1
춘섭의 포스터,10793,Sparro's poster,https://acnhcdn.com/latest/FtrIcon/PosterNpcNmlBrd18.png,1000,250,너굴 쇼핑 - 포스터,"파니의 섬 방문 후, 너굴 쇼핑 스페셜 상품 (섬에 살거나 스튜디오에서 아미보로 초대한 주민들)",주황색,검정색,구매가능,No,1x1
스쿼트의 포스터,10639,Spike's poster,https://acnhcdn.com/latest/FtrIcon/PosterNpcNmlRhn02.png,1000,250,너굴 쇼핑 - 포스터,"파니의 섬 방문 후, 너굴 쇼핑 스페셜 상품 (섬에 살거나 스튜디오에서 아미보로 초대한 주민들)",하얀색,분홍색,구매가능,No,1x1
포크의 포스터,10454,Spork's poster,https://acnhcdn.com/latest/FtrIcon/PosterNpcNmlPig05.png,1000,250,너굴 쇼핑 - 포스터,"파니의 섬 방문 후, 너굴 쇼핑 스페셜 상품 (섬에 살거나 스튜디오에서 아미보로 초대한 주민들)",초록색,검정색,구매가능,No,1x1
크리미의 포스터,10405,Sprinkle's poster,https://acnhcdn.com/latest/FtrIcon/PosterNpcNmlPgn14.png,1000,250,너굴 쇼핑 - 포스터,"파니의 섬 방문 후, 너굴 쇼핑 스페셜 상품 (섬에 살거나 스튜디오에서 아미보로 초대한 주민들)",보라색,갈색,구매가능,No,1x1
헤르츠의 포스터,10644,Sprocket's poster,https://acnhcdn.com/latest/FtrIcon/PosterNpcNmlOst03.png,1000,250,너굴 쇼핑 - 포스터,"파니의 섬 방문 후, 너굴 쇼핑 스페셜 상품 (섬에 살거나 스튜디오에서 아미보로 초대한 주민들)",분홍색,하늘색,구매가능,No,1x1
스파크의 포스터,10567,Static's poster,https://acnhcdn.com/latest/FtrIcon/PosterNpcNmlSqu08.png,1000,250,너굴 쇼핑 - 포스터,"파니의 섬 방문 후, 너굴 쇼핑 스페셜 상품 (섬에 살거나 스튜디오에서 아미보로 초대한 주민들)",회색,파란색,구매가능,No,1x1
아크릴의 포스터,10609,Stella's poster,https://acnhcdn.com/latest/FtrIcon/PosterNpcNmlShp03.png,1000,250,너굴 쇼핑 - 포스터,"파니의 섬 방문 후, 너굴 쇼핑 스페셜 상품 (섬에 살거나 스튜디오에서 아미보로 초대한 주민들)",빨간색,회색,구매가능,No,1x1
은수리의 포스터,10665,Sterling's poster,https://acnhcdn.com/latest/FtrIcon/PosterNpcNmlPbr07.png,1000,250,너굴 쇼핑 - 포스터,"파니의 섬 방문 후, 너굴 쇼핑 스페셜 상품 (섬에 살거나 스튜디오에서 아미보로 초대한 주민들)",컬러풀,하늘색,구매가능,No,1x1
땀띠의 포스터,10475,Stinky's poster,https://acnhcdn.com/latest/FtrIcon/PosterNpcNmlCat13.png,1000,250,너굴 쇼핑 - 포스터,"파니의 섬 방문 후, 너굴 쇼핑 스페셜 상품 (섬에 살거나 스튜디오에서 아미보로 초대한 주민들)",파란색,파란색,구매가능,No,1x1
패치의 포스터,10524,Stitches's poster,https://acnhcdn.com/latest/FtrIcon/PosterNpcNmlCbr05.png,1000,250,너굴 쇼핑 - 포스터,"파니의 섬 방문 후, 너굴 쇼핑 스페셜 상품 (섬에 살거나 스튜디오에서 아미보로 초대한 주민들)",보라색,노란색,구매가능,No,1x1
모리스의 포스터,10811,Stu's poster,https://acnhcdn.com/latest/FtrIcon/PosterNpcNmlBul03.png,1000,250,너굴 쇼핑 - 포스터,"파니의 섬 방문 후, 너굴 쇼핑 스페셜 상품 (섬에 살거나 스튜디오에서 아미보로 초대한 주민들)",갈색,보라색,구매가능,No,1x1
시드니의 포스터,10582,Sydney's poster,https://acnhcdn.com/latest/FtrIcon/PosterNpcNmlKal03.png,1000,250,너굴 쇼핑 - 포스터,"파니의 섬 방문 후, 너굴 쇼핑 스페셜 상품 (섬에 살거나 스튜디오에서 아미보로 초대한 주민들)",보라색,주황색,구매가능,No,1x1
실바나의 포스터,10612,Sylvana's poster,https://acnhcdn.com/latest/FtrIcon/PosterNpcNmlSqu14.png,1000,250,너굴 쇼핑 - 포스터,"파니의 섬 방문 후, 너굴 쇼핑 스페셜 상품 (섬에 살거나 스튜디오에서 아미보로 초대한 주민들)",회색,파란색,구매가능,No,1x1
실비아의 포스터,10574,Sylvia's poster,https://acnhcdn.com/latest/FtrIcon/PosterNpcNmlKgr06.png,1000,250,너굴 쇼핑 - 포스터,"파니의 섬 방문 후, 너굴 쇼핑 스페셜 상품 (섬에 살거나 스튜디오에서 아미보로 초대한 주민들)",주황색,검정색,구매가능,No,1x1
티본의 포스터,10823,T-Bone's poster,https://acnhcdn.com/latest/FtrIcon/PosterNpcNmlBul05.png,1000,250,너굴 쇼핑 - 포스터,"파니의 섬 방문 후, 너굴 쇼핑 스페셜 상품 (섬에 살거나 스튜디오에서 아미보로 초대한 주민들)",초록색,파란색,구매가능,No,1x1
호냥이의 포스터,10441,Tabby's poster,https://acnhcdn.com/latest/FtrIcon/PosterNpcNmlCat12.png,1000,250,너굴 쇼핑 - 포스터,"파니의 섬 방문 후, 너굴 쇼핑 스페셜 상품 (섬에 살거나 스튜디오에서 아미보로 초대한 주민들)",노란색,보라색,구매가능,No,1x1
텀보의 포스터,10641,Tad's poster,https://acnhcdn.com/latest/FtrIcon/PosterNpcNmlFlg09.png,1000,250,너굴 쇼핑 - 포스터,"파니의 섬 방문 후, 너굴 쇼핑 스페셜 상품 (섬에 살거나 스튜디오에서 아미보로 초대한 주민들)",노란색,하늘색,구매가능,No,1x1
에이프릴의 포스터,10476,Tammi's poster,https://acnhcdn.com/latest/FtrIcon/PosterNpcNmlMnk03.png,1000,250,너굴 쇼핑 - 포스터,"파니의 섬 방문 후, 너굴 쇼핑 스페셜 상품 (섬에 살거나 스튜디오에서 아미보로 초대한 주민들)",주황색,초록색,구매가능,No,1x1
아네사의 포스터,10553,Tammy's poster,https://acnhcdn.com/latest/FtrIcon/PosterNpcNmlCbr17.png,1000,250,너굴 쇼핑 - 포스터,"파니의 섬 방문 후, 너굴 쇼핑 스페셜 상품 (섬에 살거나 스튜디오에서 아미보로 초대한 주민들)",회색,빨간색,구매가능,No,1x1
백프로의 포스터,10786,Tangy's poster,https://acnhcdn.com/latest/FtrIcon/PosterNpcNmlCat05.png,1000,250,너굴 쇼핑 - 포스터,"파니의 섬 방문 후, 너굴 쇼핑 스페셜 상품 (섬에 살거나 스튜디오에서 아미보로 초대한 주민들)",검정색,갈색,구매가능,No,1x1
탱크의 포스터,10578,Tank's poster,https://acnhcdn.com/latest/FtrIcon/PosterNpcNmlRhn00.png,1000,250,너굴 쇼핑 - 포스터,"파니의 섬 방문 후, 너굴 쇼핑 스페셜 상품 (섬에 살거나 스튜디오에서 아미보로 초대한 주민들)",주황색,컬러풀,구매가능,No,1x1
나타샤의 포스터,10651,Tasha's poster,https://acnhcdn.com/latest/FtrIcon/PosterNpcNmlSqu13.png,1000,250,너굴 쇼핑 - 포스터,"파니의 섬 방문 후, 너굴 쇼핑 스페셜 상품 (섬에 살거나 스튜디오에서 아미보로 초대한 주민들)",검정색,회색,구매가능,No,1x1
병태의 포스터,10775,Teddy's poster,https://acnhcdn.com/latest/FtrIcon/PosterNpcNmlBea00.png,1000,250,너굴 쇼핑 - 포스터,"파니의 섬 방문 후, 너굴 쇼핑 스페셜 상품 (섬에 살거나 스튜디오에서 아미보로 초대한 주민들)",하얀색,하늘색,구매가능,No,1x1
볼트의 포스터,10546,Tex's poster,https://acnhcdn.com/latest/FtrIcon/PosterNpcNmlPgn12.png,1000,250,너굴 쇼핑 - 포스터,"파니의 섬 방문 후, 너굴 쇼핑 스페셜 상품 (섬에 살거나 스튜디오에서 아미보로 초대한 주민들)",하얀색,검정색,구매가능,No,1x1
티나의 포스터,10350,Tia's poster,https://acnhcdn.com/latest/FtrIcon/PosterNpcNmlElp10.png,1000,250,너굴 쇼핑 - 포스터,"파니의 섬 방문 후, 너굴 쇼핑 스페셜 상품 (섬에 살거나 스튜디오에서 아미보로 초대한 주민들)",갈색,파란색,구매가능,No,1x1
바슬레의 포스터,10635,Tiffany's poster,https://acnhcdn.com/latest/FtrIcon/PosterNpcNmlRbt07.png,1000,250,너굴 쇼핑 - 포스터,"파니의 섬 방문 후, 너굴 쇼핑 스페셜 상품 (섬에 살거나 스튜디오에서 아미보로 초대한 주민들)",갈색,초록색,구매가능,No,1x1
잔디의 포스터,10388,Timbra's poster,https://acnhcdn.com/latest/FtrIcon/PosterNpcNmlShp10.png,1000,250,너굴 쇼핑 - 포스터,"파니의 섬 방문 후, 너굴 쇼핑 스페셜 상품 (섬에 살거나 스튜디오에서 아미보로 초대한 주민들)",하얀색,분홍색,구매가능,No,1x1
콩돌이의 포스터,10437,Timmy's poster,https://acnhcdn.com/latest/FtrIcon/PosterNpcSpRcm.png,1000,250,너굴 쇼핑 - 포스터,"파니의 섬 방문 후, 너굴 쇼핑 스페셜 상품 (섬에 살거나 스튜디오에서 아미보로 초대한 주민들)",갈색,초록색,구매가능,No,1x1
마틸다의 포스터,10359,Tipper's poster,https://acnhcdn.com/latest/FtrIcon/PosterNpcNmlCow01.png,1000,250,너굴 쇼핑 - 포스터,"파니의 섬 방문 후, 너굴 쇼핑 스페셜 상품 (섬에 살거나 스튜디오에서 아미보로 초대한 주민들)",파란색,검정색,구매가능,No,1x1
너굴의 포스터,10384,Tom Nook's poster,https://acnhcdn.com/latest/FtrIcon/PosterNpcSpRco.png,1000,250,너굴 쇼핑 - 포스터,"파니의 섬 방문 후, 너굴 쇼핑 스페셜 상품 (섬에 살거나 스튜디오에서 아미보로 초대한 주민들)",갈색,초록색,구매가능,No,1x1
밴덤의 포스터,10358,Tom's poster,https://acnhcdn.com/latest/FtrIcon/PosterNpcNmlCat15.png,1000,250,너굴 쇼핑 - 포스터,"파니의 섬 방문 후, 너굴 쇼핑 스페셜 상품 (섬에 살거나 스튜디오에서 아미보로 초대한 주민들)",초록색,파란색,구매가능,No,1x1
밤돌이의 포스터,10338,Tommy's poster,https://acnhcdn.com/latest/FtrIcon/PosterNpcSpRct.png,1000,250,너굴 쇼핑 - 포스터,"파니의 섬 방문 후, 너굴 쇼핑 스페셜 상품 (섬에 살거나 스튜디오에서 아미보로 초대한 주민들)",분홍색,주황색,구매가능,No,1x1
고북의 포스터,10792,Tortimer's poster,https://acnhcdn.com/latest/FtrIcon/PosterNpcSpTtlA.png,1000,250,너굴 쇼핑 - 포스터,"파니의 섬 방문 후, 너굴 쇼핑 스페셜 상품 (스튜디오에 아미보 카드로 초대)",주황색,노란색,구매가능,No,1x1
탱고의 포스터,10691,Truffles's poster,https://acnhcdn.com/latest/FtrIcon/PosterNpcNmlPig01.png,1000,250,너굴 쇼핑 - 포스터,"파니의 섬 방문 후, 너굴 쇼핑 스페셜 상품 (섬에 살거나 스튜디오에서 아미보로 초대한 주민들)",하얀색,빨간색,구매가능,No,1x1
맘모의 포스터,10477,Tucker's poster,https://acnhcdn.com/latest/FtrIcon/PosterNpcNmlElp09.png,1000,250,너굴 쇼핑 - 포스터,"파니의 섬 방문 후, 너굴 쇼핑 스페셜 상품 (섬에 살거나 스튜디오에서 아미보로 초대한 주민들)",노란색,하늘색,구매가능,No,1x1
연유의 포스터,10822,Tutu's poster,https://acnhcdn.com/latest/FtrIcon/PosterNpcNmlBea07.png,1000,250,너굴 쇼핑 - 포스터,"파니의 섬 방문 후, 너굴 쇼핑 스페셜 상품 (섬에 살거나 스튜디오에서 아미보로 초대한 주민들)",주황색,주황색,구매가능,No,1x1
핀틱의 포스터,10808,Twiggy's poster,https://acnhcdn.com/latest/FtrIcon/PosterNpcNmlBrd03.png,1000,250,너굴 쇼핑 - 포스터,"파니의 섬 방문 후, 너굴 쇼핑 스페셜 상품 (섬에 살거나 스튜디오에서 아미보로 초대한 주민들)",분홍색,노란색,구매가능,No,1x1
티볼트의 포스터,10610,Tybalt's poster,https://acnhcdn.com/latest/FtrIcon/PosterNpcNmlTig02.png,1000,250,너굴 쇼핑 - 포스터,"파니의 섬 방문 후, 너굴 쇼핑 스페셜 상품 (섬에 살거나 스튜디오에서 아미보로 초대한 주민들)",분홍색,갈색,구매가능,No,1x1
네이아의 포스터,10812,Ursala's poster,https://acnhcdn.com/latest/FtrIcon/PosterNpcNmlBea08.png,1000,250,너굴 쇼핑 - 포스터,"파니의 섬 방문 후, 너굴 쇼핑 스페셜 상품 (섬에 살거나 스튜디오에서 아미보로 초대한 주민들)",하얀색,검정색,구매가능,No,1x1
벨마의 포스터,10449,Velma's poster,https://acnhcdn.com/latest/FtrIcon/PosterNpcNmlGoa06.png,1000,250,너굴 쇼핑 - 포스터,"파니의 섬 방문 후, 너굴 쇼핑 스페셜 상품 (섬에 살거나 스튜디오에서 아미보로 초대한 주민들)",갈색,검정색,구매가능,No,1x1
메리어스의 포스터,10418,Vesta's poster,https://acnhcdn.com/latest/FtrIcon/PosterNpcNmlShp00.png,1000,250,너굴 쇼핑 - 포스터,"파니의 섬 방문 후, 너굴 쇼핑 스페셜 상품 (섬에 살거나 스튜디오에서 아미보로 초대한 주민들)",노란색,초록색,구매가능,No,1x1
노르망의 포스터,10415,Vic's poster,https://acnhcdn.com/latest/FtrIcon/PosterNpcNmlBul08.png,1000,250,너굴 쇼핑 - 포스터,"파니의 섬 방문 후, 너굴 쇼핑 스페셜 상품 (섬에 살거나 스튜디오에서 아미보로 초대한 주민들)",빨간색,노란색,구매가능,No,1x1
센트엘로의 포스터,10497,Victoria's poster,https://acnhcdn.com/latest/FtrIcon/PosterNpcNmlHrs01.png,1000,250,너굴 쇼핑 - 포스터,"파니의 섬 방문 후, 너굴 쇼핑 스페셜 상품 (섬에 살거나 스튜디오에서 아미보로 초대한 주민들)",분홍색,초록색,구매가능,No,1x1
마을 주민의 포스터,10741,Villager's poster,https://acnhcdn.com/latest/FtrIcon/PosterVillager.png,1000,250,너굴 쇼핑 - 포스터,"파니의 섬 방문 후, 너굴 쇼핑 스페셜 상품 (스튜디오에 아미보 카드로 초대)",갈색,베이지색,구매가능,No,1x1
줌마의 포스터,10499,Violet's poster,https://acnhcdn.com/latest/FtrIcon/PosterNpcNmlGor07.png,1000,250,너굴 쇼핑 - 포스터,"파니의 섬 방문 후, 너굴 쇼핑 스페셜 상품 (섬에 살거나 스튜디오에서 아미보로 초대한 주민들)",분홍색,회색,구매가능,No,1x1
바네사의 포스터,10603,Vivian's poster,https://acnhcdn.com/latest/FtrIcon/PosterNpcNmlWol08.png,1000,250,너굴 쇼핑 - 포스터,"파니의 섬 방문 후, 너굴 쇼핑 스페셜 상품 (섬에 살거나 스튜디오에서 아미보로 초대한 주민들)",검정색,파란색,구매가능,No,1x1
곰비의 포스터,10362,Vladimir's poster,https://acnhcdn.com/latest/FtrIcon/PosterNpcNmlCbr06.png,1000,250,너굴 쇼핑 - 포스터,"파니의 섬 방문 후, 너굴 쇼핑 스페셜 상품 (섬에 살거나 스튜디오에서 아미보로 초대한 주민들)",회색,초록색,구매가능,No,1x1
호떡의 포스터,10614,Wade's poster,https://acnhcdn.com/latest/FtrIcon/PosterNpcNmlPgn09.png,1000,250,너굴 쇼핑 - 포스터,"파니의 섬 방문 후, 너굴 쇼핑 스페셜 상품 (섬에 살거나 스튜디오에서 아미보로 초대한 주민들)",회색,갈색,구매가능,No,1x1
벤의 포스터,10330,Walker's poster,https://acnhcdn.com/latest/FtrIcon/PosterNpcNmlDog06.png,1000,250,너굴 쇼핑 - 포스터,"파니의 섬 방문 후, 너굴 쇼핑 스페셜 상품 (섬에 살거나 스튜디오에서 아미보로 초대한 주민들)",주황색,초록색,구매가능,No,1x1
관록의 포스터,10559,Walt's poster,https://acnhcdn.com/latest/FtrIcon/PosterNpcNmlKgr08.png,1000,250,너굴 쇼핑 - 포스터,"파니의 섬 방문 후, 너굴 쇼핑 스페셜 상품 (섬에 살거나 스튜디오에서 아미보로 초대한 주민들)",분홍색,베이지색,구매가능,No,1x1
샘의 포스터,10465,Wart Jr.'s poster,https://acnhcdn.com/latest/FtrIcon/PosterNpcNmlFlg05.png,1000,250,너굴 쇼핑 - 포스터,"파니의 섬 방문 후, 너굴 쇼핑 스페셜 상품 (섬에 살거나 스튜디오에서 아미보로 초대한 주민들)",하늘색,베이지색,구매가능,No,1x1
아잠만의 포스터,10636,Weber's poster,https://acnhcdn.com/latest/FtrIcon/PosterNpcNmlDuk11.png,1000,250,너굴 쇼핑 - 포스터,"파니의 섬 방문 후, 너굴 쇼핑 스페셜 상품 (섬에 살거나 스튜디오에서 아미보로 초대한 주민들)",빨간색,하늘색,구매가능,No,1x1
고파유의 포스터,10434,Wendell's poster,https://acnhcdn.com/latest/FtrIcon/PosterNpcSpWrl.png,1000,250,너굴 쇼핑 - 포스터,"파니의 섬 방문 후, 너굴 쇼핑 스페셜 상품 (스튜디오에 아미보 카드로 초대)",하늘색,갈색,구매가능,No,1x1
눈송이의 포스터,10381,Wendy's poster,https://acnhcdn.com/latest/FtrIcon/PosterNpcNmlShp09.png,1000,250,너굴 쇼핑 - 포스터,"파니의 섬 방문 후, 너굴 쇼핑 스페셜 상품 (섬에 살거나 스튜디오에서 아미보로 초대한 주민들)",노란색,분홍색,구매가능,No,1x1
비앙카의 포스터,10377,Whitney's poster,https://acnhcdn.com/latest/FtrIcon/PosterNpcNmlWol03.png,1000,250,너굴 쇼핑 - 포스터,"파니의 섬 방문 후, 너굴 쇼핑 스페셜 상품 (섬에 살거나 스튜디오에서 아미보로 초대한 주민들)",베이지색,하늘색,구매가능,No,1x1
마리의 포스터,10327,Willow's poster,https://acnhcdn.com/latest/FtrIcon/PosterNpcNmlShp07.png,1000,250,너굴 쇼핑 - 포스터,"파니의 섬 방문 후, 너굴 쇼핑 스페셜 상품 (섬에 살거나 스튜디오에서 아미보로 초대한 주민들)",파란색,갈색,구매가능,No,1x1
카로틴의 포스터,10663,Winnie's poster,https://acnhcdn.com/latest/FtrIcon/PosterNpcNmlHrs05.png,1000,250,너굴 쇼핑 - 포스터,"파니의 섬 방문 후, 너굴 쇼핑 스페셜 상품 (섬에 살거나 스튜디오에서 아미보로 초대한 주민들)",파란색,초록색,구매가능,No,1x1
로보의 포스터,10472,Wolfgang's poster,https://acnhcdn.com/latest/FtrIcon/PosterNpcNmlWol02.png,1000,250,너굴 쇼핑 - 포스터,"파니의 섬 방문 후, 너굴 쇼핑 스페셜 상품 (섬에 살거나 스튜디오에서 아미보로 초대한 주민들)",검정색,하얀색,구매가능,No,1x1
유카리의 포스터,10683,Yuka's poster,https://acnhcdn.com/latest/FtrIcon/PosterNpcNmlKal00.png,1000,250,너굴 쇼핑 - 포스터,"파니의 섬 방문 후, 너굴 쇼핑 스페셜 상품 (섬에 살거나 스튜디오에서 아미보로 초대한 주민들)",노란색,분홍색,구매가능,No,1x1
넬슨의 포스터,10389,Zell's poster,https://acnhcdn.com/latest/FtrIcon/PosterNpcNmlDer02.png,1000,250,너굴 쇼핑 - 포스터,"파니의 섬 방문 후, 너굴 쇼핑 스페셜 상품 (섬에 살거나 스튜디오에서 아미보로 초대한 주민들)",베이지색,파란색,구매가능,No,1x1
토빗의 포스터,10522,Zipper's poster,https://acnhcdn.com/latest/FtrIcon/PosterNpcSpPyn.png,1000,250,너굴 쇼핑 - 포스터,"파니의 섬 방문 후, 너굴 쇼핑 스페셜 상품 (스튜디오에 아미보 카드로 초대)",노란색,분홍색,구매가능,No,1x1
탁호의 포스터,10569,Zucker's poster,https://acnhcdn.com/latest/FtrIcon/PosterNpcNmlOcp02.png,1000,250,너굴 쇼핑 - 포스터,"파니의 섬 방문 후, 너굴 쇼핑 스페셜 상품 (섬에 살거나 스튜디오에서 아미보로 초대한 주민들)",베이지색,파란색,구매가능,No,1x1
