nameKor,﻿Internal ID,Name,Framed Image,Buy,Sell,Source,Source Notes,Color 1,Color 2,Catalog,DIY,Size,Miles Price,Album Image
K.K.형사,2472,Agent K.K.,https://acnhcdn.com/latest/FtrIcon/mjk_Keiji.png,3200,800,K.K.의 공연# 너굴 쇼핑 카탈로그,기분 '잘 모르겠어요' 선택 시 확률적으로 가능,갈색,주황색,구매가능,No,1x1,NA,https://acnhcdn.com/latest/Audio/mjk_Keiji.png
알로하K.K.,2423,Aloha K.K.,https://acnhcdn.com/latest/FtrIcon/mjk_Aloha.png,3200,800,K.K.의 공연# 너굴 쇼핑 카탈로그,기분 '나른해요' 선택 시 확률적으로 가능,갈색,하늘색,구매가능,No,1x1,NA,https://acnhcdn.com/latest/Audio/mjk_Aloha.png
동물의 마을,4312,Animal City,https://acnhcdn.com/latest/FtrIcon/mjk_DoubutuNoMachi.png,null,800,K.K.의 공연,신청곡으로만 가능,갈색,갈색,비매품,No,1x1,NA,https://acnhcdn.com/latest/Audio/mjk_DoubutuNoMachi.png
K.K.아이돌,2492,Bubblegum K.K.,https://acnhcdn.com/latest/FtrIcon/mjk_Idol.png,3200,800,K.K.의 공연# 너굴 쇼핑 카탈로그,기분 '기분 좋아요' 선택 시 확률적으로 가능,갈색,하늘색,구매가능,No,1x1,NA,https://acnhcdn.com/latest/Audio/mjk_Idol.png
K.K.파리,2454,Café K.K.,https://acnhcdn.com/latest/FtrIcon/mjk_Paris.png,3200,800,K.K.의 공연# 너굴 쇼핑 카탈로그,기분 '기분 좋아요' 선택 시 확률적으로 가능,갈색,컬러풀,구매가능,No,1x1,NA,https://acnhcdn.com/latest/Audio/mjk_Paris.png
추억의 K.K.가요,2448,Comrade K.K.,https://acnhcdn.com/latest/FtrIcon/mjk_ShowaKayo.png,3200,800,K.K.의 공연# 너굴 쇼핑 카탈로그,기분 '우울해요' 선택 시 확률적으로 가능,갈색,하얀색,구매가능,No,1x1,NA,https://acnhcdn.com/latest/Audio/mjk_ShowaKayo.png
유로 비트,2443,DJ K.K.,https://acnhcdn.com/latest/FtrIcon/mjk_EuroBeat.png,3200,800,K.K.의 공연# 너굴 쇼핑 카탈로그,기분 '기분 나빠요' 선택 시 확률적으로 가능,갈색,분홍색,구매가능,No,1x1,NA,https://acnhcdn.com/latest/Audio/mjk_EuroBeat.png
드라이브,4314,Drivin',https://acnhcdn.com/latest/FtrIcon/mjk_Drive.png,null,800,K.K.의 공연,신청곡으로만 가능,갈색,갈색,비매품,No,1x1,NA,https://acnhcdn.com/latest/Audio/mjk_Drive.png
작별,4313,Farewell,https://acnhcdn.com/latest/FtrIcon/mjk_Sayonara.png,null,800,K.K.의 공연,신청곡으로만 가능,갈색,갈색,비매품,No,1x1,NA,https://acnhcdn.com/latest/Audio/mjk_Sayonara.png
숲 속 생활,2461,Forest Life,https://acnhcdn.com/latest/FtrIcon/mjk_MoriNoSeikatsu.png,3200,800,K.K.의 공연# 너굴 쇼핑 카탈로그,기분 '나른해요' 선택 시 확률적으로 가능,갈색,노란색,구매가능,No,1x1,NA,https://acnhcdn.com/latest/Audio/mjk_MoriNoSeikatsu.png
가자! K.K.라이더,2450,Go K.K. Rider,https://acnhcdn.com/latest/FtrIcon/mjk_KekeRider.png,3200,800,K.K.의 공연# 너굴 쇼핑 카탈로그,기분 '기분 나빠요' 선택 시 확률적으로 가능,갈색,하얀색,구매가능,No,1x1,NA,https://acnhcdn.com/latest/Audio/mjk_KekeRider.png
졸면서 꾸는 꿈,2480,Hypno K.K.,https://acnhcdn.com/latest/FtrIcon/mjk_UtataneNoYume.png,3200,800,K.K.의 공연# 너굴 쇼핑 카탈로그,기분 '잘 모르겠어요' 선택 시 확률적으로 가능,갈색,하얀색,구매가능,No,1x1,NA,https://acnhcdn.com/latest/Audio/mjk_UtataneNoYume.png
사랑해,2458,I Love You,https://acnhcdn.com/latest/FtrIcon/mjk_Daisuki.png,3200,800,K.K.의 공연# 너굴 쇼핑 카탈로그,기분 '나른해요' 선택 시 확률적으로 가능,갈색,컬러풀,구매가능,No,1x1,NA,https://acnhcdn.com/latest/Audio/mjk_Daisuki.png
K.K.차이나,2427,Imperial K.K.,https://acnhcdn.com/latest/FtrIcon/mjk_China.png,3200,800,K.K.의 공연# 너굴 쇼핑 카탈로그,기분 '기분 나빠요' 선택 시 확률적으로 가능,갈색,분홍색,구매가능,No,1x1,NA,https://acnhcdn.com/latest/Audio/mjk_China.png
K.K.할리우드,2484,K.K. Adventure,https://acnhcdn.com/latest/FtrIcon/mjk_Hollywood.png,3200,800,K.K.의 공연# 너굴 쇼핑 카탈로그,기분 '기분 나빠요' 선택 시 확률적으로 가능,갈색,주황색,구매가능,No,1x1,NA,https://acnhcdn.com/latest/Audio/mjk_Hollywood.png
K.K.마리아,2413,K.K. Aria,https://acnhcdn.com/latest/FtrIcon/mjk_Maria.png,3200,800,K.K.의 공연# 너굴 쇼핑 카탈로그,기분 '나른해요' 선택 시 확률적으로 가능,갈색,파란색,구매가능,No,1x1,NA,https://acnhcdn.com/latest/Audio/mjk_Maria.png
K.K.발라드,2447,K.K. Ballad,https://acnhcdn.com/latest/FtrIcon/mjk_Ballad.png,3200,800,K.K.의 공연# 너굴 쇼핑 카탈로그,기분 '우울해요' 선택 시 확률적으로 가능,갈색,검정색,구매가능,No,1x1,NA,https://acnhcdn.com/latest/Audio/mjk_Ballad.png
K.K.로마,2486,K.K. Bazaar,https://acnhcdn.com/latest/FtrIcon/mjk_Roma.png,3200,800,K.K.의 공연# 너굴 쇼핑 카탈로그,기분 '기분 나빠요' 선택 시 확률적으로 가능,갈색,검정색,구매가능,No,1x1,NA,https://acnhcdn.com/latest/Audio/mjk_Roma.png
그대의 생일,2495,K.K. Birthday,https://acnhcdn.com/latest/FtrIcon/mjk_BirthdaySong.png,null,800,K.K.의 공연,생일에 K.K. 공연 감상,갈색,하늘색,비매품,No,1x1,NA,https://acnhcdn.com/latest/Audio/mjk_BirthdaySong.png
K.K.블루스,2436,K.K. Blues,https://acnhcdn.com/latest/FtrIcon/mjk_Blues.png,3200,800,K.K.의 공연# 너굴 쇼핑 카탈로그,기분 '잘 모르겠어요' 선택 시 확률적으로 가능,갈색,하얀색,구매가능,No,1x1,NA,https://acnhcdn.com/latest/Audio/mjk_Blues.png
K.K.보사노바,2415,K.K. Bossa,https://acnhcdn.com/latest/FtrIcon/mjk_Bossa.png,3200,800,K.K.의 공연# 너굴 쇼핑 카탈로그,기분 '나른해요' 선택 시 확률적으로 가능,갈색,하얀색,구매가능,No,1x1,NA,https://acnhcdn.com/latest/Audio/mjk_Bossa.png
K.K.칼립소,2416,K.K. Calypso,https://acnhcdn.com/latest/FtrIcon/mjk_Caripso.png,3200,800,K.K.의 공연# 너굴 쇼핑 카탈로그,기분 '기분 좋아요' 선택 시 확률적으로 가능,갈색,하얀색,구매가능,No,1x1,NA,https://acnhcdn.com/latest/Audio/mjk_Caripso.png
터키의 노래,2428,K.K. Casbah,https://acnhcdn.com/latest/FtrIcon/mjk_Turkey.png,3200,800,K.K.의 공연# 너굴 쇼핑 카탈로그,기분 '기분 나빠요' 선택 시 확률적으로 가능,갈색,베이지색,구매가능,No,1x1,NA,https://acnhcdn.com/latest/Audio/mjk_Turkey.png
K.K.찬송가,2405,K.K. Chorale,https://acnhcdn.com/latest/FtrIcon/mjk_Sanbika.png,3200,800,K.K.의 공연# 너굴 쇼핑 카탈로그,기분 '우울해요' 선택 시 확률적으로 가능,갈색,베이지색,구매가능,No,1x1,NA,https://acnhcdn.com/latest/Audio/mjk_Sanbika.png
페루의 노래,2425,K.K. Condor,https://acnhcdn.com/latest/FtrIcon/mjk_Peru.png,3200,800,K.K.의 공연# 너굴 쇼핑 카탈로그,기분 '우울해요' 선택 시 확률적으로 가능,갈색,베이지색,구매가능,No,1x1,NA,https://acnhcdn.com/latest/Audio/mjk_Peru.png
K.K.컨트리,2445,K.K. Country,https://acnhcdn.com/latest/FtrIcon/mjk_Country.png,3200,800,K.K.의 공연# 너굴 쇼핑 카탈로그,기분 '기분 좋아요' 선택 시 확률적으로 가능,갈색,검정색,구매가능,No,1x1,NA,https://acnhcdn.com/latest/Audio/mjk_Country.png
팝K.K.,2439,K.K. Cruisin',https://acnhcdn.com/latest/FtrIcon/mjk_Urban.png,3200,800,K.K.의 공연# 너굴 쇼핑 카탈로그,기분 '기분 나빠요' 선택 시 확률적으로 가능,갈색,검정색,구매가능,No,1x1,NA,https://acnhcdn.com/latest/Audio/mjk_Urban.png
드럼앤베이스,2441,K.K. D&B,https://acnhcdn.com/latest/FtrIcon/mjk_Drumnbass.png,3200,800,K.K.의 공연# 너굴 쇼핑 카탈로그,기분 '잘 모르겠어요' 선택 시 확률적으로 가능,갈색,컬러풀,구매가능,No,1x1,NA,https://acnhcdn.com/latest/Audio/mjk_Drumnbass.png
무서운 노래,2451,K.K. Dirge,https://acnhcdn.com/latest/FtrIcon/mjk_KowaiUta.png,3200,800,K.K.의 공연# 너굴 쇼핑 카탈로그,기분 '우울해요' 선택 시 확률적으로 가능,갈색,검정색,구매가능,No,1x1,NA,https://acnhcdn.com/latest/Audio/mjk_KowaiUta.png
K.K.디스코,2494,K.K. Disco,https://acnhcdn.com/latest/FtrIcon/mjk_Disco.png,3200,800,K.K.의 공연# 너굴 쇼핑 카탈로그,기분 '기분 좋아요' 선택 시 확률적으로 가능,갈색,컬러풀,구매가능,No,1x1,NA,https://acnhcdn.com/latest/Audio/mjk_Disco.png
K.K.딕시,2464,K.K. Dixie,https://acnhcdn.com/latest/FtrIcon/mjk_Dixie.png,3200,800,K.K.의 공연# 너굴 쇼핑 카탈로그,기분 '기분 좋아요' 선택 시 확률적으로 가능,갈색,컬러풀,구매가능,No,1x1,NA,https://acnhcdn.com/latest/Audio/mjk_Dixie.png
K.K.에튀드,2411,K.K. Étude,https://acnhcdn.com/latest/FtrIcon/mjk_Etude.png,3200,800,K.K.의 공연# 너굴 쇼핑 카탈로그,기분 '우울해요' 선택 시 확률적으로 가능,갈색,검정색,구매가능,No,1x1,NA,https://acnhcdn.com/latest/Audio/mjk_Etude.png
혼저옵서예K.K.,2422,K.K. Faire,https://acnhcdn.com/latest/FtrIcon/mjk_Haisai.png,3200,800,K.K.의 공연# 너굴 쇼핑 카탈로그,기분 '나른해요' 선택 시 확률적으로 가능,갈색,주황색,구매가능,No,1x1,NA,https://acnhcdn.com/latest/Audio/mjk_Haisai.png
K.K.플라멩코,2490,K.K. Flamenco,https://acnhcdn.com/latest/FtrIcon/mjk_Flamenco.png,3200,800,K.K.의 공연# 너굴 쇼핑 카탈로그,기분 '기분 나빠요' 선택 시 확률적으로 가능,갈색,빨간색,구매가능,No,1x1,NA,https://acnhcdn.com/latest/Audio/mjk_Flamenco.png
K.K.민요,2430,K.K. Folk,https://acnhcdn.com/latest/FtrIcon/mjk_Minyo.png,3200,800,K.K.의 공연# 너굴 쇼핑 카탈로그,기분 '잘 모르겠어요' 선택 시 확률적으로 가능,갈색,컬러풀,구매가능,No,1x1,NA,https://acnhcdn.com/latest/Audio/mjk_Minyo.png
K.K.퓨전,2410,K.K. Fusion,https://acnhcdn.com/latest/FtrIcon/mjk_Fusion.png,3200,800,K.K.의 공연# 너굴 쇼핑 카탈로그,기분 '나른해요' 선택 시 확률적으로 가능,갈색,컬러풀,구매가능,No,1x1,NA,https://acnhcdn.com/latest/Audio/mjk_Fusion.png
K.K.그루브,2488,K.K. Groove,https://acnhcdn.com/latest/FtrIcon/mjk_Raregroove.png,3200,800,K.K.의 공연# 너굴 쇼핑 카탈로그,기분 '기분 좋아요' 선택 시 확률적으로 가능,갈색,파란색,구매가능,No,1x1,NA,https://acnhcdn.com/latest/Audio/mjk_Raregroove.png
딕시랜드 재즈,2434,K.K. Gumbo,https://acnhcdn.com/latest/FtrIcon/mjk_NewOrleans.png,3200,800,K.K.의 공연# 너굴 쇼핑 카탈로그,기분 '잘 모르겠어요' 선택 시 확률적으로 가능,갈색,베이지색,구매가능,No,1x1,NA,https://acnhcdn.com/latest/Audio/mjk_NewOrleans.png
K.K.하우스,2478,K.K. House,https://acnhcdn.com/latest/FtrIcon/mjk_House.png,3200,800,K.K.의 공연# 너굴 쇼핑 카탈로그,기분 '기분 나빠요' 선택 시 확률적으로 가능,갈색,분홍색,구매가능,No,1x1,NA,https://acnhcdn.com/latest/Audio/mjk_House.png
동물의 섬,2482,K.K. Island,https://acnhcdn.com/latest/FtrIcon/mjk_DoubutsuNoShima.png,3200,800,K.K.의 공연# 너굴 쇼핑 카탈로그,기분 '나른해요' 선택 시 확률적으로 가능,갈색,하늘색,구매가능,No,1x1,NA,https://acnhcdn.com/latest/Audio/mjk_DoubutsuNoShima.png
K.K.재즈,2409,K.K. Jazz,https://acnhcdn.com/latest/FtrIcon/mjk_Jazz.png,3200,800,K.K.의 공연# 너굴 쇼핑 카탈로그,기분 '나른해요' 선택 시 확률적으로 가능,갈색,하늘색,구매가능,No,1x1,NA,https://acnhcdn.com/latest/Audio/mjk_Jazz.png
K.K.샤미센 연주곡,2489,K.K. Jongara,https://acnhcdn.com/latest/FtrIcon/mjk_Jongara.png,3200,800,K.K.의 공연# 너굴 쇼핑 카탈로그,기분 '기분 나빠요' 선택 시 확률적으로 가능,갈색,하늘색,구매가능,No,1x1,NA,https://acnhcdn.com/latest/Audio/mjk_Jongara.png
K.K.트로트,2449,K.K. Lament,https://acnhcdn.com/latest/FtrIcon/mjk_Enka.png,3200,800,K.K.의 공연# 너굴 쇼핑 카탈로그,기분 '우울해요' 선택 시 확률적으로 가능,갈색,회색,구매가능,No,1x1,NA,https://acnhcdn.com/latest/Audio/mjk_Enka.png
K.K.러브송,2440,K.K. Love Song,https://acnhcdn.com/latest/FtrIcon/mjk_LoveSong.png,3200,800,K.K.의 공연# 너굴 쇼핑 카탈로그,기분 '나른해요' 선택 시 확률적으로 가능,갈색,하얀색,구매가능,No,1x1,NA,https://acnhcdn.com/latest/Audio/mjk_LoveSong.png
K.K.자장가,2412,K.K. Lullaby,https://acnhcdn.com/latest/FtrIcon/mjk_Lullaby.png,3200,800,K.K.의 공연# 너굴 쇼핑 카탈로그,기분 '우울해요' 선택 시 확률적으로 가능,갈색,초록색,구매가능,No,1x1,NA,https://acnhcdn.com/latest/Audio/mjk_Lullaby.png
K.K.맘보,2418,K.K. Mambo,https://acnhcdn.com/latest/FtrIcon/mjk_Mambo.png,3200,800,K.K.의 공연# 너굴 쇼핑 카탈로그,기분 '기분 좋아요' 선택 시 확률적으로 가능,갈색,빨간색,구매가능,No,1x1,NA,https://acnhcdn.com/latest/Audio/mjk_Mambo.png
K.K.가믈란,2465,K.K. Marathon,https://acnhcdn.com/latest/FtrIcon/mjk_Gamelan.png,3200,800,K.K.의 공연# 너굴 쇼핑 카탈로그,기분 '잘 모르겠어요' 선택 시 확률적으로 가능,갈색,컬러풀,구매가능,No,1x1,NA,https://acnhcdn.com/latest/Audio/mjk_Gamelan.png
K.K.행진곡,2406,K.K. March,https://acnhcdn.com/latest/FtrIcon/mjk_March.png,3200,800,K.K.의 공연# 너굴 쇼핑 카탈로그,기분 '기분 좋아요' 선택 시 확률적으로 가능,갈색,분홍색,구매가능,No,1x1,NA,https://acnhcdn.com/latest/Audio/mjk_March.png
세뇨르K.K.,2456,K.K. Mariachi,https://acnhcdn.com/latest/FtrIcon/mjk_Senor.png,3200,800,K.K.의 공연# 너굴 쇼핑 카탈로그,기분 '기분 좋아요' 선택 시 확률적으로 가능,갈색,주황색,구매가능,No,1x1,NA,https://acnhcdn.com/latest/Audio/mjk_Senor.png
K.K.메탈,2474,K.K. Metal,https://acnhcdn.com/latest/FtrIcon/mjk_Metal.png,3200,800,K.K.의 공연# 너굴 쇼핑 카탈로그,기분 '기분 나빠요' 선택 시 확률적으로 가능,갈색,보라색,구매가능,No,1x1,NA,https://acnhcdn.com/latest/Audio/mjk_Metal.png
K.K.밀롱가,2487,K.K. Milonga,https://acnhcdn.com/latest/FtrIcon/mjk_Milonga.png,3200,800,K.K.의 공연# 너굴 쇼핑 카탈로그,기분 '우울해요' 선택 시 확률적으로 가능,갈색,빨간색,구매가능,No,1x1,NA,https://acnhcdn.com/latest/Audio/mjk_Milonga.png
K.K.볼레로,2491,K.K. Moody,https://acnhcdn.com/latest/FtrIcon/mjk_Bolero.png,3200,800,K.K.의 공연# 너굴 쇼핑 카탈로그,기분 '나른해요' 선택 시 확률적으로 가능,갈색,주황색,구매가능,No,1x1,NA,https://acnhcdn.com/latest/Audio/mjk_Bolero.png
K.K.마하라자,2485,K.K. Oasis,https://acnhcdn.com/latest/FtrIcon/mjk_Maharaja.png,3200,800,K.K.의 공연# 너굴 쇼핑 카탈로그,기분 '잘 모르겠어요' 선택 시 확률적으로 가능,갈색,컬러풀,구매가능,No,1x1,NA,https://acnhcdn.com/latest/Audio/mjk_Maharaja.png
K.K.퍼레이드,2455,K.K. Parade,https://acnhcdn.com/latest/FtrIcon/mjk_Parade.png,3200,800,K.K.의 공연# 너굴 쇼핑 카탈로그,기분 '기분 좋아요' 선택 시 확률적으로 가능,갈색,컬러풀,구매가능,No,1x1,NA,https://acnhcdn.com/latest/Audio/mjk_Parade.png
래그타임,2433,K.K. Ragtime,https://acnhcdn.com/latest/FtrIcon/mjk_RagTime.png,3200,800,K.K.의 공연# 너굴 쇼핑 카탈로그,기분 '기분 좋아요' 선택 시 확률적으로 가능,갈색,회색,구매가능,No,1x1,NA,https://acnhcdn.com/latest/Audio/mjk_RagTime.png
K.K.축제,2473,K.K. Rally,https://acnhcdn.com/latest/FtrIcon/mjk_Ondo.png,3200,800,K.K.의 공연# 너굴 쇼핑 카탈로그,기분 '잘 모르겠어요' 선택 시 확률적으로 가능,갈색,빨간색,구매가능,No,1x1,NA,https://acnhcdn.com/latest/Audio/mjk_Ondo.png
K.K.레게,2419,K.K. Reggae,https://acnhcdn.com/latest/FtrIcon/mjk_Reggae.png,3200,800,K.K.의 공연# 너굴 쇼핑 카탈로그,기분 '나른해요' 선택 시 확률적으로 가능,갈색,컬러풀,구매가능,No,1x1,NA,https://acnhcdn.com/latest/Audio/mjk_Reggae.png
K.K.록,2431,K.K. Rock,https://acnhcdn.com/latest/FtrIcon/mjk_Rock.png,3200,800,K.K.의 공연# 너굴 쇼핑 카탈로그,기분 '기분 나빠요' 선택 시 확률적으로 가능,갈색,검정색,구매가능,No,1x1,NA,https://acnhcdn.com/latest/Audio/mjk_Rock.png
K.K.빌리,2471,K.K. Rockabilly,https://acnhcdn.com/latest/FtrIcon/mjk_KekeBilly.png,3200,800,K.K.의 공연# 너굴 쇼핑 카탈로그,기분 '기분 좋아요' 선택 시 확률적으로 가능,갈색,하늘색,구매가능,No,1x1,NA,https://acnhcdn.com/latest/Audio/mjk_KekeBilly.png
K.K.아프리카,2429,K.K. Safari,https://acnhcdn.com/latest/FtrIcon/mjk_Afro.png,3200,800,K.K.의 공연# 너굴 쇼핑 카탈로그,기분 '기분 나빠요' 선택 시 확률적으로 가능,갈색,주황색,구매가능,No,1x1,NA,https://acnhcdn.com/latest/Audio/mjk_Afro.png
K.K.살사,2417,K.K. Salsa,https://acnhcdn.com/latest/FtrIcon/mjk_Salsa.png,3200,800,K.K.의 공연# 너굴 쇼핑 카탈로그,기분 '기분 좋아요' 선택 시 확률적으로 가능,갈색,빨간색,구매가능,No,1x1,NA,https://acnhcdn.com/latest/Audio/mjk_Salsa.png
K.K.삼바,2414,K.K. Samba,https://acnhcdn.com/latest/FtrIcon/mjk_Samba.png,3200,800,K.K.의 공연# 너굴 쇼핑 카탈로그,기분 '기분 좋아요' 선택 시 확률적으로 가능,갈색,하늘색,구매가능,No,1x1,NA,https://acnhcdn.com/latest/Audio/mjk_Samba.png
K.K.스카,2420,K.K. Ska,https://acnhcdn.com/latest/FtrIcon/mjk_Ska.png,3200,800,K.K.의 공연# 너굴 쇼핑 카탈로그,기분 '기분 좋아요' 선택 시 확률적으로 가능,갈색,검정색,구매가능,No,1x1,NA,https://acnhcdn.com/latest/Audio/mjk_Ska.png
K.K.소나타,2479,K.K. Sonata,https://acnhcdn.com/latest/FtrIcon/mjk_Sonata.png,3200,800,K.K.의 공연# 너굴 쇼핑 카탈로그,기분 '우울해요' 선택 시 확률적으로 가능,갈색,하얀색,구매가능,No,1x1,NA,https://acnhcdn.com/latest/Audio/mjk_Sonata.png
K.K.의 노래,2457,K.K. Song,https://acnhcdn.com/latest/FtrIcon/mjk_KekeSong.png,3200,800,K.K.의 공연# 너굴 쇼핑 카탈로그,기분 '잘 모르겠어요' 선택 시 확률적으로 가능,갈색,컬러풀,구매가능,No,1x1,NA,https://acnhcdn.com/latest/Audio/mjk_KekeSong.png
K.K.소울,2438,K.K. Soul,https://acnhcdn.com/latest/FtrIcon/mjk_Soul.png,3200,800,K.K.의 공연# 너굴 쇼핑 카탈로그,기분 '잘 모르겠어요' 선택 시 확률적으로 가능,갈색,검정색,구매가능,No,1x1,NA,https://acnhcdn.com/latest/Audio/mjk_Soul.png
까자크의 노래,2426,K.K. Steppe,https://acnhcdn.com/latest/FtrIcon/mjk_Cossack.png,3200,800,K.K.의 공연# 너굴 쇼핑 카탈로그,기분 '기분 나빠요' 선택 시 확률적으로 가능,갈색,컬러풀,구매가능,No,1x1,NA,https://acnhcdn.com/latest/Audio/mjk_Cossack.png
산책,2481,K.K. Stroll,https://acnhcdn.com/latest/FtrIcon/mjk_Osanpo.png,3200,800,K.K.의 공연# 너굴 쇼핑 카탈로그,기분 '나른해요' 선택 시 확률적으로 가능,갈색,하얀색,구매가능,No,1x1,NA,https://acnhcdn.com/latest/Audio/mjk_Osanpo.png
K.K.스윙,2408,K.K. Swing,https://acnhcdn.com/latest/FtrIcon/mjk_Swing.png,3200,800,K.K.의 공연# 너굴 쇼핑 카탈로그,기분 '나른해요' 선택 시 확률적으로 가능,갈색,베이지색,구매가능,No,1x1,NA,https://acnhcdn.com/latest/Audio/mjk_Swing.png
K.K.트로니카,2493,K.K. Synth,https://acnhcdn.com/latest/FtrIcon/mjk_Electronica.png,3200,800,K.K.의 공연# 너굴 쇼핑 카탈로그,기분 '나른해요' 선택 시 확률적으로 가능,갈색,하얀색,구매가능,No,1x1,NA,https://acnhcdn.com/latest/Audio/mjk_Electronica.png
K.K.탱고,2421,K.K. Tango,https://acnhcdn.com/latest/FtrIcon/mjk_Tango.png,3200,800,K.K.의 공연# 너굴 쇼핑 카탈로그,기분 '기분 나빠요' 선택 시 확률적으로 가능,갈색,검정색,구매가능,No,1x1,NA,https://acnhcdn.com/latest/Audio/mjk_Tango.png
테크노 비트,2442,K.K. Technopop,https://acnhcdn.com/latest/FtrIcon/mjk_TechnoBeat.png,3200,800,K.K.의 공연# 너굴 쇼핑 카탈로그,기분 '잘 모르겠어요' 선택 시 확률적으로 가능,갈색,검정색,구매가능,No,1x1,NA,https://acnhcdn.com/latest/Audio/mjk_TechnoBeat.png
K.K.왈츠,2407,K.K. Waltz,https://acnhcdn.com/latest/FtrIcon/mjk_Waltz.png,3200,800,K.K.의 공연# 너굴 쇼핑 카탈로그,기분 '우울해요' 선택 시 확률적으로 가능,갈색,빨간색,구매가능,No,1x1,NA,https://acnhcdn.com/latest/Audio/mjk_Waltz.png
K.K.웨스턴,2452,K.K. Western,https://acnhcdn.com/latest/FtrIcon/mjk_Western.png,3200,800,K.K.의 공연# 너굴 쇼핑 카탈로그,기분 '우울해요' 선택 시 확률적으로 가능,갈색,회색,구매가능,No,1x1,NA,https://acnhcdn.com/latest/Audio/mjk_Western.png
K.K.왕조,2466,King K.K.,https://acnhcdn.com/latest/FtrIcon/mjk_Daimyo.png,3200,800,K.K.의 공연# 너굴 쇼핑 카탈로그,기분 '우울해요' 선택 시 확률적으로 가능,갈색,노란색,구매가능,No,1x1,NA,https://acnhcdn.com/latest/Audio/mjk_Daimyo.png
아일랜드의 노래,2424,Lucky K.K.,https://acnhcdn.com/latest/FtrIcon/mjk_Irish.png,3200,800,K.K.의 공연# 너굴 쇼핑 카탈로그,기분 '기분 나빠요' 선택 시 확률적으로 가능,갈색,하얀색,구매가능,No,1x1,NA,https://acnhcdn.com/latest/Audio/mjk_Irish.png
뱃노래2001,2468,Marine Song 2001,https://acnhcdn.com/latest/FtrIcon/mjk_HunaUta2001.png,3200,800,K.K.의 공연# 너굴 쇼핑 카탈로그,기분 '나른해요' 선택 시 확률적으로 가능,갈색,하늘색,구매가능,No,1x1,NA,https://acnhcdn.com/latest/Audio/mjk_HunaUta2001.png
알프스의 노래,2467,Mountain Song,https://acnhcdn.com/latest/FtrIcon/mjk_Alpine.png,3200,800,K.K.의 공연# 너굴 쇼핑 카탈로그,기분 '기분 좋아요' 선택 시 확률적으로 가능,갈색,하늘색,구매가능,No,1x1,NA,https://acnhcdn.com/latest/Audio/mjk_Alpine.png
K.K.선생님,2453,Mr. K.K.,https://acnhcdn.com/latest/FtrIcon/mjk_Sensei.png,3200,800,K.K.의 공연# 너굴 쇼핑 카탈로그,기분 '나른해요' 선택 시 확률적으로 가능,갈색,베이지색,구매가능,No,1x1,NA,https://acnhcdn.com/latest/Audio/mjk_Sensei.png
내가 있는 곳,2460,My Place,https://acnhcdn.com/latest/FtrIcon/mjk_BokuNoBasho.png,3200,800,K.K.의 공연# 너굴 쇼핑 카탈로그,기분 '나른해요' 선택 시 확률적으로 가능,갈색,초록색,구매가능,No,1x1,NA,https://acnhcdn.com/latest/Audio/mjk_BokuNoBasho.png
토마토 스파게티,2469,Neapolitan,https://acnhcdn.com/latest/FtrIcon/mjk_Napolitan.png,3200,800,K.K.의 공연# 너굴 쇼핑 카탈로그,기분 '기분 좋아요' 선택 시 확률적으로 가능,갈색,검정색,구매가능,No,1x1,NA,https://acnhcdn.com/latest/Audio/mjk_Napolitan.png
온리미,2444,Only Me,https://acnhcdn.com/latest/FtrIcon/mjk_OnlyMe.png,3200,800,K.K.의 공연# 너굴 쇼핑 카탈로그,기분 '우울해요' 선택 시 확률적으로 가능,갈색,회색,구매가능,No,1x1,NA,https://acnhcdn.com/latest/Audio/mjk_OnlyMe.png
생각 중,2463,Pondering,https://acnhcdn.com/latest/FtrIcon/mjk_KangaeChu.png,3200,800,K.K.의 공연# 너굴 쇼핑 카탈로그,기분 '나른해요' 선택 시 확률적으로 가능,갈색,검정색,구매가능,No,1x1,NA,https://acnhcdn.com/latest/Audio/mjk_KangaeChu.png
K.K.로큰롤,2432,Rockin' K.K.,https://acnhcdn.com/latest/FtrIcon/mjk_RocknRoll.png,3200,800,K.K.의 공연# 너굴 쇼핑 카탈로그,기분 '기분 나빠요' 선택 시 확률적으로 가능,갈색,검정색,구매가능,No,1x1,NA,https://acnhcdn.com/latest/Audio/mjk_RocknRoll.png
K.K.가스펠,2437,Soulful K.K.,https://acnhcdn.com/latest/FtrIcon/mjk_Gospel.png,3200,800,K.K.의 공연# 너굴 쇼핑 카탈로그,기분 '나른해요' 선택 시 확률적으로 가능,갈색,주황색,구매가능,No,1x1,NA,https://acnhcdn.com/latest/Audio/mjk_Gospel.png
미니멀 음악,2483,Space K.K.,https://acnhcdn.com/latest/FtrIcon/mjk_Minimal.png,3200,800,K.K.의 공연# 너굴 쇼핑 카탈로그,기분 '잘 모르겠어요' 선택 시 확률적으로 가능,갈색,하얀색,구매가능,No,1x1,NA,https://acnhcdn.com/latest/Audio/mjk_Minimal.png
봄날의 여유,2476,Spring Blossoms,https://acnhcdn.com/latest/FtrIcon/mjk_HaruNoKomorebi.png,3200,800,K.K.의 공연# 너굴 쇼핑 카탈로그,기분 '기분 좋아요' 선택 시 확률적으로 가능,갈색,분홍색,구매가능,No,1x1,NA,https://acnhcdn.com/latest/Audio/mjk_HaruNoKomorebi.png
블루 삼각 김밥,2475,Stale Cupcakes,https://acnhcdn.com/latest/FtrIcon/mjk_BlueOnigiri.png,3200,800,K.K.의 공연# 너굴 쇼핑 카탈로그,기분 '우울해요' 선택 시 확률적으로 가능,갈색,파란색,구매가능,No,1x1,NA,https://acnhcdn.com/latest/Audio/mjk_BlueOnigiri.png
오르막길,2470,Steep Hill,https://acnhcdn.com/latest/FtrIcon/mjk_NiDanZaka.png,3200,800,K.K.의 공연# 너굴 쇼핑 카탈로그,기분 '우울해요' 선택 시 확률적으로 가능,갈색,주황색,구매가능,No,1x1,NA,https://acnhcdn.com/latest/Audio/mjk_NiDanZaka.png
일렉트릭 뮤직,2446,Surfin' K.K.,https://acnhcdn.com/latest/FtrIcon/mjk_Eleki.png,3200,800,K.K.의 공연# 너굴 쇼핑 카탈로그,기분 '기분 나빠요' 선택 시 확률적으로 가능,갈색,파란색,구매가능,No,1x1,NA,https://acnhcdn.com/latest/Audio/mjk_Eleki.png
K.K.펑키,2435,The K. Funk,https://acnhcdn.com/latest/FtrIcon/mjk_Funk.png,3200,800,K.K.의 공연# 너굴 쇼핑 카탈로그,기분 '잘 모르겠어요' 선택 시 확률적으로 가능,갈색,주황색,구매가능,No,1x1,NA,https://acnhcdn.com/latest/Audio/mjk_Funk.png
파도소리,2462,To the Edge,https://acnhcdn.com/latest/FtrIcon/mjk_NamiNami.png,3200,800,K.K.의 공연# 너굴 쇼핑 카탈로그,기분 '잘 모르겠어요' 선택 시 확률적으로 가능,갈색,하얀색,구매가능,No,1x1,NA,https://acnhcdn.com/latest/Audio/mjk_NamiNami.png
이틀 전,2459,Two Days Ago,https://acnhcdn.com/latest/FtrIcon/mjk_Ototoi.png,3200,800,K.K.의 공연# 너굴 쇼핑 카탈로그,기분 '우울해요' 선택 시 확률적으로 가능,갈색,검정색,구매가능,No,1x1,NA,https://acnhcdn.com/latest/Audio/mjk_Ototoi.png
방랑자,2477,Wandering,https://acnhcdn.com/latest/FtrIcon/mjk_Horo.png,3200,800,K.K.의 공연# 너굴 쇼핑 카탈로그,기분 '나른해요' 선택 시 확률적으로 가능,갈색,회색,구매가능,No,1x1,NA,https://acnhcdn.com/latest/Audio/mjk_Horo.png
모두 모여봐요,4318,Welcome Horizons,https://acnhcdn.com/latest/FtrIcon/mjk_MainTheme.png,null,800,K.K.의 공연,K.K.의 첫 공연,갈색,갈색,비매품,No,1x1,NA,https://acnhcdn.com/latest/Audio/mjk_MainTheme.png
히든1,4315,Hazure01,,3200,800,K.K.의 공연,존재하지 않는 곡을 신청,,,카탈로그 내 없음,No,1x1,NA,
히든2,4316,Hazure02,,3200,800,K.K.의 공연,존재하지 않는 곡을 신청,,,카탈로그 내 없음,No,1x1,NA,
히든3,4317,Hazure03,,3200,800,K.K.의 공연,존재하지 않는 곡을 신청,,,카탈로그 내 없음,No,1x2,NA,
