nameKor,﻿Internal ID,Name,Storage Image,Buy,Sell,Source,Source Notes,Color 1,Color 2,Catalog,DIY,Size,Miles Price,Closet Image,Seasonal Availability,Style,Label Themes,Variation,Villager Equippable
3D안경,4463,3D glasses,https://acnhcdn.com/latest/FtrIcon/AccessoryGlassThreed0.png,490,122,에이블 시스터즈,에이블 시스터즈에만,하얀색,컬러풀,구매가능,No,1x1,NA,https://acnhcdn.com/latest/ClosetIcon/AccessoryGlassThreed0.png,일 년 내내,활동적인,파티,White,Yes
3D안경,11020,3D glasses,https://acnhcdn.com/latest/FtrIcon/AccessoryGlassThreed1.png,490,122,에이블 시스터즈,에이블 시스터즈에만,검정색,컬러풀,구매가능,No,1x1,NA,https://acnhcdn.com/latest/ClosetIcon/AccessoryGlassThreed1.png,일 년 내내,활동적인,파티,Black,Yes
반창고,4677,bandage,https://acnhcdn.com/latest/FtrIcon/AccessoryMouthBandageSkin.png,140,35,에이블 시스터즈,고순이 임시 상점 또는 에이블 시스터즈,베이지색,하얀색,구매가능,No,1x1,NA,https://acnhcdn.com/latest/ClosetIcon/AccessoryMouthBandageSkin.png,일 년 내내,활동적인,아웃도어#릴렉스#스포츠,Beige,No
부리,3549,beak,https://acnhcdn.com/latest/FtrIcon/AccessoryMouthBeakYellow.png,490,122,에이블 시스터즈,고순이 임시 상점 또는 에이블 시스터즈,노란색,노란색,구매가능,No,1x1,NA,https://acnhcdn.com/latest/ClosetIcon/AccessoryMouthBeakYellow.png,일 년 내내,귀여운,메르헨#파티#스테이지,Yellow,No
생일 선글라스,4510,birthday shades,https://acnhcdn.com/latest/FtrIcon/AccessoryGlassBirthday0.png,NFS,620,생일,,노란색,빨간색,비매품,No,1x1,NA,https://acnhcdn.com/latest/ClosetIcon/AccessoryGlassBirthday0.png,일 년 내내,화려한,파티,Yellow,Yes
생일 선글라스,11217,birthday shades,https://acnhcdn.com/latest/FtrIcon/AccessoryGlassBirthday1.png,NFS,620,생일,,분홍색,분홍색,비매품,No,1x1,NA,https://acnhcdn.com/latest/ClosetIcon/AccessoryGlassBirthday1.png,일 년 내내,화려한,파티,Pink,Yes
생일 선글라스,11218,birthday shades,https://acnhcdn.com/latest/FtrIcon/AccessoryGlassBirthday2.png,NFS,620,생일,,빨간색,분홍색,비매품,No,1x1,NA,https://acnhcdn.com/latest/ClosetIcon/AccessoryGlassBirthday2.png,일 년 내내,화려한,파티,Red,Yes
생일 선글라스,11219,birthday shades,https://acnhcdn.com/latest/FtrIcon/AccessoryGlassBirthday3.png,NFS,620,생일,,하늘색,초록색,비매품,No,1x1,NA,https://acnhcdn.com/latest/ClosetIcon/AccessoryGlassBirthday3.png,일 년 내내,화려한,파티,Blue,Yes
역반무테 안경,4597,bottom-rimmed glasses,https://acnhcdn.com/latest/FtrIcon/AccessoryGlassLoose0.png,1100,275,에이블 시스터즈,에이블 시스터즈에만,빨간색,빨간색,구매가능,No,1x1,NA,https://acnhcdn.com/latest/ClosetIcon/AccessoryGlassLoose0.png,일 년 내내,심플한,데일리#릴렉스#비즈니스,Red,Yes
역반무테 안경,11081,bottom-rimmed glasses,https://acnhcdn.com/latest/FtrIcon/AccessoryGlassLoose1.png,1100,275,에이블 시스터즈,에이블 시스터즈에만,보라색,보라색,구매가능,No,1x1,NA,https://acnhcdn.com/latest/ClosetIcon/AccessoryGlassLoose1.png,일 년 내내,심플한,데일리#릴렉스#비즈니스,Purple,Yes
역반무테 안경,11082,bottom-rimmed glasses,https://acnhcdn.com/latest/FtrIcon/AccessoryGlassLoose2.png,1100,275,에이블 시스터즈,에이블 시스터즈에만,초록색,초록색,구매가능,No,1x1,NA,https://acnhcdn.com/latest/ClosetIcon/AccessoryGlassLoose2.png,일 년 내내,심플한,데일리#릴렉스#비즈니스,Green,Yes
역반무테 안경,11083,bottom-rimmed glasses,https://acnhcdn.com/latest/FtrIcon/AccessoryGlassLoose3.png,1100,275,에이블 시스터즈,에이블 시스터즈에만,파란색,파란색,구매가능,No,1x1,NA,https://acnhcdn.com/latest/ClosetIcon/AccessoryGlassLoose3.png,일 년 내내,심플한,데일리#릴렉스#비즈니스,Blue,Yes
역반무테 안경,11084,bottom-rimmed glasses,https://acnhcdn.com/latest/FtrIcon/AccessoryGlassLoose4.png,1100,275,에이블 시스터즈,에이블 시스터즈에만,노란색,노란색,구매가능,No,1x1,NA,https://acnhcdn.com/latest/ClosetIcon/AccessoryGlassLoose4.png,일 년 내내,심플한,데일리#릴렉스#비즈니스,Yellow,Yes
역반무테 안경,11085,bottom-rimmed glasses,https://acnhcdn.com/latest/FtrIcon/AccessoryGlassLoose5.png,1100,275,에이블 시스터즈,에이블 시스터즈에만,분홍색,분홍색,구매가능,No,1x1,NA,https://acnhcdn.com/latest/ClosetIcon/AccessoryGlassLoose5.png,일 년 내내,심플한,데일리#릴렉스#비즈니스,Pink,Yes
역반무테 안경,11086,bottom-rimmed glasses,https://acnhcdn.com/latest/FtrIcon/AccessoryGlassLoose6.png,1100,275,에이블 시스터즈,에이블 시스터즈에만,검정색,검정색,구매가능,No,1x1,NA,https://acnhcdn.com/latest/ClosetIcon/AccessoryGlassLoose6.png,일 년 내내,심플한,데일리#릴렉스#비즈니스,Black,Yes
하금테 안경,4238,browline glasses,https://acnhcdn.com/latest/FtrIcon/AccessoryGlassThurmont0.png,1040,260,에이블 시스터즈,에이블 시스터즈에만,검정색,노란색,구매가능,No,1x1,NA,https://acnhcdn.com/latest/ClosetIcon/AccessoryGlassThurmont0.png,일 년 내내,심플한,데일리#포멀,Black,Yes
하금테 안경,11069,browline glasses,https://acnhcdn.com/latest/FtrIcon/AccessoryGlassThurmont1.png,1040,260,에이블 시스터즈,에이블 시스터즈에만,갈색,노란색,구매가능,No,1x1,NA,https://acnhcdn.com/latest/ClosetIcon/AccessoryGlassThurmont1.png,일 년 내내,심플한,데일리#포멀,Brown,Yes
하금테 안경,11070,browline glasses,https://acnhcdn.com/latest/FtrIcon/AccessoryGlassThurmont2.png,1040,260,에이블 시스터즈,에이블 시스터즈에만,초록색,회색,구매가능,No,1x1,NA,https://acnhcdn.com/latest/ClosetIcon/AccessoryGlassThurmont2.png,일 년 내내,심플한,데일리#포멀,Green,Yes
하금테 안경,11071,browline glasses,https://acnhcdn.com/latest/FtrIcon/AccessoryGlassThurmont3.png,1040,260,에이블 시스터즈,에이블 시스터즈에만,회색,노란색,구매가능,No,1x1,NA,https://acnhcdn.com/latest/ClosetIcon/AccessoryGlassThurmont3.png,일 년 내내,심플한,데일리#포멀,Gray,Yes
풍선껌,5738,bubblegum,https://acnhcdn.com/latest/FtrIcon/AccessoryMouthBubblegum0.png,140,35,에이블 시스터즈,고순이 임시 상점 또는 에이블 시스터즈,분홍색,분홍색,구매가능,No,1x1,NA,https://acnhcdn.com/latest/ClosetIcon/AccessoryMouthBubblegum0.png,일 년 내내,심플한,릴렉스,Pink,No
풍선껌,11027,bubblegum,https://acnhcdn.com/latest/FtrIcon/AccessoryMouthBubblegum1.png,140,35,에이블 시스터즈,고순이 임시 상점 또는 에이블 시스터즈,하늘색,하늘색,구매가능,No,1x1,NA,https://acnhcdn.com/latest/ClosetIcon/AccessoryMouthBubblegum1.png,일 년 내내,심플한,릴렉스,Blue,No
풍선껌,11028,bubblegum,https://acnhcdn.com/latest/FtrIcon/AccessoryMouthBubblegum2.png,140,35,에이블 시스터즈,고순이 임시 상점 또는 에이블 시스터즈,노란색,노란색,구매가능,No,1x1,NA,https://acnhcdn.com/latest/ClosetIcon/AccessoryMouthBubblegum2.png,일 년 내내,심플한,릴렉스,Yellow,No
풍선껌,11029,bubblegum,https://acnhcdn.com/latest/FtrIcon/AccessoryMouthBubblegum3.png,140,35,에이블 시스터즈,고순이 임시 상점 또는 에이블 시스터즈,초록색,초록색,구매가능,No,1x1,NA,https://acnhcdn.com/latest/ClosetIcon/AccessoryMouthBubblegum3.png,일 년 내내,심플한,릴렉스,Green,No
풍선껌,11030,bubblegum,https://acnhcdn.com/latest/FtrIcon/AccessoryMouthBubblegum4.png,140,35,에이블 시스터즈,고순이 임시 상점 또는 에이블 시스터즈,하얀색,하얀색,구매가능,No,1x1,NA,https://acnhcdn.com/latest/ClosetIcon/AccessoryMouthBubblegum4.png,일 년 내내,심플한,릴렉스,White,No
토끼 코,4600,bunny nose,https://acnhcdn.com/latest/FtrIcon/AccessoryMouthRabbit0.png,560,140,에이블 시스터즈,에이블 시스터즈에만,분홍색,분홍색,구매가능,No,1x1,NA,https://acnhcdn.com/latest/ClosetIcon/AccessoryMouthRabbit0.png,일 년 내내,귀여운,메르헨#파티#스테이지,Pink,No
토끼 코,11023,bunny nose,https://acnhcdn.com/latest/FtrIcon/AccessoryMouthRabbit1.png,560,140,에이블 시스터즈,에이블 시스터즈에만,노란색,주황색,구매가능,No,1x1,NA,https://acnhcdn.com/latest/ClosetIcon/AccessoryMouthRabbit1.png,일 년 내내,귀여운,메르헨#파티#스테이지,Yellow,No
토끼 코,11024,bunny nose,https://acnhcdn.com/latest/FtrIcon/AccessoryMouthRabbit2.png,560,140,에이블 시스터즈,에이블 시스터즈에만,하얀색,빨간색,구매가능,No,1x1,NA,https://acnhcdn.com/latest/ClosetIcon/AccessoryMouthRabbit2.png,일 년 내내,귀여운,메르헨#파티#스테이지,White,No
나비 선글라스,4608,butterfly shades,https://acnhcdn.com/latest/FtrIcon/AccessoryGlassButterfly0.png,1040,260,에이블 시스터즈,고순이 임시 상점 또는 에이블 시스터즈,검정색,파란색,구매가능,No,1x1,NA,https://acnhcdn.com/latest/ClosetIcon/AccessoryGlassButterfly0.png,일 년 내내,쿨한,아웃도어,Blue,Yes
나비 선글라스,11503,butterfly shades,https://acnhcdn.com/latest/FtrIcon/AccessoryGlassButterfly1.png,1040,260,에이블 시스터즈,고순이 임시 상점 또는 에이블 시스터즈,빨간색,갈색,구매가능,No,1x1,NA,https://acnhcdn.com/latest/ClosetIcon/AccessoryGlassButterfly1.png,일 년 내내,쿨한,아웃도어,Red,Yes
나비 선글라스,11504,butterfly shades,https://acnhcdn.com/latest/FtrIcon/AccessoryGlassButterfly2.png,1040,260,에이블 시스터즈,고순이 임시 상점 또는 에이블 시스터즈,갈색,갈색,구매가능,No,1x1,NA,https://acnhcdn.com/latest/ClosetIcon/AccessoryGlassButterfly2.png,일 년 내내,쿨한,아웃도어,Brown,Yes
슈가스컬 가면,5666,candy-skull mask,https://acnhcdn.com/latest/FtrIcon/AccessoryGlassmouthCatrina0.png,NFS,800,죠니,,하얀색,보라색,비매품,No,1x1,NA,https://acnhcdn.com/latest/ClosetIcon/AccessoryGlassmouthCatrina0.png,일 년 내내,화려한,포멀#파티#스테이지,Purple,No
슈가스컬 가면,11169,candy-skull mask,https://acnhcdn.com/latest/FtrIcon/AccessoryGlassmouthCatrina1.png,NFS,800,죠니,,하얀색,주황색,비매품,No,1x1,NA,https://acnhcdn.com/latest/ClosetIcon/AccessoryGlassmouthCatrina1.png,일 년 내내,화려한,포멀#파티#스테이지,Orange,No
슈가스컬 가면,11170,candy-skull mask,https://acnhcdn.com/latest/FtrIcon/AccessoryGlassmouthCatrina2.png,NFS,800,죠니,,하얀색,하늘색,비매품,No,1x1,NA,https://acnhcdn.com/latest/ClosetIcon/AccessoryGlassmouthCatrina2.png,일 년 내내,화려한,포멀#파티#스테이지,Blue,No
고양이 코,4483,cat nose,https://acnhcdn.com/latest/FtrIcon/AccessoryMouthCat0.png,560,140,에이블 시스터즈,에이블 시스터즈에만,하얀색,분홍색,구매가능,No,1x1,NA,https://acnhcdn.com/latest/ClosetIcon/AccessoryMouthCat0.png,일 년 내내,귀여운,메르헨#파티#스테이지,White,No
고양이 코,11021,cat nose,https://acnhcdn.com/latest/FtrIcon/AccessoryMouthCat1.png,560,140,에이블 시스터즈,에이블 시스터즈에만,갈색,베이지색,구매가능,No,1x1,NA,https://acnhcdn.com/latest/ClosetIcon/AccessoryMouthCat1.png,일 년 내내,귀여운,메르헨#파티#스테이지,Brown,No
고양이 코,11022,cat nose,https://acnhcdn.com/latest/FtrIcon/AccessoryMouthCat2.png,560,140,에이블 시스터즈,에이블 시스터즈에만,파란색,검정색,구매가능,No,1x1,NA,https://acnhcdn.com/latest/ClosetIcon/AccessoryMouthCat2.png,일 년 내내,귀여운,메르헨#파티#스테이지,Navy blue,No
오이 팩,4491,cucumber pack,https://acnhcdn.com/latest/FtrIcon/AccessoryMouthCucumber.png,490,122,에이블 시스터즈,고순이 임시 상점 또는 에이블 시스터즈,초록색,초록색,구매가능,No,1x1,NA,https://acnhcdn.com/latest/ClosetIcon/AccessoryMouthCucumber.png,일 년 내내,심플한,릴렉스,Green,No
꼬부랑 수염,4672,curly mustache,https://acnhcdn.com/latest/FtrIcon/AccessoryMouthRollingmustacheBlack.png,700,175,에이블 시스터즈,에이블 시스터즈에만,컬러풀,컬러풀,구매가능,No,1x1,NA,https://acnhcdn.com/latest/ClosetIcon/AccessoryMouthRollingmustacheBlack.png,일 년 내내,심플한,메르헨#포멀#파티,Black,No
사이버 선글라스,4552,cyber shades,https://acnhcdn.com/latest/FtrIcon/AccessoryGlassCyber0.png,1300,325,에이블 시스터즈,에이블 시스터즈에만,빨간색,검정색,구매가능,No,1x1,NA,https://acnhcdn.com/latest/ClosetIcon/AccessoryGlassCyber0.png,일 년 내내,활동적인,파티#스테이지,Red,Yes
사이버 선글라스,11498,cyber shades,https://acnhcdn.com/latest/FtrIcon/AccessoryGlassCyber1.png,1300,325,에이블 시스터즈,에이블 시스터즈에만,검정색,검정색,구매가능,No,1x1,NA,https://acnhcdn.com/latest/ClosetIcon/AccessoryGlassCyber1.png,일 년 내내,활동적인,파티#스테이지,Black,Yes
사이버 선글라스,11499,cyber shades,https://acnhcdn.com/latest/FtrIcon/AccessoryGlassCyber2.png,1300,325,에이블 시스터즈,에이블 시스터즈에만,회색,검정색,구매가능,No,1x1,NA,https://acnhcdn.com/latest/ClosetIcon/AccessoryGlassCyber2.png,일 년 내내,활동적인,파티#스테이지,Silver,Yes
사이버 선글라스,11500,cyber shades,https://acnhcdn.com/latest/FtrIcon/AccessoryGlassCyber3.png,1300,325,에이블 시스터즈,에이블 시스터즈에만,보라색,검정색,구매가능,No,1x1,NA,https://acnhcdn.com/latest/ClosetIcon/AccessoryGlassCyber3.png,일 년 내내,활동적인,파티#스테이지,Purple,Yes
사이버 선글라스,11501,cyber shades,https://acnhcdn.com/latest/FtrIcon/AccessoryGlassCyber4.png,1300,325,에이블 시스터즈,에이블 시스터즈에만,초록색,검정색,구매가능,No,1x1,NA,https://acnhcdn.com/latest/ClosetIcon/AccessoryGlassCyber4.png,일 년 내내,활동적인,파티#스테이지,Green,Yes
사이버 선글라스,11502,cyber shades,https://acnhcdn.com/latest/FtrIcon/AccessoryGlassCyber5.png,1300,325,에이블 시스터즈,에이블 시스터즈에만,노란색,검정색,구매가능,No,1x1,NA,https://acnhcdn.com/latest/ClosetIcon/AccessoryGlassCyber5.png,일 년 내내,활동적인,파티#스테이지,Yellow,Yes
DAL 안대,12128,DAL eye mask,https://acnhcdn.com/latest/FtrIcon/AccessoryGlassDalmask0.png,NFS,1010,도도항공,DAL 우편으로 옴,파란색,파란색,비매품,No,1x1,NA,https://acnhcdn.com/latest/ClosetIcon/AccessoryGlassDalmask0.png,일 년 내내,심플한,릴렉스#바캉스,Blue,Yes
DAL 선글라스,12129,DAL sunglasses,https://acnhcdn.com/latest/FtrIcon/AccessoryGlassDalglass0.png,NFS,1010,도도항공,DAL 우편으로 옴,노란색,파란색,비매품,No,1x1,NA,https://acnhcdn.com/latest/ClosetIcon/AccessoryGlassDalglass0.png,일 년 내내,화려한,릴렉스#바캉스,Yellow,Yes
마스크,4451,doctor's mask,https://acnhcdn.com/latest/FtrIcon/AccessoryMouthMaskWhite.png,140,35,에이블 시스터즈,고순이 임시 상점 또는 에이블 시스터즈,하얀색,하얀색,구매가능,No,1x1,NA,https://acnhcdn.com/latest/ClosetIcon/AccessoryMouthMaskWhite.png,일 년 내내,심플한,데일리#호러#릴렉스,White,No
강아지 코,5244,dog nose,https://acnhcdn.com/latest/FtrIcon/AccessoryMouthDog0.png,560,140,에이블 시스터즈,에이블 시스터즈에만,하얀색,검정색,구매가능,No,1x1,NA,https://acnhcdn.com/latest/ClosetIcon/AccessoryMouthDog0.png,일 년 내내,귀여운,메르헨#파티#스테이지,White,No
강아지 코,11025,dog nose,https://acnhcdn.com/latest/FtrIcon/AccessoryMouthDog1.png,560,140,에이블 시스터즈,에이블 시스터즈에만,주황색,검정색,구매가능,No,1x1,NA,https://acnhcdn.com/latest/ClosetIcon/AccessoryMouthDog1.png,일 년 내내,귀여운,메르헨#파티#스테이지,Beige,No
강아지 코,11026,dog nose,https://acnhcdn.com/latest/FtrIcon/AccessoryMouthDog2.png,560,140,에이블 시스터즈,에이블 시스터즈에만,검정색,검정색,구매가능,No,1x1,NA,https://acnhcdn.com/latest/ClosetIcon/AccessoryMouthDog2.png,일 년 내내,귀여운,메르헨#파티#스테이지,Black,No
더블 브리지 안경,4263,double-bridge glasses,https://acnhcdn.com/latest/FtrIcon/AccessoryGlassDoublebridge0.png,1100,275,에이블 시스터즈,에이블 시스터즈에만,노란색,노란색,구매가능,No,1x1,NA,https://acnhcdn.com/latest/ClosetIcon/AccessoryGlassDoublebridge0.png,일 년 내내,우아한,릴렉스#바캉스#비즈니스,Gold,Yes
더블 브리지 안경,11076,double-bridge glasses,https://acnhcdn.com/latest/FtrIcon/AccessoryGlassDoublebridge1.png,1100,275,에이블 시스터즈,에이블 시스터즈에만,보라색,보라색,구매가능,No,1x1,NA,https://acnhcdn.com/latest/ClosetIcon/AccessoryGlassDoublebridge1.png,일 년 내내,우아한,릴렉스#바캉스#비즈니스,Purple,Yes
더블 브리지 안경,11077,double-bridge glasses,https://acnhcdn.com/latest/FtrIcon/AccessoryGlassDoublebridge2.png,1100,275,에이블 시스터즈,에이블 시스터즈에만,회색,회색,구매가능,No,1x1,NA,https://acnhcdn.com/latest/ClosetIcon/AccessoryGlassDoublebridge2.png,일 년 내내,우아한,릴렉스#바캉스#비즈니스,Silver,Yes
더블 브리지 안경,11078,double-bridge glasses,https://acnhcdn.com/latest/FtrIcon/AccessoryGlassDoublebridge3.png,1100,275,에이블 시스터즈,에이블 시스터즈에만,파란색,파란색,구매가능,No,1x1,NA,https://acnhcdn.com/latest/ClosetIcon/AccessoryGlassDoublebridge3.png,일 년 내내,우아한,릴렉스#바캉스#비즈니스,Blue,Yes
빨대 안경,5773,drinking-straw glasses,https://acnhcdn.com/latest/FtrIcon/AccessoryGlassmouthStraw0.png,560,140,에이블 시스터즈,고순이 임시 상점 또는 에이블 시스터즈,초록색,초록색,구매가능,No,1x1,NA,https://acnhcdn.com/latest/ClosetIcon/AccessoryGlassmouthStraw0.png,일 년 내내,활동적인,릴렉스#바캉스#비즈니스,Green,No
빨대 안경,11010,drinking-straw glasses,https://acnhcdn.com/latest/FtrIcon/AccessoryGlassmouthStraw1.png,560,140,에이블 시스터즈,고순이 임시 상점 또는 에이블 시스터즈,하늘색,하늘색,구매가능,No,1x1,NA,https://acnhcdn.com/latest/ClosetIcon/AccessoryGlassmouthStraw1.png,일 년 내내,활동적인,릴렉스#바캉스#비즈니스,Blue,No
빨대 안경,11011,drinking-straw glasses,https://acnhcdn.com/latest/FtrIcon/AccessoryGlassmouthStraw2.png,560,140,에이블 시스터즈,고순이 임시 상점 또는 에이블 시스터즈,분홍색,분홍색,구매가능,No,1x1,NA,https://acnhcdn.com/latest/ClosetIcon/AccessoryGlassmouthStraw2.png,일 년 내내,활동적인,릴렉스#바캉스#비즈니스,Pink,No
빨대 안경,11012,drinking-straw glasses,https://acnhcdn.com/latest/FtrIcon/AccessoryGlassmouthStraw3.png,560,140,에이블 시스터즈,고순이 임시 상점 또는 에이블 시스터즈,하얀색,하얀색,구매가능,No,1x1,NA,https://acnhcdn.com/latest/ClosetIcon/AccessoryGlassmouthStraw3.png,일 년 내내,활동적인,릴렉스#바캉스#비즈니스,White,No
아이마스크,4425,eye mask,https://acnhcdn.com/latest/FtrIcon/AccessoryGlassMask0.png,560,140,에이블 시스터즈,고순이 임시 상점 또는 에이블 시스터즈,파란색,검정색,구매가능,No,1x1,NA,https://acnhcdn.com/latest/ClosetIcon/AccessoryGlassMask0.png,일 년 내내,심플한,릴렉스,Blue,Yes
아이마스크,11154,eye mask,https://acnhcdn.com/latest/FtrIcon/AccessoryGlassMask1.png,560,140,에이블 시스터즈,고순이 임시 상점 또는 에이블 시스터즈,분홍색,검정색,구매가능,No,1x1,NA,https://acnhcdn.com/latest/ClosetIcon/AccessoryGlassMask1.png,일 년 내내,심플한,릴렉스,Pink,Yes
아이마스크,11155,eye mask,https://acnhcdn.com/latest/FtrIcon/AccessoryGlassMask2.png,560,140,에이블 시스터즈,고순이 임시 상점 또는 에이블 시스터즈,회색,검정색,구매가능,No,1x1,NA,https://acnhcdn.com/latest/ClosetIcon/AccessoryGlassMask2.png,일 년 내내,심플한,릴렉스,Gray,Yes
아이마스크,11156,eye mask,https://acnhcdn.com/latest/FtrIcon/AccessoryGlassMask3.png,560,140,에이블 시스터즈,고순이 임시 상점 또는 에이블 시스터즈,초록색,검정색,구매가능,No,1x1,NA,https://acnhcdn.com/latest/ClosetIcon/AccessoryGlassMask3.png,일 년 내내,심플한,릴렉스,Green,Yes
아이마스크,11157,eye mask,https://acnhcdn.com/latest/FtrIcon/AccessoryGlassMask4.png,560,140,에이블 시스터즈,고순이 임시 상점 또는 에이블 시스터즈,주황색,검정색,구매가능,No,1x1,NA,https://acnhcdn.com/latest/ClosetIcon/AccessoryGlassMask4.png,일 년 내내,심플한,릴렉스,Orange,Yes
아이마스크,11158,eye mask,https://acnhcdn.com/latest/FtrIcon/AccessoryGlassMask5.png,560,140,에이블 시스터즈,고순이 임시 상점 또는 에이블 시스터즈,빨간색,검정색,구매가능,No,1x1,NA,https://acnhcdn.com/latest/ClosetIcon/AccessoryGlassMask5.png,일 년 내내,심플한,릴렉스,Red,Yes
검정 안대,4457,eye patch,https://acnhcdn.com/latest/FtrIcon/AccessoryGlassPatchBlack.png,140,35,에이블 시스터즈,에이블 시스터즈에만,검정색,검정색,구매가능,No,1x1,NA,https://acnhcdn.com/latest/ClosetIcon/AccessoryGlassPatchBlack.png,일 년 내내,쿨한,메르헨#호러,Black,Yes
팩,4512,facial mask,https://acnhcdn.com/latest/FtrIcon/AccessoryGlassmouthPackWhite.png,560,140,에이블 시스터즈,에이블 시스터즈에만,하얀색,하얀색,구매가능,No,1x1,NA,https://acnhcdn.com/latest/ClosetIcon/AccessoryGlassmouthPackWhite.png,일 년 내내,심플한,호러#릴렉스,White,No
가짜 코,4496,fake nose,https://acnhcdn.com/latest/FtrIcon/AccessoryGlassmouthNoseRed.png,490,122,에이블 시스터즈,에이블 시스터즈에만,빨간색,빨간색,구매가능,No,1x1,NA,https://acnhcdn.com/latest/ClosetIcon/AccessoryGlassmouthNoseRed.png,일 년 내내,귀여운,메르헨#파티#스테이지,Red,No
플라워 선글라스,5739,flower sunglasses,https://acnhcdn.com/latest/FtrIcon/AccessoryGlassFlower0.png,770,192,에이블 시스터즈,고순이 임시 상점 또는 에이블 시스터즈,빨간색,검정색,구매가능,No,1x1,NA,https://acnhcdn.com/latest/ClosetIcon/AccessoryGlassFlower0.png,일 년 내내,귀여운,파티#바캉스,Red,Yes
플라워 선글라스,11228,flower sunglasses,https://acnhcdn.com/latest/FtrIcon/AccessoryGlassFlower1.png,770,192,에이블 시스터즈,고순이 임시 상점 또는 에이블 시스터즈,주황색,검정색,구매가능,No,1x1,NA,https://acnhcdn.com/latest/ClosetIcon/AccessoryGlassFlower1.png,일 년 내내,귀여운,파티#바캉스,Orange,Yes
플라워 선글라스,11229,flower sunglasses,https://acnhcdn.com/latest/FtrIcon/AccessoryGlassFlower2.png,770,192,에이블 시스터즈,고순이 임시 상점 또는 에이블 시스터즈,파란색,검정색,구매가능,No,1x1,NA,https://acnhcdn.com/latest/ClosetIcon/AccessoryGlassFlower2.png,일 년 내내,귀여운,파티#바캉스,Blue,Yes
플라워 선글라스,11230,flower sunglasses,https://acnhcdn.com/latest/FtrIcon/AccessoryGlassFlower3.png,770,192,에이블 시스터즈,고순이 임시 상점 또는 에이블 시스터즈,보라색,검정색,구매가능,No,1x1,NA,https://acnhcdn.com/latest/ClosetIcon/AccessoryGlassFlower3.png,일 년 내내,귀여운,파티#바캉스,Purple,Yes
플라워 선글라스,11231,flower sunglasses,https://acnhcdn.com/latest/FtrIcon/AccessoryGlassFlower4.png,770,192,에이블 시스터즈,고순이 임시 상점 또는 에이블 시스터즈,초록색,검정색,구매가능,No,1x1,NA,https://acnhcdn.com/latest/ClosetIcon/AccessoryGlassFlower4.png,일 년 내내,귀여운,파티#바캉스,Green,Yes
음식 부스러기,5857,food mess,https://acnhcdn.com/latest/FtrIcon/AccessoryMouthPasta.png,490,122,에이블 시스터즈,고순이 임시 상점 또는 에이블 시스터즈,주황색,베이지색,구매가능,No,1x1,NA,https://acnhcdn.com/latest/ClosetIcon/AccessoryMouthPasta.png,일 년 내내,심플한,릴렉스,Pasta,No
코믹한 안경,4513,funny glasses,https://acnhcdn.com/latest/FtrIcon/AccessoryGlassEyes0.png,1100,275,에이블 시스터즈,에이블 시스터즈에만,갈색,검정색,구매가능,No,1x1,NA,https://acnhcdn.com/latest/ClosetIcon/AccessoryGlassEyes0.png,일 년 내내,귀여운,메르헨#파티#스테이지,Brown,Yes
코믹한 안경,11008,funny glasses,https://acnhcdn.com/latest/FtrIcon/AccessoryGlassEyes1.png,1100,275,에이블 시스터즈,에이블 시스터즈에만,분홍색,검정색,구매가능,No,1x1,NA,https://acnhcdn.com/latest/ClosetIcon/AccessoryGlassEyes1.png,일 년 내내,귀여운,메르헨#파티#스테이지,Pink,Yes
코믹한 안경,11009,funny glasses,https://acnhcdn.com/latest/FtrIcon/AccessoryGlassEyes2.png,1100,275,에이블 시스터즈,에이블 시스터즈에만,하늘색,검정색,구매가능,No,1x1,NA,https://acnhcdn.com/latest/ClosetIcon/AccessoryGlassEyes2.png,일 년 내내,귀여운,메르헨#파티#스테이지,Blue,Yes
가스 마스크,4649,gas mask,https://acnhcdn.com/latest/FtrIcon/AccessoryGlassmouthGasmask0.png,1100,275,에이블 시스터즈,에이블 시스터즈에만,검정색,검정색,구매가능,No,1x1,NA,https://acnhcdn.com/latest/ClosetIcon/AccessoryGlassmouthGasmask0.png,일 년 내내,쿨한,호러#비즈니스,Black,No
가스 마스크,11160,gas mask,https://acnhcdn.com/latest/FtrIcon/AccessoryGlassmouthGasmask1.png,1100,275,에이블 시스터즈,에이블 시스터즈에만,초록색,초록색,구매가능,No,1x1,NA,https://acnhcdn.com/latest/ClosetIcon/AccessoryGlassmouthGasmask1.png,일 년 내내,쿨한,호러#비즈니스,Avocado,No
두꺼운 안경,4282,glass-bottle glasses,https://acnhcdn.com/latest/FtrIcon/AccessoryGlassBottleBlack.png,1100,275,에이블 시스터즈,고순이 임시 상점 또는 에이블 시스터즈,검정색,회색,구매가능,No,1x1,NA,https://acnhcdn.com/latest/ClosetIcon/AccessoryGlassBottleBlack.png,일 년 내내,심플한,릴렉스#비즈니스,Black,Yes
턱수염,4676,goatee,https://acnhcdn.com/latest/FtrIcon/AccessoryMouthBeardChinBlack.png,980,245,에이블 시스터즈,에이블 시스터즈에만,컬러풀,컬러풀,구매가능,No,1x1,NA,https://acnhcdn.com/latest/ClosetIcon/AccessoryMouthBeardChinBlack.png,일 년 내내,쿨한,데일리#릴렉스#스테이지,Black,No
물안경,4454,goggles,https://acnhcdn.com/latest/FtrIcon/AccessoryGlassGoggles0.png,560,140,에이블 시스터즈,고순이 임시 상점 또는 에이블 시스터즈,검정색,검정색,구매가능,No,1x1,NA,https://acnhcdn.com/latest/ClosetIcon/AccessoryGlassGoggles0.png,여름,활동적인,아웃도어#스포츠#바캉스,Black,Yes
물안경,11484,goggles,https://acnhcdn.com/latest/FtrIcon/AccessoryGlassGoggles1.png,560,140,에이블 시스터즈,고순이 임시 상점 또는 에이블 시스터즈,파란색,파란색,구매가능,No,1x1,NA,https://acnhcdn.com/latest/ClosetIcon/AccessoryGlassGoggles1.png,여름,활동적인,아웃도어#스포츠#바캉스,Blue,Yes
물안경,11485,goggles,https://acnhcdn.com/latest/FtrIcon/AccessoryGlassGoggles2.png,560,140,에이블 시스터즈,고순이 임시 상점 또는 에이블 시스터즈,분홍색,분홍색,구매가능,No,1x1,NA,https://acnhcdn.com/latest/ClosetIcon/AccessoryGlassGoggles2.png,여름,활동적인,아웃도어#스포츠#바캉스,Pink,Yes
물안경,11486,goggles,https://acnhcdn.com/latest/FtrIcon/AccessoryGlassGoggles3.png,560,140,에이블 시스터즈,고순이 임시 상점 또는 에이블 시스터즈,초록색,초록색,구매가능,No,1x1,NA,https://acnhcdn.com/latest/ClosetIcon/AccessoryGlassGoggles3.png,여름,활동적인,아웃도어#스포츠#바캉스,Green,Yes
물안경,11487,goggles,https://acnhcdn.com/latest/FtrIcon/AccessoryGlassGoggles4.png,560,140,에이블 시스터즈,고순이 임시 상점 또는 에이블 시스터즈,보라색,보라색,구매가능,No,1x1,NA,https://acnhcdn.com/latest/ClosetIcon/AccessoryGlassGoggles4.png,여름,활동적인,아웃도어#스포츠#바캉스,Purple,Yes
물안경,11488,goggles,https://acnhcdn.com/latest/FtrIcon/AccessoryGlassGoggles5.png,560,140,에이블 시스터즈,고순이 임시 상점 또는 에이블 시스터즈,빨간색,빨간색,구매가능,No,1x1,NA,https://acnhcdn.com/latest/ClosetIcon/AccessoryGlassGoggles5.png,여름,활동적인,아웃도어#스포츠#바캉스,Red,Yes
콧수염,3550,handlebar mustache,https://acnhcdn.com/latest/FtrIcon/AccessoryMouthBeardBlack.png,1120,280,에이블 시스터즈,에이블 시스터즈에만,컬러풀,컬러풀,구매가능,No,1x1,NA,https://acnhcdn.com/latest/ClosetIcon/AccessoryMouthBeardBlack.png,일 년 내내,우아한,메르헨#포멀#스테이지,Black,No
하트 선글라스,4237,heart shades,https://acnhcdn.com/latest/FtrIcon/AccessoryGlassHeart0.png,1040,260,에이블 시스터즈,고순이 임시 상점 또는 에이블 시스터즈,분홍색,파란색,구매가능,No,1x1,NA,https://acnhcdn.com/latest/ClosetIcon/AccessoryGlassHeart0.png,일 년 내내,귀여운,파티#바캉스,Pink,Yes
하트 선글라스,11188,heart shades,https://acnhcdn.com/latest/FtrIcon/AccessoryGlassHeart1.png,1040,260,에이블 시스터즈,고순이 임시 상점 또는 에이블 시스터즈,노란색,파란색,구매가능,No,1x1,NA,https://acnhcdn.com/latest/ClosetIcon/AccessoryGlassHeart1.png,일 년 내내,귀여운,파티#바캉스,Yellow,Yes
하트 선글라스,11189,heart shades,https://acnhcdn.com/latest/FtrIcon/AccessoryGlassHeart2.png,1040,260,에이블 시스터즈,고순이 임시 상점 또는 에이블 시스터즈,하늘색,파란색,구매가능,No,1x1,NA,https://acnhcdn.com/latest/ClosetIcon/AccessoryGlassHeart2.png,일 년 내내,귀여운,파티#바캉스,Blue,Yes
하트 선글라스,11190,heart shades,https://acnhcdn.com/latest/FtrIcon/AccessoryGlassHeart3.png,1040,260,에이블 시스터즈,고순이 임시 상점 또는 에이블 시스터즈,보라색,파란색,구매가능,No,1x1,NA,https://acnhcdn.com/latest/ClosetIcon/AccessoryGlassHeart3.png,일 년 내내,귀여운,파티#바캉스,Purple,Yes
하트 선글라스,11191,heart shades,https://acnhcdn.com/latest/FtrIcon/AccessoryGlassHeart4.png,1040,260,에이블 시스터즈,고순이 임시 상점 또는 에이블 시스터즈,초록색,파란색,구매가능,No,1x1,NA,https://acnhcdn.com/latest/ClosetIcon/AccessoryGlassHeart4.png,일 년 내내,귀여운,파티#바캉스,Green,Yes
HMD,5182,HMD,https://acnhcdn.com/latest/FtrIcon/AccessoryGlassHmdWhite.png,2000,500,에이블 시스터즈,에이블 시스터즈에만,하얀색,검정색,구매가능,No,1x1,NA,https://acnhcdn.com/latest/ClosetIcon/AccessoryGlassHmdWhite.png,일 년 내내,쿨한,릴렉스,White,Yes
피에로 가면,4678,jester's mask,https://acnhcdn.com/latest/FtrIcon/AccessoryGlassmouthPierrot0.png,1760,440,에이블 시스터즈,에이블 시스터즈에만,검정색,하얀색,구매가능,No,1x1,NA,https://acnhcdn.com/latest/ClosetIcon/AccessoryGlassmouthPierrot0.png,일 년 내내,쿨한,메르헨#호러#파티#스테이지#비즈니스,Black,No
피에로 가면,11166,jester's mask,https://acnhcdn.com/latest/FtrIcon/AccessoryGlassmouthPierrot1.png,1760,440,에이블 시스터즈,에이블 시스터즈에만,빨간색,하얀색,구매가능,No,1x1,NA,https://acnhcdn.com/latest/ClosetIcon/AccessoryGlassmouthPierrot1.png,일 년 내내,쿨한,메르헨#호러#파티#스테이지#비즈니스,Red,No
피에로 가면,11167,jester's mask,https://acnhcdn.com/latest/FtrIcon/AccessoryGlassmouthPierrot2.png,1760,440,에이블 시스터즈,에이블 시스터즈에만,초록색,하얀색,구매가능,No,1x1,NA,https://acnhcdn.com/latest/ClosetIcon/AccessoryGlassmouthPierrot2.png,일 년 내내,쿨한,메르헨#호러#파티#스테이지#비즈니스,Green,No
피에로 가면,11168,jester's mask,https://acnhcdn.com/latest/FtrIcon/AccessoryGlassmouthPierrot3.png,1760,440,에이블 시스터즈,에이블 시스터즈에만,파란색,하얀색,구매가능,No,1x1,NA,https://acnhcdn.com/latest/ClosetIcon/AccessoryGlassmouthPierrot3.png,일 년 내내,쿨한,메르헨#호러#파티#스테이지#비즈니스,Blue,No
케이트의 선글라스,9887,Labelle sunglasses,https://acnhcdn.com/latest/FtrIcon/AccessoryGlassKate0.png,2000,500,고숙이,,보라색,보라색,구매가능,No,1x1,NA,https://acnhcdn.com/latest/ClosetIcon/AccessoryGlassKate0.png,일 년 내내,화려한,데일리#포멀#파티#스테이지#바캉스,Twilight,Yes
케이트의 선글라스,11776,Labelle sunglasses,https://acnhcdn.com/latest/FtrIcon/AccessoryGlassKate1.png,2000,500,고숙이,,검정색,검정색,구매가능,No,1x1,NA,https://acnhcdn.com/latest/ClosetIcon/AccessoryGlassKate1.png,일 년 내내,화려한,데일리#포멀#파티#스테이지#바캉스,Midnight,Yes
케이트의 선글라스,11777,Labelle sunglasses,https://acnhcdn.com/latest/FtrIcon/AccessoryGlassKate2.png,2000,500,고숙이,,빨간색,빨간색,구매가능,No,1x1,NA,https://acnhcdn.com/latest/ClosetIcon/AccessoryGlassKate2.png,일 년 내내,화려한,데일리#포멀#파티#스테이지#바캉스,Passion,Yes
케이트의 선글라스,11778,Labelle sunglasses,https://acnhcdn.com/latest/FtrIcon/AccessoryGlassKate3.png,2000,500,고숙이,,파란색,파란색,구매가능,No,1x1,NA,https://acnhcdn.com/latest/ClosetIcon/AccessoryGlassKate3.png,일 년 내내,화려한,데일리#포멀#파티#스테이지#바캉스,Ocean,Yes
케이트의 선글라스,11779,Labelle sunglasses,https://acnhcdn.com/latest/FtrIcon/AccessoryGlassKate4.png,2000,500,고숙이,,노란색,노란색,구매가능,No,1x1,NA,https://acnhcdn.com/latest/ClosetIcon/AccessoryGlassKate4.png,일 년 내내,화려한,데일리#포멀#파티#스테이지#바캉스,Sunset,Yes
케이트의 선글라스,11780,Labelle sunglasses,https://acnhcdn.com/latest/FtrIcon/AccessoryGlassKate5.png,2000,500,고숙이,,분홍색,분홍색,구매가능,No,1x1,NA,https://acnhcdn.com/latest/ClosetIcon/AccessoryGlassKate5.png,일 년 내내,화려한,데일리#포멀#파티#스테이지#바캉스,Love,Yes
블라인드 선글라스,4464,ladder shades,https://acnhcdn.com/latest/FtrIcon/AccessoryGlassBlind0.png,880,220,에이블 시스터즈,에이블 시스터즈에만,빨간색,빨간색,구매가능,No,1x1,NA,https://acnhcdn.com/latest/ClosetIcon/AccessoryGlassBlind0.png,일 년 내내,활동적인,파티#스테이지,Red,Yes
블라인드 선글라스,11002,ladder shades,https://acnhcdn.com/latest/FtrIcon/AccessoryGlassBlind1.png,880,220,에이블 시스터즈,에이블 시스터즈에만,파란색,파란색,구매가능,No,1x1,NA,https://acnhcdn.com/latest/ClosetIcon/AccessoryGlassBlind1.png,일 년 내내,활동적인,파티#스테이지,Blue,Yes
블라인드 선글라스,11003,ladder shades,https://acnhcdn.com/latest/FtrIcon/AccessoryGlassBlind2.png,880,220,에이블 시스터즈,에이블 시스터즈에만,초록색,초록색,구매가능,No,1x1,NA,https://acnhcdn.com/latest/ClosetIcon/AccessoryGlassBlind2.png,일 년 내내,활동적인,파티#스테이지,Green,Yes
블라인드 선글라스,11004,ladder shades,https://acnhcdn.com/latest/FtrIcon/AccessoryGlassBlind3.png,880,220,에이블 시스터즈,에이블 시스터즈에만,분홍색,분홍색,구매가능,No,1x1,NA,https://acnhcdn.com/latest/ClosetIcon/AccessoryGlassBlind3.png,일 년 내내,활동적인,파티#스테이지,Pink,Yes
블라인드 선글라스,11005,ladder shades,https://acnhcdn.com/latest/FtrIcon/AccessoryGlassBlind4.png,880,220,에이블 시스터즈,에이블 시스터즈에만,노란색,노란색,구매가능,No,1x1,NA,https://acnhcdn.com/latest/ClosetIcon/AccessoryGlassBlind4.png,일 년 내내,활동적인,파티#스테이지,Yellow,Yes
블라인드 선글라스,11006,ladder shades,https://acnhcdn.com/latest/FtrIcon/AccessoryGlassBlind5.png,880,220,에이블 시스터즈,에이블 시스터즈에만,갈색,갈색,구매가능,No,1x1,NA,https://acnhcdn.com/latest/ClosetIcon/AccessoryGlassBlind5.png,일 년 내내,활동적인,파티#스테이지,Gold,Yes
나뭇잎,4682,leaf,https://acnhcdn.com/latest/FtrIcon/AccessoryMouthLeafGreen.png,NFS,100,제작,,초록색,초록색,비매품,Yes,1x1,NA,https://acnhcdn.com/latest/ClosetIcon/AccessoryMouthLeafGreen.png,일 년 내내,심플한,아웃도어#릴렉스#바캉스,Green,No
베네치안 마스크,4667,masquerade mask,https://acnhcdn.com/latest/FtrIcon/AccessoryGlassVenetian0.png,910,227,에이블 시스터즈,에이블 시스터즈에만,분홍색,노란색,구매가능,No,1x1,NA,https://acnhcdn.com/latest/ClosetIcon/AccessoryGlassVenetian0.png,일 년 내내,화려한,메르헨#파티#스테이지,Purple,Yes
베네치안 마스크,11161,masquerade mask,https://acnhcdn.com/latest/FtrIcon/AccessoryGlassVenetian1.png,910,227,에이블 시스터즈,에이블 시스터즈에만,검정색,노란색,구매가능,No,1x1,NA,https://acnhcdn.com/latest/ClosetIcon/AccessoryGlassVenetian1.png,일 년 내내,화려한,메르헨#파티#스테이지,Black,Yes
베네치안 마스크,11162,masquerade mask,https://acnhcdn.com/latest/FtrIcon/AccessoryGlassVenetian2.png,910,227,에이블 시스터즈,에이블 시스터즈에만,파란색,노란색,구매가능,No,1x1,NA,https://acnhcdn.com/latest/ClosetIcon/AccessoryGlassVenetian2.png,일 년 내내,화려한,메르헨#파티#스테이지,Blue,Yes
베네치안 마스크,11163,masquerade mask,https://acnhcdn.com/latest/FtrIcon/AccessoryGlassVenetian3.png,910,227,에이블 시스터즈,에이블 시스터즈에만,빨간색,노란색,구매가능,No,1x1,NA,https://acnhcdn.com/latest/ClosetIcon/AccessoryGlassVenetian3.png,일 년 내내,화려한,메르헨#파티#스테이지,Red,Yes
베네치안 마스크,11164,masquerade mask,https://acnhcdn.com/latest/FtrIcon/AccessoryGlassVenetian4.png,910,227,에이블 시스터즈,에이블 시스터즈에만,초록색,노란색,구매가능,No,1x1,NA,https://acnhcdn.com/latest/ClosetIcon/AccessoryGlassVenetian4.png,일 년 내내,화려한,메르헨#파티#스테이지,Green,Yes
베네치안 마스크,11165,masquerade mask,https://acnhcdn.com/latest/FtrIcon/AccessoryGlassVenetian5.png,910,227,에이블 시스터즈,에이블 시스터즈에만,주황색,노란색,구매가능,No,1x1,NA,https://acnhcdn.com/latest/ClosetIcon/AccessoryGlassVenetian5.png,일 년 내내,화려한,메르헨#파티#스테이지,Gold,Yes
모노클,4462,monocle,https://acnhcdn.com/latest/FtrIcon/AccessoryGlassMonocle0.png,1100,275,에이블 시스터즈,에이블 시스터즈에만,검정색,검정색,구매가능,No,1x1,NA,https://acnhcdn.com/latest/ClosetIcon/AccessoryGlassMonocle0.png,일 년 내내,우아한,메르헨#포멀#비즈니스,Black,Yes
모노클,11000,monocle,https://acnhcdn.com/latest/FtrIcon/AccessoryGlassMonocle1.png,1100,275,에이블 시스터즈,에이블 시스터즈에만,노란색,노란색,구매가능,No,1x1,NA,https://acnhcdn.com/latest/ClosetIcon/AccessoryGlassMonocle1.png,일 년 내내,우아한,메르헨#포멀#비즈니스,Gold,Yes
모노클,11001,monocle,https://acnhcdn.com/latest/FtrIcon/AccessoryGlassMonocle2.png,1100,275,에이블 시스터즈,에이블 시스터즈에만,회색,회색,구매가능,No,1x1,NA,https://acnhcdn.com/latest/ClosetIcon/AccessoryGlassMonocle2.png,일 년 내내,우아한,메르헨#포멀#비즈니스,Silver,Yes
나이트 비전 고글,5261,night-vision goggles,https://acnhcdn.com/latest/FtrIcon/AccessoryGlassNightvisionBlack.png,1560,390,에이블 시스터즈,에이블 시스터즈에만,검정색,초록색,구매가능,No,1x1,NA,https://acnhcdn.com/latest/ClosetIcon/AccessoryGlassNightvisionBlack.png,일 년 내내,활동적인,아웃도어,Black,Yes
Nook Inc. 안대,9654,Nook Inc. eye mask,https://acnhcdn.com/latest/FtrIcon/AccessoryGlassNook0.png,NFS,2000,너굴 마일 교환,,초록색,하얀색,비매품,No,1x1,400,https://acnhcdn.com/latest/ClosetIcon/AccessoryGlassNook0.png,일 년 내내,심플한,릴렉스,Green,Yes
콧물,5833,nose drip,https://acnhcdn.com/latest/FtrIcon/AccessoryMouthJokeDripCyan.png,490,122,에이블 시스터즈,고순이 임시 상점 또는 에이블 시스터즈,하늘색,하늘색,구매가능,No,1x1,NA,https://acnhcdn.com/latest/ClosetIcon/AccessoryMouthJokeDripCyan.png,일 년 내내,심플한,릴렉스,Light blue,No
팔각 안경,4239,octagonal glasses,https://acnhcdn.com/latest/FtrIcon/AccessoryGlassOctagon0.png,1100,275,에이블 시스터즈,에이블 시스터즈에만,회색,회색,구매가능,No,1x1,NA,https://acnhcdn.com/latest/ClosetIcon/AccessoryGlassOctagon0.png,일 년 내내,귀여운,릴렉스#바캉스#비즈니스,Gray,Yes
팔각 안경,11072,octagonal glasses,https://acnhcdn.com/latest/FtrIcon/AccessoryGlassOctagon1.png,1100,275,에이블 시스터즈,에이블 시스터즈에만,초록색,초록색,구매가능,No,1x1,NA,https://acnhcdn.com/latest/ClosetIcon/AccessoryGlassOctagon1.png,일 년 내내,귀여운,릴렉스#바캉스#비즈니스,Green,Yes
팔각 안경,11073,octagonal glasses,https://acnhcdn.com/latest/FtrIcon/AccessoryGlassOctagon2.png,1100,275,에이블 시스터즈,에이블 시스터즈에만,보라색,보라색,구매가능,No,1x1,NA,https://acnhcdn.com/latest/ClosetIcon/AccessoryGlassOctagon2.png,일 년 내내,귀여운,릴렉스#바캉스#비즈니스,Purple,Yes
팔각 안경,11074,octagonal glasses,https://acnhcdn.com/latest/FtrIcon/AccessoryGlassOctagon3.png,1100,275,에이블 시스터즈,에이블 시스터즈에만,베이지색,베이지색,구매가능,No,1x1,NA,https://acnhcdn.com/latest/ClosetIcon/AccessoryGlassOctagon3.png,일 년 내내,귀여운,릴렉스#바캉스#비즈니스,Gold,Yes
팔각 안경,11075,octagonal glasses,https://acnhcdn.com/latest/FtrIcon/AccessoryGlassOctagon4.png,1100,275,에이블 시스터즈,에이블 시스터즈에만,검정색,검정색,구매가능,No,1x1,NA,https://acnhcdn.com/latest/ClosetIcon/AccessoryGlassOctagon4.png,일 년 내내,귀여운,릴렉스#바캉스#비즈니스,Black,Yes
타원 안경,4609,oval glasses,https://acnhcdn.com/latest/FtrIcon/AccessoryGlassOval0.png,880,220,에이블 시스터즈,고순이 임시 상점 또는 에이블 시스터즈,초록색,초록색,구매가능,No,1x1,NA,https://acnhcdn.com/latest/ClosetIcon/AccessoryGlassOval0.png,일 년 내내,심플한,데일리#비즈니스,Green,Yes
타원 안경,11087,oval glasses,https://acnhcdn.com/latest/FtrIcon/AccessoryGlassOval1.png,880,220,에이블 시스터즈,고순이 임시 상점 또는 에이블 시스터즈,주황색,주황색,구매가능,No,1x1,NA,https://acnhcdn.com/latest/ClosetIcon/AccessoryGlassOval1.png,일 년 내내,심플한,데일리#비즈니스,Orange,Yes
타원 안경,11088,oval glasses,https://acnhcdn.com/latest/FtrIcon/AccessoryGlassOval2.png,880,220,에이블 시스터즈,고순이 임시 상점 또는 에이블 시스터즈,하늘색,하늘색,구매가능,No,1x1,NA,https://acnhcdn.com/latest/ClosetIcon/AccessoryGlassOval2.png,일 년 내내,심플한,데일리#비즈니스,Blue,Yes
타원 안경,11089,oval glasses,https://acnhcdn.com/latest/FtrIcon/AccessoryGlassOval3.png,880,220,에이블 시스터즈,고순이 임시 상점 또는 에이블 시스터즈,보라색,보라색,구매가능,No,1x1,NA,https://acnhcdn.com/latest/ClosetIcon/AccessoryGlassOval3.png,일 년 내내,심플한,데일리#비즈니스,Purple,Yes
타원 안경,11090,oval glasses,https://acnhcdn.com/latest/FtrIcon/AccessoryGlassOval4.png,880,220,에이블 시스터즈,고순이 임시 상점 또는 에이블 시스터즈,빨간색,빨간색,구매가능,No,1x1,NA,https://acnhcdn.com/latest/ClosetIcon/AccessoryGlassOval4.png,일 년 내내,심플한,데일리#비즈니스,Magenta,Yes
타원 안경,11091,oval glasses,https://acnhcdn.com/latest/FtrIcon/AccessoryGlassOval5.png,880,220,에이블 시스터즈,고순이 임시 상점 또는 에이블 시스터즈,노란색,노란색,구매가능,No,1x1,NA,https://acnhcdn.com/latest/ClosetIcon/AccessoryGlassOval5.png,일 년 내내,심플한,데일리#비즈니스,Mustard,Yes
타원 안경,11092,oval glasses,https://acnhcdn.com/latest/FtrIcon/AccessoryGlassOval6.png,880,220,에이블 시스터즈,고순이 임시 상점 또는 에이블 시스터즈,검정색,검정색,구매가능,No,1x1,NA,https://acnhcdn.com/latest/ClosetIcon/AccessoryGlassOval6.png,일 년 내내,심플한,데일리#비즈니스,Black,Yes
노리개젖꼭지,2298,pacifier,https://acnhcdn.com/latest/FtrIcon/AccessoryMouthPacifier0.png,560,140,에이블 시스터즈,고순이 임시 상점 또는 에이블 시스터즈,분홍색,분홍색,구매가능,No,1x1,NA,https://acnhcdn.com/latest/ClosetIcon/AccessoryMouthPacifier0.png,일 년 내내,귀여운,릴렉스,Baby purple,No
노리개젖꼭지,11013,pacifier,https://acnhcdn.com/latest/FtrIcon/AccessoryMouthPacifier1.png,560,140,에이블 시스터즈,고순이 임시 상점 또는 에이블 시스터즈,하늘색,하늘색,구매가능,No,1x1,NA,https://acnhcdn.com/latest/ClosetIcon/AccessoryMouthPacifier1.png,일 년 내내,귀여운,릴렉스,Baby mint,No
노리개젖꼭지,11014,pacifier,https://acnhcdn.com/latest/FtrIcon/AccessoryMouthPacifier2.png,560,140,에이블 시스터즈,고순이 임시 상점 또는 에이블 시스터즈,노란색,노란색,구매가능,No,1x1,NA,https://acnhcdn.com/latest/ClosetIcon/AccessoryMouthPacifier2.png,일 년 내내,귀여운,릴렉스,Baby yellow,No
노리개젖꼭지,11015,pacifier,https://acnhcdn.com/latest/FtrIcon/AccessoryMouthPacifier3.png,560,140,에이블 시스터즈,고순이 임시 상점 또는 에이블 시스터즈,초록색,초록색,구매가능,No,1x1,NA,https://acnhcdn.com/latest/ClosetIcon/AccessoryMouthPacifier3.png,일 년 내내,귀여운,릴렉스,Baby green,No
노리개젖꼭지,11016,pacifier,https://acnhcdn.com/latest/FtrIcon/AccessoryMouthPacifier4.png,560,140,에이블 시스터즈,고순이 임시 상점 또는 에이블 시스터즈,빨간색,빨간색,구매가능,No,1x1,NA,https://acnhcdn.com/latest/ClosetIcon/AccessoryMouthPacifier4.png,일 년 내내,귀여운,릴렉스,Baby pink,No
노리개젖꼭지,11017,pacifier,https://acnhcdn.com/latest/FtrIcon/AccessoryMouthPacifier5.png,560,140,에이블 시스터즈,고순이 임시 상점 또는 에이블 시스터즈,회색,회색,구매가능,No,1x1,NA,https://acnhcdn.com/latest/ClosetIcon/AccessoryMouthPacifier5.png,일 년 내내,귀여운,릴렉스,Baby gray,No
노리개젖꼭지,11018,pacifier,https://acnhcdn.com/latest/FtrIcon/AccessoryMouthPacifier6.png,560,140,에이블 시스터즈,고순이 임시 상점 또는 에이블 시스터즈,보라색,보라색,구매가능,No,1x1,NA,https://acnhcdn.com/latest/ClosetIcon/AccessoryMouthPacifier6.png,일 년 내내,귀여운,릴렉스,Baby blue,No
노리개젖꼭지,11019,pacifier,https://acnhcdn.com/latest/FtrIcon/AccessoryMouthPacifier7.png,560,140,에이블 시스터즈,고순이 임시 상점 또는 에이블 시스터즈,주황색,주황색,구매가능,No,1x1,NA,https://acnhcdn.com/latest/ClosetIcon/AccessoryMouthPacifier7.png,일 년 내내,귀여운,릴렉스,Baby orange,No
돼지 코,4647,pig nose,https://acnhcdn.com/latest/FtrIcon/AccessoryMouthPigPink.png,560,140,에이블 시스터즈,에이블 시스터즈에만,분홍색,분홍색,구매가능,No,1x1,NA,https://acnhcdn.com/latest/ClosetIcon/AccessoryMouthPigPink.png,일 년 내내,귀여운,메르헨#파티#스테이지,Pink,No
파일럿 선글라스,4459,pilot shades,https://acnhcdn.com/latest/FtrIcon/AccessoryGlassPilot0.png,1300,325,에이블 시스터즈,고순이 임시 상점 또는 에이블 시스터즈,검정색,갈색,구매가능,No,1x1,NA,https://acnhcdn.com/latest/ClosetIcon/AccessoryGlassPilot0.png,일 년 내내,쿨한,스포츠#비즈니스,Black,Yes
파일럿 선글라스,11214,pilot shades,https://acnhcdn.com/latest/FtrIcon/AccessoryGlassPilot1.png,1300,325,에이블 시스터즈,고순이 임시 상점 또는 에이블 시스터즈,노란색,검정색,구매가능,No,1x1,NA,https://acnhcdn.com/latest/ClosetIcon/AccessoryGlassPilot1.png,일 년 내내,쿨한,스포츠#비즈니스,Gold,Yes
도트 선글라스,4646,pixel shades,https://acnhcdn.com/latest/FtrIcon/AccessoryGlassDot0.png,1320,330,에이블 시스터즈,에이블 시스터즈에만,빨간색,검정색,구매가능,No,1x1,NA,https://acnhcdn.com/latest/ClosetIcon/AccessoryGlassDot0.png,일 년 내내,쿨한,파티#바캉스,Red,Yes
도트 선글라스,11223,pixel shades,https://acnhcdn.com/latest/FtrIcon/AccessoryGlassDot1.png,1320,330,에이블 시스터즈,에이블 시스터즈에만,초록색,검정색,구매가능,No,1x1,NA,https://acnhcdn.com/latest/ClosetIcon/AccessoryGlassDot1.png,일 년 내내,쿨한,파티#바캉스,Green,Yes
도트 선글라스,11224,pixel shades,https://acnhcdn.com/latest/FtrIcon/AccessoryGlassDot2.png,1320,330,에이블 시스터즈,에이블 시스터즈에만,파란색,검정색,구매가능,No,1x1,NA,https://acnhcdn.com/latest/ClosetIcon/AccessoryGlassDot2.png,일 년 내내,쿨한,파티#바캉스,Blue,Yes
도트 선글라스,11225,pixel shades,https://acnhcdn.com/latest/FtrIcon/AccessoryGlassDot3.png,1320,330,에이블 시스터즈,에이블 시스터즈에만,검정색,검정색,구매가능,No,1x1,NA,https://acnhcdn.com/latest/ClosetIcon/AccessoryGlassDot3.png,일 년 내내,쿨한,파티#바캉스,Black,Yes
가죽 마스크,6040,pleather mask,https://acnhcdn.com/latest/FtrIcon/AccessoryMouthLeatherBlack.png,770,192,에이블 시스터즈,에이블 시스터즈에만,검정색,회색,구매가능,No,1x1,NA,https://acnhcdn.com/latest/ClosetIcon/AccessoryMouthLeatherBlack.png,일 년 내내,쿨한,호러,Black,No
안대,4452,post-op patch,https://acnhcdn.com/latest/FtrIcon/AccessoryGlassEyepatchWhite.png,490,122,에이블 시스터즈,고순이 임시 상점 또는 에이블 시스터즈,하얀색,하얀색,구매가능,No,1x1,NA,https://acnhcdn.com/latest/ClosetIcon/AccessoryGlassEyepatchWhite.png,일 년 내내,심플한,호러,White,Yes
블랙 마스크,4671,privacy mask,https://acnhcdn.com/latest/FtrIcon/AccessoryMouthCrowBlack.png,560,140,에이블 시스터즈,에이블 시스터즈에만,검정색,검정색,구매가능,No,1x1,NA,https://acnhcdn.com/latest/ClosetIcon/AccessoryMouthCrowBlack.png,일 년 내내,쿨한,데일리#호러#릴렉스,Black,No
반사경,6039,reflector,https://acnhcdn.com/latest/FtrIcon/AccessoryGlassMirrorGray.png,560,140,에이블 시스터즈,에이블 시스터즈에만,회색,검정색,구매가능,No,1x1,NA,https://acnhcdn.com/latest/ClosetIcon/AccessoryGlassMirrorGray.png,일 년 내내,쿨한,비즈니스,Gray,Yes
레트로 선글라스,4456,retro shades,https://acnhcdn.com/latest/FtrIcon/AccessoryGlassRetro0.png,1560,390,에이블 시스터즈,에이블 시스터즈에만,하얀색,주황색,구매가능,No,1x1,NA,https://acnhcdn.com/latest/ClosetIcon/AccessoryGlassRetro0.png,일 년 내내,우아한,데일리#파티#바캉스,Yellow,Yes
레트로 선글라스,11209,retro shades,https://acnhcdn.com/latest/FtrIcon/AccessoryGlassRetro1.png,1560,390,에이블 시스터즈,에이블 시스터즈에만,초록색,초록색,구매가능,No,1x1,NA,https://acnhcdn.com/latest/ClosetIcon/AccessoryGlassRetro1.png,일 년 내내,우아한,데일리#파티#바캉스,Green,Yes
레트로 선글라스,11210,retro shades,https://acnhcdn.com/latest/FtrIcon/AccessoryGlassRetro2.png,1560,390,에이블 시스터즈,에이블 시스터즈에만,분홍색,빨간색,구매가능,No,1x1,NA,https://acnhcdn.com/latest/ClosetIcon/AccessoryGlassRetro2.png,일 년 내내,우아한,데일리#파티#바캉스,Red,Yes
레트로 선글라스,11211,retro shades,https://acnhcdn.com/latest/FtrIcon/AccessoryGlassRetro3.png,1560,390,에이블 시스터즈,에이블 시스터즈에만,분홍색,보라색,구매가능,No,1x1,NA,https://acnhcdn.com/latest/ClosetIcon/AccessoryGlassRetro3.png,일 년 내내,우아한,데일리#파티#바캉스,Purple,Yes
레트로 선글라스,11212,retro shades,https://acnhcdn.com/latest/FtrIcon/AccessoryGlassRetro4.png,1560,390,에이블 시스터즈,에이블 시스터즈에만,하늘색,초록색,구매가능,No,1x1,NA,https://acnhcdn.com/latest/ClosetIcon/AccessoryGlassRetro4.png,일 년 내내,우아한,데일리#파티#바캉스,Blue,Yes
레트로 선글라스,11213,retro shades,https://acnhcdn.com/latest/FtrIcon/AccessoryGlassRetro5.png,1560,390,에이블 시스터즈,에이블 시스터즈에만,회색,검정색,구매가능,No,1x1,NA,https://acnhcdn.com/latest/ClosetIcon/AccessoryGlassRetro5.png,일 년 내내,우아한,데일리#파티#바캉스,Gray,Yes
라인스톤 안경,4683,rhinestone shades,https://acnhcdn.com/latest/FtrIcon/AccessoryGlassRhinestone0.png,1040,260,에이블 시스터즈,에이블 시스터즈에만,빨간색,빨간색,구매가능,No,1x1,NA,https://acnhcdn.com/latest/ClosetIcon/AccessoryGlassRhinestone0.png,일 년 내내,화려한,파티#스테이지#바캉스,Red,Yes
라인스톤 안경,11226,rhinestone shades,https://acnhcdn.com/latest/FtrIcon/AccessoryGlassRhinestone1.png,1040,260,에이블 시스터즈,에이블 시스터즈에만,갈색,검정색,구매가능,No,1x1,NA,https://acnhcdn.com/latest/ClosetIcon/AccessoryGlassRhinestone1.png,일 년 내내,화려한,파티#스테이지#바캉스,Ochre,Yes
라인스톤 안경,11227,rhinestone shades,https://acnhcdn.com/latest/FtrIcon/AccessoryGlassRhinestone2.png,1040,260,에이블 시스터즈,에이블 시스터즈에만,보라색,검정색,구매가능,No,1x1,NA,https://acnhcdn.com/latest/ClosetIcon/AccessoryGlassRhinestone2.png,일 년 내내,화려한,파티#스테이지#바캉스,Purple,Yes
동글 안경,4235,rimmed glasses,https://acnhcdn.com/latest/FtrIcon/AccessoryGlassCircle0.png,630,157,에이블 시스터즈,고순이 임시 상점 또는 에이블 시스터즈,검정색,검정색,구매가능,No,1x1,NA,https://acnhcdn.com/latest/ClosetIcon/AccessoryGlassCircle0.png,일 년 내내,우아한,데일리#포멀#비즈니스,Black,Yes
동글 안경,11184,rimmed glasses,https://acnhcdn.com/latest/FtrIcon/AccessoryGlassCircle1.png,630,157,에이블 시스터즈,고순이 임시 상점 또는 에이블 시스터즈,노란색,노란색,구매가능,No,1x1,NA,https://acnhcdn.com/latest/ClosetIcon/AccessoryGlassCircle1.png,일 년 내내,우아한,데일리#포멀#비즈니스,Gold,Yes
동글 안경,11185,rimmed glasses,https://acnhcdn.com/latest/FtrIcon/AccessoryGlassCircle2.png,630,157,에이블 시스터즈,고순이 임시 상점 또는 에이블 시스터즈,회색,회색,구매가능,No,1x1,NA,https://acnhcdn.com/latest/ClosetIcon/AccessoryGlassCircle2.png,일 년 내내,우아한,데일리#포멀#비즈니스,Gray,Yes
동글 안경,11186,rimmed glasses,https://acnhcdn.com/latest/FtrIcon/AccessoryGlassCircle3.png,630,157,에이블 시스터즈,고순이 임시 상점 또는 에이블 시스터즈,갈색,갈색,구매가능,No,1x1,NA,https://acnhcdn.com/latest/ClosetIcon/AccessoryGlassCircle3.png,일 년 내내,우아한,데일리#포멀#비즈니스,Brown,Yes
동글 안경,11187,rimmed glasses,https://acnhcdn.com/latest/FtrIcon/AccessoryGlassCircle4.png,630,157,에이블 시스터즈,고순이 임시 상점 또는 에이블 시스터즈,보라색,보라색,구매가능,No,1x1,NA,https://acnhcdn.com/latest/ClosetIcon/AccessoryGlassCircle4.png,일 년 내내,우아한,데일리#포멀#비즈니스,Purple,Yes
둥근 선글라스,4241,round shades,https://acnhcdn.com/latest/FtrIcon/AccessoryGlassBoston0.png,1560,390,에이블 시스터즈,에이블 시스터즈에만,검정색,검정색,구매가능,No,1x1,NA,https://acnhcdn.com/latest/ClosetIcon/AccessoryGlassBoston0.png,일 년 내내,쿨한,데일리#파티#바캉스,Black,Yes
둥근 선글라스,11196,round shades,https://acnhcdn.com/latest/FtrIcon/AccessoryGlassBoston1.png,1560,390,에이블 시스터즈,에이블 시스터즈에만,초록색,검정색,구매가능,No,1x1,NA,https://acnhcdn.com/latest/ClosetIcon/AccessoryGlassBoston1.png,일 년 내내,쿨한,데일리#파티#바캉스,Green,Yes
둥근 선글라스,11197,round shades,https://acnhcdn.com/latest/FtrIcon/AccessoryGlassBoston2.png,1560,390,에이블 시스터즈,에이블 시스터즈에만,파란색,검정색,구매가능,No,1x1,NA,https://acnhcdn.com/latest/ClosetIcon/AccessoryGlassBoston2.png,일 년 내내,쿨한,데일리#파티#바캉스,Blue,Yes
둥근 선글라스,11198,round shades,https://acnhcdn.com/latest/FtrIcon/AccessoryGlassBoston3.png,1560,390,에이블 시스터즈,에이블 시스터즈에만,노란색,검정색,구매가능,No,1x1,NA,https://acnhcdn.com/latest/ClosetIcon/AccessoryGlassBoston3.png,일 년 내내,쿨한,데일리#파티#바캉스,Yellow,Yes
둥근 선글라스,11199,round shades,https://acnhcdn.com/latest/FtrIcon/AccessoryGlassBoston4.png,1560,390,에이블 시스터즈,에이블 시스터즈에만,분홍색,검정색,구매가능,No,1x1,NA,https://acnhcdn.com/latest/ClosetIcon/AccessoryGlassBoston4.png,일 년 내내,쿨한,데일리#파티#바캉스,Pink,Yes
둥근 선글라스,11200,round shades,https://acnhcdn.com/latest/FtrIcon/AccessoryGlassBoston5.png,1560,390,에이블 시스터즈,에이블 시스터즈에만,빨간색,검정색,구매가능,No,1x1,NA,https://acnhcdn.com/latest/ClosetIcon/AccessoryGlassBoston5.png,일 년 내내,쿨한,데일리#파티#바캉스,Red,Yes
둥근 선글라스,11201,round shades,https://acnhcdn.com/latest/FtrIcon/AccessoryGlassBoston6.png,1560,390,에이블 시스터즈,에이블 시스터즈에만,하얀색,검정색,구매가능,No,1x1,NA,https://acnhcdn.com/latest/ClosetIcon/AccessoryGlassBoston6.png,일 년 내내,쿨한,데일리#파티#바캉스,White,Yes
둥근 선글라스,11202,round shades,https://acnhcdn.com/latest/FtrIcon/AccessoryGlassBoston7.png,1560,390,에이블 시스터즈,에이블 시스터즈에만,보라색,검정색,구매가능,No,1x1,NA,https://acnhcdn.com/latest/ClosetIcon/AccessoryGlassBoston7.png,일 년 내내,쿨한,데일리#파티#바캉스,Purple,Yes
얇은 테 둥근 선글라스,4607,round tinted shades,https://acnhcdn.com/latest/FtrIcon/AccessoryGlassRound0.png,880,220,에이블 시스터즈,고순이 임시 상점 또는 에이블 시스터즈,주황색,갈색,구매가능,No,1x1,NA,https://acnhcdn.com/latest/ClosetIcon/AccessoryGlassRound0.png,일 년 내내,심플한,데일리#포멀,Brown,Yes
얇은 테 둥근 선글라스,11220,round tinted shades,https://acnhcdn.com/latest/FtrIcon/AccessoryGlassRound1.png,880,220,에이블 시스터즈,고순이 임시 상점 또는 에이블 시스터즈,주황색,갈색,구매가능,No,1x1,NA,https://acnhcdn.com/latest/ClosetIcon/AccessoryGlassRound1.png,일 년 내내,심플한,데일리#포멀,Light brown,Yes
얇은 테 둥근 선글라스,11221,round tinted shades,https://acnhcdn.com/latest/FtrIcon/AccessoryGlassRound2.png,880,220,에이블 시스터즈,고순이 임시 상점 또는 에이블 시스터즈,갈색,갈색,구매가능,No,1x1,NA,https://acnhcdn.com/latest/ClosetIcon/AccessoryGlassRound2.png,일 년 내내,심플한,데일리#포멀,Dark brown,Yes
얇은 테 둥근 선글라스,11222,round tinted shades,https://acnhcdn.com/latest/FtrIcon/AccessoryGlassRound3.png,880,220,에이블 시스터즈,고순이 임시 상점 또는 에이블 시스터즈,초록색,갈색,구매가능,No,1x1,NA,https://acnhcdn.com/latest/ClosetIcon/AccessoryGlassRound3.png,일 년 내내,심플한,데일리#포멀,Green,Yes
둥근 수염,4679,rounded beard,https://acnhcdn.com/latest/FtrIcon/AccessoryMouthBeardRoundBlack.png,980,245,에이블 시스터즈,에이블 시스터즈에만,컬러풀,컬러풀,구매가능,No,1x1,NA,https://acnhcdn.com/latest/ClosetIcon/AccessoryMouthBeardRoundBlack.png,일 년 내내,쿨한,데일리#릴렉스#스테이지,Black,No
금이 간 안경,4337,shattered glasses,https://acnhcdn.com/latest/FtrIcon/AccessoryGlassCrackBlack.png,NFS,10,재활용함,,검정색,하늘색,비매품,No,1x1,NA,https://acnhcdn.com/latest/ClosetIcon/AccessoryGlassCrackBlack.png,일 년 내내,심플한,호러,Black,Yes
스키 고글,4453,ski goggles,https://acnhcdn.com/latest/FtrIcon/AccessoryGlassGogglesski0.png,980,245,에이블 시스터즈,에이블 시스터즈에만,주황색,하얀색,구매가능,No,1x1,NA,https://acnhcdn.com/latest/ClosetIcon/AccessoryGlassGogglesski0.png,겨울,활동적인,아웃도어#스포츠,White,Yes
스키 고글,11479,ski goggles,https://acnhcdn.com/latest/FtrIcon/AccessoryGlassGogglesski1.png,980,245,에이블 시스터즈,에이블 시스터즈에만,분홍색,노란색,구매가능,No,1x1,NA,https://acnhcdn.com/latest/ClosetIcon/AccessoryGlassGogglesski1.png,겨울,활동적인,아웃도어#스포츠,Yellow,Yes
스키 고글,11480,ski goggles,https://acnhcdn.com/latest/FtrIcon/AccessoryGlassGogglesski2.png,980,245,에이블 시스터즈,에이블 시스터즈에만,초록색,파란색,구매가능,No,1x1,NA,https://acnhcdn.com/latest/ClosetIcon/AccessoryGlassGogglesski2.png,겨울,활동적인,아웃도어#스포츠,Purple,Yes
스키 고글,11481,ski goggles,https://acnhcdn.com/latest/FtrIcon/AccessoryGlassGogglesski3.png,980,245,에이블 시스터즈,에이블 시스터즈에만,보라색,분홍색,구매가능,No,1x1,NA,https://acnhcdn.com/latest/ClosetIcon/AccessoryGlassGogglesski3.png,겨울,활동적인,아웃도어#스포츠,Pink,Yes
스키 고글,11482,ski goggles,https://acnhcdn.com/latest/FtrIcon/AccessoryGlassGogglesski4.png,980,245,에이블 시스터즈,에이블 시스터즈에만,파란색,초록색,구매가능,No,1x1,NA,https://acnhcdn.com/latest/ClosetIcon/AccessoryGlassGogglesski4.png,겨울,활동적인,아웃도어#스포츠,Green,Yes
스키 고글,11483,ski goggles,https://acnhcdn.com/latest/FtrIcon/AccessoryGlassGogglesski5.png,980,245,에이블 시스터즈,에이블 시스터즈에만,하늘색,주황색,구매가능,No,1x1,NA,https://acnhcdn.com/latest/ClosetIcon/AccessoryGlassGogglesski5.png,겨울,활동적인,아웃도어#스포츠,Orange,Yes
스포츠 선글라스,4458,sporty shades,https://acnhcdn.com/latest/FtrIcon/AccessoryGlassSports0.png,1300,325,에이블 시스터즈,고순이 임시 상점 또는 에이블 시스터즈,검정색,주황색,구매가능,No,1x1,NA,https://acnhcdn.com/latest/ClosetIcon/AccessoryGlassSports0.png,일 년 내내,활동적인,아웃도어#스포츠,Black,Yes
스포츠 선글라스,11489,sporty shades,https://acnhcdn.com/latest/FtrIcon/AccessoryGlassSports1.png,1300,325,에이블 시스터즈,고순이 임시 상점 또는 에이블 시스터즈,하얀색,주황색,구매가능,No,1x1,NA,https://acnhcdn.com/latest/ClosetIcon/AccessoryGlassSports1.png,일 년 내내,활동적인,아웃도어#스포츠,White,Yes
스포츠 선글라스,11490,sporty shades,https://acnhcdn.com/latest/FtrIcon/AccessoryGlassSports2.png,1300,325,에이블 시스터즈,고순이 임시 상점 또는 에이블 시스터즈,분홍색,분홍색,구매가능,No,1x1,NA,https://acnhcdn.com/latest/ClosetIcon/AccessoryGlassSports2.png,일 년 내내,활동적인,아웃도어#스포츠,Pink,Yes
스포츠 선글라스,11491,sporty shades,https://acnhcdn.com/latest/FtrIcon/AccessoryGlassSports3.png,1300,325,에이블 시스터즈,고순이 임시 상점 또는 에이블 시스터즈,초록색,하늘색,구매가능,No,1x1,NA,https://acnhcdn.com/latest/ClosetIcon/AccessoryGlassSports3.png,일 년 내내,활동적인,아웃도어#스포츠,Lime,Yes
스포츠 선글라스,11492,sporty shades,https://acnhcdn.com/latest/FtrIcon/AccessoryGlassSports4.png,1300,325,에이블 시스터즈,고순이 임시 상점 또는 에이블 시스터즈,하늘색,파란색,구매가능,No,1x1,NA,https://acnhcdn.com/latest/ClosetIcon/AccessoryGlassSports4.png,일 년 내내,활동적인,아웃도어#스포츠,Light blue,Yes
사각 안경,4236,square glasses,https://acnhcdn.com/latest/FtrIcon/AccessoryGlassSquare0.png,880,220,에이블 시스터즈,고순이 임시 상점 또는 에이블 시스터즈,갈색,갈색,구매가능,No,1x1,NA,https://acnhcdn.com/latest/ClosetIcon/AccessoryGlassSquare0.png,일 년 내내,심플한,데일리#포멀#비즈니스,Brown,Yes
사각 안경,11066,square glasses,https://acnhcdn.com/latest/FtrIcon/AccessoryGlassSquare1.png,880,220,에이블 시스터즈,고순이 임시 상점 또는 에이블 시스터즈,검정색,검정색,구매가능,No,1x1,NA,https://acnhcdn.com/latest/ClosetIcon/AccessoryGlassSquare1.png,일 년 내내,심플한,데일리#포멀#비즈니스,Black,Yes
사각 안경,11067,square glasses,https://acnhcdn.com/latest/FtrIcon/AccessoryGlassSquare2.png,880,220,에이블 시스터즈,고순이 임시 상점 또는 에이블 시스터즈,회색,회색,구매가능,No,1x1,NA,https://acnhcdn.com/latest/ClosetIcon/AccessoryGlassSquare2.png,일 년 내내,심플한,데일리#포멀#비즈니스,Gray,Yes
사각 안경,11068,square glasses,https://acnhcdn.com/latest/FtrIcon/AccessoryGlassSquare3.png,880,220,에이블 시스터즈,고순이 임시 상점 또는 에이블 시스터즈,파란색,파란색,구매가능,No,1x1,NA,https://acnhcdn.com/latest/ClosetIcon/AccessoryGlassSquare3.png,일 년 내내,심플한,데일리#포멀#비즈니스,Blue,Yes
수염 안경,4501,stache & glasses,https://acnhcdn.com/latest/FtrIcon/AccessoryGlassmouthBeard0.png,770,192,에이블 시스터즈,에이블 시스터즈에만,검정색,주황색,구매가능,No,1x1,NA,https://acnhcdn.com/latest/ClosetIcon/AccessoryGlassmouthBeard0.png,일 년 내내,귀여운,파티#스테이지,Black,Yes
수염 안경,11007,stache & glasses,https://acnhcdn.com/latest/FtrIcon/AccessoryGlassmouthBeard1.png,770,192,에이블 시스터즈,에이블 시스터즈에만,빨간색,검정색,구매가능,No,1x1,NA,https://acnhcdn.com/latest/ClosetIcon/AccessoryGlassmouthBeard1.png,일 년 내내,귀여운,파티#스테이지,Red,Yes
별 선글라스,4240,star shades,https://acnhcdn.com/latest/FtrIcon/AccessoryGlassStar0.png,880,220,에이블 시스터즈,고순이 임시 상점 또는 에이블 시스터즈,노란색,검정색,구매가능,No,1x1,NA,https://acnhcdn.com/latest/ClosetIcon/AccessoryGlassStar0.png,일 년 내내,귀여운,파티#바캉스,Yellow,Yes
별 선글라스,11192,star shades,https://acnhcdn.com/latest/FtrIcon/AccessoryGlassStar1.png,880,220,에이블 시스터즈,고순이 임시 상점 또는 에이블 시스터즈,분홍색,검정색,구매가능,No,1x1,NA,https://acnhcdn.com/latest/ClosetIcon/AccessoryGlassStar1.png,일 년 내내,귀여운,파티#바캉스,Pink,Yes
별 선글라스,11193,star shades,https://acnhcdn.com/latest/FtrIcon/AccessoryGlassStar2.png,880,220,에이블 시스터즈,고순이 임시 상점 또는 에이블 시스터즈,하늘색,검정색,구매가능,No,1x1,NA,https://acnhcdn.com/latest/ClosetIcon/AccessoryGlassStar2.png,일 년 내내,귀여운,파티#바캉스,Blue,Yes
별 선글라스,11194,star shades,https://acnhcdn.com/latest/FtrIcon/AccessoryGlassStar3.png,880,220,에이블 시스터즈,고순이 임시 상점 또는 에이블 시스터즈,보라색,검정색,구매가능,No,1x1,NA,https://acnhcdn.com/latest/ClosetIcon/AccessoryGlassStar3.png,일 년 내내,귀여운,파티#바캉스,Purple,Yes
별 선글라스,11195,star shades,https://acnhcdn.com/latest/FtrIcon/AccessoryGlassStar4.png,880,220,에이블 시스터즈,고순이 임시 상점 또는 에이블 시스터즈,초록색,검정색,구매가능,No,1x1,NA,https://acnhcdn.com/latest/ClosetIcon/AccessoryGlassStar4.png,일 년 내내,귀여운,파티#바캉스,Green,Yes
스팀펑크 안경,4685,steampunk glasses,https://acnhcdn.com/latest/FtrIcon/AccessoryGlassSteampunk0.png,1300,325,에이블 시스터즈,에이블 시스터즈에만,갈색,초록색,구매가능,No,1x1,NA,https://acnhcdn.com/latest/ClosetIcon/AccessoryGlassSteampunk0.png,일 년 내내,화려한,메르헨#스테이지,Green,Yes
스팀펑크 안경,11505,steampunk glasses,https://acnhcdn.com/latest/FtrIcon/AccessoryGlassSteampunk1.png,1300,325,에이블 시스터즈,에이블 시스터즈에만,갈색,보라색,구매가능,No,1x1,NA,https://acnhcdn.com/latest/ClosetIcon/AccessoryGlassSteampunk1.png,일 년 내내,화려한,메르헨#스테이지,Purple,Yes
밥풀,4652,sticky rice,https://acnhcdn.com/latest/FtrIcon/AccessoryMouthRice.png,490,122,에이블 시스터즈,고순이 임시 상점 또는 에이블 시스터즈,하얀색,하얀색,구매가능,No,1x1,NA,https://acnhcdn.com/latest/ClosetIcon/AccessoryMouthRice.png,일 년 내내,심플한,릴렉스,White,No
히어로 마스크,4684,superhero mask,https://acnhcdn.com/latest/FtrIcon/AccessoryGlassHeromaskBlack.png,1040,260,에이블 시스터즈,에이블 시스터즈에만,검정색,검정색,구매가능,No,1x1,NA,https://acnhcdn.com/latest/ClosetIcon/AccessoryGlassHeromaskBlack.png,일 년 내내,쿨한,메르헨#스테이지#비즈니스,Black,Yes
작은 선글라스,4461,tiny shades,https://acnhcdn.com/latest/FtrIcon/AccessoryGlassMini0.png,1100,275,에이블 시스터즈,고순이 임시 상점 또는 에이블 시스터즈,노란색,검정색,구매가능,No,1x1,NA,https://acnhcdn.com/latest/ClosetIcon/AccessoryGlassMini0.png,일 년 내내,쿨한,메르헨#포멀,Gold,Yes
작은 선글라스,11215,tiny shades,https://acnhcdn.com/latest/FtrIcon/AccessoryGlassMini1.png,1100,275,에이블 시스터즈,고순이 임시 상점 또는 에이블 시스터즈,검정색,검정색,구매가능,No,1x1,NA,https://acnhcdn.com/latest/ClosetIcon/AccessoryGlassMini1.png,일 년 내내,쿨한,메르헨#포멀,Black,Yes
작은 선글라스,11216,tiny shades,https://acnhcdn.com/latest/FtrIcon/AccessoryGlassMini2.png,1100,275,에이블 시스터즈,고순이 임시 상점 또는 에이블 시스터즈,빨간색,검정색,구매가능,No,1x1,NA,https://acnhcdn.com/latest/ClosetIcon/AccessoryGlassMini2.png,일 년 내내,쿨한,메르헨#포멀,Berry red,Yes
거북이 등껍질 안경,4460,tortoise specs,https://acnhcdn.com/latest/FtrIcon/AccessoryGlassTortoiseshell0.png,1040,260,에이블 시스터즈,고순이 임시 상점 또는 에이블 시스터즈,갈색,주황색,구매가능,No,1x1,NA,https://acnhcdn.com/latest/ClosetIcon/AccessoryGlassTortoiseshell0.png,일 년 내내,심플한,데일리#포멀,Brown,Yes
거북이 등껍질 안경,11079,tortoise specs,https://acnhcdn.com/latest/FtrIcon/AccessoryGlassTortoiseshell1.png,1040,260,에이블 시스터즈,고순이 임시 상점 또는 에이블 시스터즈,주황색,베이지색,구매가능,No,1x1,NA,https://acnhcdn.com/latest/ClosetIcon/AccessoryGlassTortoiseshell1.png,일 년 내내,심플한,데일리#포멀,Beige,Yes
거북이 등껍질 안경,11080,tortoise specs,https://acnhcdn.com/latest/FtrIcon/AccessoryGlassTortoiseshell2.png,1040,260,에이블 시스터즈,고순이 임시 상점 또는 에이블 시스터즈,검정색,베이지색,구매가능,No,1x1,NA,https://acnhcdn.com/latest/ClosetIcon/AccessoryGlassTortoiseshell2.png,일 년 내내,심플한,데일리#포멀,Black,Yes
삼각 선글라스,4242,triangle shades,https://acnhcdn.com/latest/FtrIcon/AccessoryGlassTriangle0.png,880,220,에이블 시스터즈,고순이 임시 상점 또는 에이블 시스터즈,빨간색,보라색,구매가능,No,1x1,NA,https://acnhcdn.com/latest/ClosetIcon/AccessoryGlassTriangle0.png,일 년 내내,귀여운,파티#바캉스,Red,Yes
삼각 선글라스,11203,triangle shades,https://acnhcdn.com/latest/FtrIcon/AccessoryGlassTriangle1.png,880,220,에이블 시스터즈,고순이 임시 상점 또는 에이블 시스터즈,주황색,보라색,구매가능,No,1x1,NA,https://acnhcdn.com/latest/ClosetIcon/AccessoryGlassTriangle1.png,일 년 내내,귀여운,파티#바캉스,Orange,Yes
삼각 선글라스,11204,triangle shades,https://acnhcdn.com/latest/FtrIcon/AccessoryGlassTriangle2.png,880,220,에이블 시스터즈,고순이 임시 상점 또는 에이블 시스터즈,하늘색,보라색,구매가능,No,1x1,NA,https://acnhcdn.com/latest/ClosetIcon/AccessoryGlassTriangle2.png,일 년 내내,귀여운,파티#바캉스,Blue,Yes
삼각 선글라스,11205,triangle shades,https://acnhcdn.com/latest/FtrIcon/AccessoryGlassTriangle3.png,880,220,에이블 시스터즈,고순이 임시 상점 또는 에이블 시스터즈,보라색,보라색,구매가능,No,1x1,NA,https://acnhcdn.com/latest/ClosetIcon/AccessoryGlassTriangle3.png,일 년 내내,귀여운,파티#바캉스,Purple,Yes
삼각 선글라스,11206,triangle shades,https://acnhcdn.com/latest/FtrIcon/AccessoryGlassTriangle4.png,880,220,에이블 시스터즈,고순이 임시 상점 또는 에이블 시스터즈,초록색,보라색,구매가능,No,1x1,NA,https://acnhcdn.com/latest/ClosetIcon/AccessoryGlassTriangle4.png,일 년 내내,귀여운,파티#바캉스,Green,Yes
삼각 선글라스,11207,triangle shades,https://acnhcdn.com/latest/FtrIcon/AccessoryGlassTriangle5.png,880,220,에이블 시스터즈,고순이 임시 상점 또는 에이블 시스터즈,하얀색,보라색,구매가능,No,1x1,NA,https://acnhcdn.com/latest/ClosetIcon/AccessoryGlassTriangle5.png,일 년 내내,귀여운,파티#바캉스,White,Yes
삼각 선글라스,11208,triangle shades,https://acnhcdn.com/latest/FtrIcon/AccessoryGlassTriangle6.png,880,220,에이블 시스터즈,고순이 임시 상점 또는 에이블 시스터즈,검정색,보라색,구매가능,No,1x1,NA,https://acnhcdn.com/latest/ClosetIcon/AccessoryGlassTriangle6.png,일 년 내내,귀여운,파티#바캉스,Black,Yes
나무 프레임 안경,4669,wooden-frame glasses,https://acnhcdn.com/latest/FtrIcon/AccessoryGlassWood0.png,1560,390,에이블 시스터즈,고순이 임시 상점 또는 에이블 시스터즈,갈색,회색,구매가능,No,1x1,NA,https://acnhcdn.com/latest/ClosetIcon/AccessoryGlassWood0.png,일 년 내내,심플한,데일리#포멀#비즈니스,Brown,Yes
나무 프레임 안경,11093,wooden-frame glasses,https://acnhcdn.com/latest/FtrIcon/AccessoryGlassWood1.png,1560,390,에이블 시스터즈,고순이 임시 상점 또는 에이블 시스터즈,갈색,노란색,구매가능,No,1x1,NA,https://acnhcdn.com/latest/ClosetIcon/AccessoryGlassWood1.png,일 년 내내,심플한,데일리#포멀#비즈니스,Dark brown,Yes
