nameKor,﻿Internal ID,Name,Image,Buy,Sell,Source,Source Notes,Color 1,Color 2,Catalog,DIY,Size,Variant ID,Variation,Body Title,Pattern,Pattern Title,Kit Cost,Body Customize,Pattern Customize,Door Deco,Outdoor
에어컨,929,air conditioner,https://acnhcdn.com/latest/FtrIcon/FtrAirconditioner_Remake_0_0.png,63000,15750,너굴 상점,증축 후 너굴상점의 세 번째 가구 영역,하얀색,하얀색,구매가능,No,2x1 ,0_0,White,NA,NA,NA,NA,No,No,No,No
에어컨,929,air conditioner,https://acnhcdn.com/latest/FtrIcon/FtrAirconditioner_Remake_1_0.png,63000,15750,너굴 상점,증축 후 너굴상점의 세 번째 가구 영역,회색,회색,구매가능,No,2x1 ,1_0,Gray,NA,NA,NA,NA,No,No,No,No
에어컨,929,air conditioner,https://acnhcdn.com/latest/FtrIcon/FtrAirconditioner_Remake_2_0.png,63000,15750,너굴 상점,증축 후 너굴상점의 세 번째 가구 영역,검정색,검정색,구매가능,No,2x1 ,2_0,Black,NA,NA,NA,NA,No,No,No,No
에어컨,929,air conditioner,https://acnhcdn.com/latest/FtrIcon/FtrAirconditioner_Remake_3_0.png,63000,15750,너굴 상점,증축 후 너굴상점의 세 번째 가구 영역,분홍색,분홍색,구매가능,No,2x1 ,3_0,Pink,NA,NA,NA,NA,No,No,No,No
에어컨,929,air conditioner,https://acnhcdn.com/latest/FtrIcon/FtrAirconditioner_Remake_4_0.png,63000,15750,너굴 상점,증축 후 너굴상점의 세 번째 가구 영역,하늘색,하늘색,구매가능,No,2x1 ,4_0,Blue,NA,NA,NA,NA,No,No,No,No
에어컨,929,air conditioner,https://acnhcdn.com/latest/FtrIcon/FtrAirconditioner_Remake_5_0.png,63000,15750,너굴 상점,증축 후 너굴상점의 세 번째 가구 영역,갈색,갈색,구매가능,No,2x1 ,5_0,Brown,NA,NA,NA,NA,No,No,No,No
앤티크 전화기,3953,antique phone,https://acnhcdn.com/latest/FtrIcon/FtrAntiquePhoneW_Remake_0_0.png,16000,4000,너굴 상점,증축 후 너굴상점의 세 번째 가구 영역,갈색,노란색,구매가능,No,1x1 ,0_0,Brown,NA,NA,NA,NA,No,No,No,No
앤티크 전화기,3953,antique phone,https://acnhcdn.com/latest/FtrIcon/FtrAntiquePhoneW_Remake_1_0.png,16000,4000,너굴 상점,증축 후 너굴상점의 세 번째 가구 영역,베이지색,노란색,구매가능,No,1x1 ,1_0,Natural,NA,NA,NA,NA,No,No,No,No
앤티크 전화기,3953,antique phone,https://acnhcdn.com/latest/FtrIcon/FtrAntiquePhoneW_Remake_2_0.png,16000,4000,너굴 상점,증축 후 너굴상점의 세 번째 가구 영역,검정색,노란색,구매가능,No,1x1 ,2_0,Black,NA,NA,NA,NA,No,No,No,No
두꺼운 종이,1899,autograph cards,https://acnhcdn.com/latest/FtrIcon/FtrAutograph_Remake_0_0.png,1400,350,너굴 상점,증축 후 너굴상점의 일반 가구 영역,하얀색,하얀색,구매가능,No,2x1 ,0_0,Signature,NA,Musician's signature,Signature,1,No,Yes,No,No
두꺼운 종이,1899,autograph cards,https://acnhcdn.com/latest/FtrIcon/FtrAutograph_Remake_0_1.png,1400,350,너굴 상점,증축 후 너굴상점의 일반 가구 영역,하얀색,하얀색,구매가능,No,2x1 ,0_1,Signature,NA,Comedian's signature,Signature,1,No,Yes,No,No
두꺼운 종이,1899,autograph cards,https://acnhcdn.com/latest/FtrIcon/FtrAutograph_Remake_1_0.png,1400,350,너굴 상점,증축 후 너굴상점의 일반 가구 영역,베이지색,하얀색,구매가능,No,2x1 ,1_0,Handprints,NA,Musician's signature,Signature,1,No,Yes,No,No
두꺼운 종이,1899,autograph cards,https://acnhcdn.com/latest/FtrIcon/FtrAutograph_Remake_1_1.png,1400,350,너굴 상점,증축 후 너굴상점의 일반 가구 영역,베이지색,하얀색,구매가능,No,2x1 ,1_1,Handprints,NA,Comedian's signature,Signature,1,No,Yes,No,No
두꺼운 종이,1899,autograph cards,https://acnhcdn.com/latest/FtrIcon/FtrAutograph_Remake_2_0.png,1400,350,너굴 상점,증축 후 너굴상점의 일반 가구 영역,베이지색,하얀색,구매가능,No,2x1 ,2_0,Illustration,NA,Musician's signature,Signature,1,No,Yes,No,No
두꺼운 종이,1899,autograph cards,https://acnhcdn.com/latest/FtrIcon/FtrAutograph_Remake_2_1.png,1400,350,너굴 상점,증축 후 너굴상점의 일반 가구 영역,베이지색,하얀색,구매가능,No,2x1 ,2_1,Illustration,NA,Comedian's signature,Signature,1,No,Yes,No,No
두꺼운 종이,1899,autograph cards,https://acnhcdn.com/latest/FtrIcon/FtrAutograph_Remake_3_0.png,1400,350,너굴 상점,증축 후 너굴상점의 일반 가구 영역,베이지색,하얀색,구매가능,No,2x1 ,3_0,Words of wisdom,NA,Musician's signature,Signature,1,No,Yes,No,No
두꺼운 종이,1899,autograph cards,https://acnhcdn.com/latest/FtrIcon/FtrAutograph_Remake_3_1.png,1400,350,너굴 상점,증축 후 너굴상점의 일반 가구 영역,베이지색,하얀색,구매가능,No,2x1 ,3_1,Words of wisdom,NA,Comedian's signature,Signature,1,No,Yes,No,No
대나무 꽃병,3558,bamboo wall decoration,https://acnhcdn.com/latest/FtrIcon/FtrBambooFlowerwall_Remake_0_0.png,NFS,160,제작,,초록색,빨간색,비매품,Yes,0.5x1 ,0_0,Green bamboo,Bamboo,NA,NA,1,Yes,No,No,No
대나무 꽃병,3558,bamboo wall decoration,https://acnhcdn.com/latest/FtrIcon/FtrBambooFlowerwall_Remake_1_0.png,NFS,160,제작,,노란색,빨간색,비매품,Yes,0.5x1 ,1_0,Dried bamboo,Bamboo,NA,NA,1,Yes,No,No,No
대나무 꽃병,3558,bamboo wall decoration,https://acnhcdn.com/latest/FtrIcon/FtrBambooFlowerwall_Remake_2_0.png,NFS,160,제작,,갈색,초록색,비매품,Yes,0.5x1 ,2_0,Smoke-cured bamboo,Bamboo,NA,NA,1,Yes,No,No,No
욕실 수건 걸이,4030,bathroom towel rack,https://acnhcdn.com/latest/FtrIcon/FtrTowelrackWall_Remake_0_0.png,1400,350,너굴 상점,증축 전#후 너굴상점의 가구 영역,회색,하얀색,구매가능,No,1x1 ,0_0,Silver,NA,NA,NA,NA,No,No,No,No
욕실 수건 걸이,4030,bathroom towel rack,https://acnhcdn.com/latest/FtrIcon/FtrTowelrackWall_Remake_1_0.png,1400,350,너굴 상점,증축 전#후 너굴상점의 가구 영역,노란색,갈색,구매가능,No,1x1 ,1_0,Gold,NA,NA,NA,NA,No,No,No,No
욕실 수건 걸이,4030,bathroom towel rack,https://acnhcdn.com/latest/FtrIcon/FtrTowelrackWall_Remake_2_0.png,1400,350,너굴 상점,증축 전#후 너굴상점의 가구 영역,갈색,분홍색,구매가능,No,1x1 ,2_0,Copper,NA,NA,NA,NA,No,No,No,No
욕실 수건 걸이,4030,bathroom towel rack,https://acnhcdn.com/latest/FtrIcon/FtrTowelrackWall_Remake_3_0.png,1400,350,너굴 상점,증축 전#후 너굴상점의 가구 영역,검정색,회색,구매가능,No,1x1 ,3_0,Black,NA,NA,NA,NA,No,No,No,No
파란 장미 리스,5772,blue rose wreath,https://acnhcdn.com/latest/FtrIcon/FtrDoorOrnamentWreathRoseUrtraRare.png,NFS,20000,제작,,파란색,파란색,비매품,Yes,1x1 ,NA,NA,NA,NA,NA,NA,No,No,Yes,No
뼈다귀 문패,4751,bone doorplate,https://acnhcdn.com/latest/FtrIcon/FtrDoorPlateBone_Remake_0_0.png,NFS,360,제작,,갈색,베이지색,비매품,Yes,1x1 ,0_0,Brown,Color,NA,NA,1,Yes,No,Yes,No
뼈다귀 문패,4751,bone doorplate,https://acnhcdn.com/latest/FtrIcon/FtrDoorPlateBone_Remake_1_0.png,NFS,360,제작,,하얀색,빨간색,비매품,Yes,1x1 ,1_0,White,Color,NA,NA,1,Yes,No,Yes,No
뼈다귀 문패,4751,bone doorplate,https://acnhcdn.com/latest/FtrIcon/FtrDoorPlateBone_Remake_2_0.png,NFS,360,제작,,검정색,베이지색,비매품,Yes,1x1 ,2_0,Black,Color,NA,NA,1,Yes,No,Yes,No
뼈다귀 문패,4751,bone doorplate,https://acnhcdn.com/latest/FtrIcon/FtrDoorPlateBone_Remake_3_0.png,NFS,360,제작,,분홍색,빨간색,비매품,Yes,1x1 ,3_0,Pink,Color,NA,NA,1,Yes,No,Yes,No
뼈다귀 문패,4751,bone doorplate,https://acnhcdn.com/latest/FtrIcon/FtrDoorPlateBone_Remake_4_0.png,NFS,360,제작,,빨간색,베이지색,비매품,Yes,1x1 ,4_0,Red,Color,NA,NA,1,Yes,No,Yes,No
뼈다귀 문패,4751,bone doorplate,https://acnhcdn.com/latest/FtrIcon/FtrDoorPlateBone_Remake_5_0.png,NFS,360,제작,,노란색,갈색,비매품,Yes,1x1 ,5_0,Yellow,Color,NA,NA,1,Yes,No,Yes,No
뼈다귀 문패,4751,bone doorplate,https://acnhcdn.com/latest/FtrIcon/FtrDoorPlateBone_Remake_6_0.png,NFS,360,제작,,파란색,하얀색,비매품,Yes,1x1 ,6_0,Blue,Color,NA,NA,1,Yes,No,Yes,No
뼈다귀 문패,4751,bone doorplate,https://acnhcdn.com/latest/FtrIcon/FtrDoorPlateBone_Remake_7_0.png,NFS,360,제작,,베이지색,갈색,비매품,Yes,1x1 ,7_0,Natural wood,Color,NA,NA,1,Yes,No,Yes,No
부메랑,682,boomerang,https://acnhcdn.com/latest/FtrIcon/FtrBoomerang_Remake_0_0.png,NFS,360,제작,,갈색,베이지색,비매품,Yes,1x0.5 ,0_0,Natural,Design,NA,NA,1,Yes,No,No,No
부메랑,682,boomerang,https://acnhcdn.com/latest/FtrIcon/FtrBoomerang_Remake_1_0.png,NFS,360,제작,,초록색,주황색,비매품,Yes,1x0.5 ,1_0,Green & orange,Design,NA,NA,1,Yes,No,No,No
부메랑,682,boomerang,https://acnhcdn.com/latest/FtrIcon/FtrBoomerang_Remake_2_0.png,NFS,360,제작,,갈색,검정색,비매품,Yes,1x0.5 ,2_0,Dark brown,Design,NA,NA,1,Yes,No,No,No
부메랑,682,boomerang,https://acnhcdn.com/latest/FtrIcon/FtrBoomerang_Remake_3_0.png,NFS,360,제작,,빨간색,검정색,비매품,Yes,1x0.5 ,3_0,Red & black,Design,NA,NA,1,Yes,No,No,No
부메랑,682,boomerang,https://acnhcdn.com/latest/FtrIcon/FtrBoomerang_Remake_4_0.png,NFS,360,제작,,하얀색,하늘색,비매품,Yes,1x0.5 ,4_0,White & blue,Design,NA,NA,1,Yes,No,No,No
전원 차단기,875,breaker,https://acnhcdn.com/latest/FtrIcon/FtrBreaker.png,820,205,너굴 상점,증축 후 너굴상점의 일반 가구 영역,하얀색,검정색,구매가능,No,1x1 ,NA,NA,NA,NA,NA,NA,No,No,No,No
아카데미 동 상패,7037,bronze HHA plaque,https://acnhcdn.com/latest/FtrIcon/FtrShieldHhaBronze.png,NFS,400,해피 홈 아카데미,,갈색,빨간색,비매품,No,1x1 ,NA,NA,NA,NA,NA,NA,No,No,No,No
빗자루와 쓰레받기,3967,broom and dustpan,https://acnhcdn.com/latest/FtrIcon/FtrCleaningset_Remake_0_0.png,910,227,너굴 상점,증축 전#후 너굴상점의 가구 영역,갈색,회색,구매가능,No,1x1.5 ,0_0,Natural,NA,NA,NA,NA,No,No,No,No
빗자루와 쓰레받기,3967,broom and dustpan,https://acnhcdn.com/latest/FtrIcon/FtrCleaningset_Remake_1_0.png,910,227,너굴 상점,증축 전#후 너굴상점의 가구 영역,하얀색,회색,구매가능,No,1x1.5 ,1_0,White,NA,NA,NA,NA,No,No,No,No
빗자루와 쓰레받기,3967,broom and dustpan,https://acnhcdn.com/latest/FtrIcon/FtrCleaningset_Remake_2_0.png,910,227,너굴 상점,증축 전#후 너굴상점의 가구 영역,갈색,검정색,구매가능,No,1x1.5 ,2_0,Dark brown,NA,NA,NA,NA,No,No,No,No
빗자루와 쓰레받기,3967,broom and dustpan,https://acnhcdn.com/latest/FtrIcon/FtrCleaningset_Remake_3_0.png,910,227,너굴 상점,증축 전#후 너굴상점의 가구 영역,분홍색,갈색,구매가능,No,1x1.5 ,3_0,Colorful,NA,NA,NA,NA,No,No,No,No
곤충 벽장식,12485,bug plaque,https://acnhcdn.com/latest/FtrIcon/FtrMuseumInsectWall.png,1200,300,국제 박물관의 날,곤충 스탬프 랠리 보상,노란색,갈색,비매품,No,1x1,0_0,NA,NA,NA,NA,NA,No,No,No,No
이스터 라이트 가랜드,12417,Bunny Day glowy garland,https://acnhcdn.com/latest/FtrIcon/FtrEggLampWall.png,NFS,2400,제작,,컬러풀,컬러풀,비매품,Yes,2x1,NA,NA,NA,NA,NA,NA,No,No,No,No
이스터 벽시계,12418,Bunny Day wall clock,https://acnhcdn.com/latest/FtrIcon/FtrEggClock.png,NFS,1200,제작,,하늘색,컬러풀,비매품,Yes,1x1.5,NA,NA,NA,NA,NA,NA,No,No,No,No
이스터 리스,12517,Bunny Day wreath,https://acnhcdn.com/latest/FtrIcon/FtrDoorOrnamentWreathEaster.png,NFS,2400,제작,,,,비매품,Yes,1x1,NA,NA,NA,NA,NA,NA,No,No,Yes,No
나비고기 벽장식,11182,butterfly-fish model,https://acnhcdn.com/latest/FtrIcon/FtrFishChouchouuoWall.png,1300,325,너굴 상점,증축 후 너굴상점의 일반 가구 영역,노란색,노란색,구매가능,No,1x1 ,NA,NA,NA,NA,NA,NA,No,No,No,No
체리 램프,4012,cherry lamp,https://acnhcdn.com/latest/FtrIcon/FtrFruitsLampW_Remake_0_0.png,NFS,2400,제작,,빨간색,초록색,비매품,Yes,1x1 ,0_0,Cherry,Fruit type,NA,NA,4,Yes,No,No,No
체리 램프,4012,cherry lamp,https://acnhcdn.com/latest/FtrIcon/FtrFruitsLampW_Remake_1_0.png,NFS,2400,제작,,빨간색,초록색,비매품,Yes,1x1 ,1_0,Black cherry,Fruit type,NA,NA,4,Yes,No,No,No
벚꽃 시계,6832,cherry-blossom clock,https://acnhcdn.com/latest/FtrIcon/FtrSakuraClockW_Remake_0_0.png,NFS,2750,제작,,분홍색,분홍색,비매품,Yes,1x1 ,0_0,Pink,Color,NA,NA,4,Yes,No,No,No
벚꽃 시계,6832,cherry-blossom clock,https://acnhcdn.com/latest/FtrIcon/FtrSakuraClockW_Remake_1_0.png,NFS,2750,제작,,분홍색,하얀색,비매품,Yes,1x1 ,1_0,Pink-white,Color,NA,NA,4,Yes,No,No,No
시크 코스모스 리스,5764,chic cosmos wreath,https://acnhcdn.com/latest/FtrIcon/FtrDoorOrnamentWreathCosmosRare.png,NFS,4800,제작,,검정색,검정색,비매품,Yes,1x1 ,NA,NA,NA,NA,NA,NA,No,No,Yes,No
시크 아네모네 리스,5765,chic windflower wreath,https://acnhcdn.com/latest/FtrIcon/FtrDoorOrnamentWreathAnemoneRare.png,NFS,4800,제작,,보라색,보라색,비매품,Yes,1x1 ,NA,NA,NA,NA,NA,NA,No,No,Yes,No
야자 벽걸이 화분,4130,coconut wall planter,https://acnhcdn.com/latest/FtrIcon/FtrPlanterPalm.png,NFS,600,제작,,초록색,베이지색,비매품,Yes,1x1.5 ,NA,NA,NA,NA,NA,NA,No,No,No,No
쿨 히아신스 리스,5750,cool hyacinth wreath,https://acnhcdn.com/latest/FtrIcon/FtrDoorOrnamentWreathHyacinthMix.png,NFS,1440,제작,,파란색,주황색,비매품,Yes,1x1 ,NA,NA,NA,NA,NA,NA,No,No,Yes,No
쿨 팬지 리스,5767,cool pansy wreath,https://acnhcdn.com/latest/FtrIcon/FtrDoorOrnamentWreathPansyRare.png,NFS,4800,제작,,보라색,보라색,비매품,Yes,1x1 ,NA,NA,NA,NA,NA,NA,No,No,Yes,No
쿨 아네모네 리스,5746,cool windflower wreath,https://acnhcdn.com/latest/FtrIcon/FtrDoorOrnamentWreathAnemoneMix.png,NFS,1200,제작,,파란색,파란색,비매품,Yes,1x1 ,NA,NA,NA,NA,NA,NA,No,No,Yes,No
코르크 보드,1783,corkboard,https://acnhcdn.com/latest/FtrIcon/FtrCorkboard_Remake_0_0.png,1400,350,너굴 상점,증축 전#후 너굴상점의 가구 영역,베이지색,빨간색,구매가능,No,2x1 ,0_0,Natural,NA,Apple,Favorite card,1,No,Yes,No,No
코르크 보드,1783,corkboard,https://acnhcdn.com/latest/FtrIcon/FtrCorkboard_Remake_0_1.png,1400,350,너굴 상점,증축 전#후 너굴상점의 가구 영역,베이지색,파란색,구매가능,No,2x1 ,0_1,Natural,NA,Fish,Favorite card,1,No,Yes,No,No
코르크 보드,1783,corkboard,https://acnhcdn.com/latest/FtrIcon/FtrCorkboard_Remake_0_2.png,1400,350,너굴 상점,증축 전#후 너굴상점의 가구 영역,베이지색,초록색,구매가능,No,2x1 ,0_2,Natural,NA,Flower,Favorite card,1,No,Yes,No,No
코르크 보드,1783,corkboard,https://acnhcdn.com/latest/FtrIcon/FtrCorkboard_Remake_1_0.png,1400,350,너굴 상점,증축 전#후 너굴상점의 가구 영역,하얀색,빨간색,구매가능,No,2x1 ,1_0,White,NA,Apple,Favorite card,1,No,Yes,No,No
코르크 보드,1783,corkboard,https://acnhcdn.com/latest/FtrIcon/FtrCorkboard_Remake_1_1.png,1400,350,너굴 상점,증축 전#후 너굴상점의 가구 영역,하얀색,파란색,구매가능,No,2x1 ,1_1,White,NA,Fish,Favorite card,1,No,Yes,No,No
코르크 보드,1783,corkboard,https://acnhcdn.com/latest/FtrIcon/FtrCorkboard_Remake_1_2.png,1400,350,너굴 상점,증축 전#후 너굴상점의 가구 영역,하얀색,초록색,구매가능,No,2x1 ,1_2,White,NA,Flower,Favorite card,1,No,Yes,No,No
코르크 보드,1783,corkboard,https://acnhcdn.com/latest/FtrIcon/FtrCorkboard_Remake_2_0.png,1400,350,너굴 상점,증축 전#후 너굴상점의 가구 영역,파란색,빨간색,구매가능,No,2x1 ,2_0,Blue,NA,Apple,Favorite card,1,No,Yes,No,No
코르크 보드,1783,corkboard,https://acnhcdn.com/latest/FtrIcon/FtrCorkboard_Remake_2_1.png,1400,350,너굴 상점,증축 전#후 너굴상점의 가구 영역,파란색,파란색,구매가능,No,2x1 ,2_1,Blue,NA,Fish,Favorite card,1,No,Yes,No,No
코르크 보드,1783,corkboard,https://acnhcdn.com/latest/FtrIcon/FtrCorkboard_Remake_2_2.png,1400,350,너굴 상점,증축 전#후 너굴상점의 가구 영역,파란색,초록색,구매가능,No,2x1 ,2_2,Blue,NA,Flower,Favorite card,1,No,Yes,No,No
코스모스 리스,4293,cosmos wreath,https://acnhcdn.com/latest/FtrIcon/FtrDoorOrnamentWreathCosmos.png,NFS,720,제작,,빨간색,노란색,비매품,Yes,1x1 ,NA,NA,NA,NA,NA,NA,No,No,Yes,No
엠블럼 문패,5717,crest doorplate,https://acnhcdn.com/latest/FtrIcon/FtrDoorOrnamentCrest_Remake_0_0.png,NFS,3000,제작,,회색,검정색,비매품,Yes,1x1 ,0_0,Silver,Color,NA,NA,1,Yes,No,Yes,No
엠블럼 문패,5717,crest doorplate,https://acnhcdn.com/latest/FtrIcon/FtrDoorOrnamentCrest_Remake_1_0.png,NFS,3000,제작,,노란색,회색,비매품,Yes,1x1 ,1_0,Gold & silver,Color,NA,NA,1,Yes,No,Yes,No
엠블럼 문패,5717,crest doorplate,https://acnhcdn.com/latest/FtrIcon/FtrDoorOrnamentCrest_Remake_2_0.png,NFS,3000,제작,,회색,파란색,비매품,Yes,1x1 ,2_0,Silver & blue,Color,NA,NA,1,Yes,No,Yes,No
엠블럼 문패,5717,crest doorplate,https://acnhcdn.com/latest/FtrIcon/FtrDoorOrnamentCrest_Remake_3_0.png,NFS,3000,제작,,빨간색,하얀색,비매품,Yes,1x1 ,3_0,Red & white,Color,NA,NA,1,Yes,No,Yes,No
엠블럼 문패,5717,crest doorplate,https://acnhcdn.com/latest/FtrIcon/FtrDoorOrnamentCrest_Remake_4_0.png,NFS,3000,제작,,회색,초록색,비매품,Yes,1x1 ,4_0,Silver & green,Color,NA,NA,1,Yes,No,Yes,No
엠블럼 문패,5717,crest doorplate,https://acnhcdn.com/latest/FtrIcon/FtrDoorOrnamentCrest_Remake_5_0.png,NFS,3000,제작,,,,비매품,Yes,1x1 ,5_0,Colorful,Color,NA,NA,1,Yes,No,Yes,No
뻐꾸기 시계,915,cuckoo clock,https://acnhcdn.com/latest/FtrIcon/FtrCuckooclock_Remake_0_0.png,3200,800,너굴 상점,증축 전#후 너굴상점의 가구 영역,베이지색,베이지색,구매가능,No,1x1.5 ,0_0,Natural,NA,NA,NA,NA,No,No,No,No
뻐꾸기 시계,915,cuckoo clock,https://acnhcdn.com/latest/FtrIcon/FtrCuckooclock_Remake_1_0.png,3200,800,너굴 상점,증축 전#후 너굴상점의 가구 영역,초록색,갈색,구매가능,No,1x1.5 ,1_0,Green,NA,NA,NA,NA,No,No,No,No
뻐꾸기 시계,915,cuckoo clock,https://acnhcdn.com/latest/FtrIcon/FtrCuckooclock_Remake_2_0.png,3200,800,너굴 상점,증축 전#후 너굴상점의 가구 영역,파란색,갈색,구매가능,No,1x1.5 ,2_0,Blue,NA,NA,NA,NA,No,No,No,No
뻐꾸기 시계,915,cuckoo clock,https://acnhcdn.com/latest/FtrIcon/FtrCuckooclock_Remake_3_0.png,3200,800,너굴 상점,증축 전#후 너굴상점의 가구 영역,노란색,베이지색,구매가능,No,1x1.5 ,3_0,Yellow,NA,NA,NA,NA,No,No,No,No
뻐꾸기 시계,915,cuckoo clock,https://acnhcdn.com/latest/FtrIcon/FtrCuckooclock_Remake_4_0.png,3200,800,너굴 상점,증축 전#후 너굴상점의 가구 영역,빨간색,갈색,구매가능,No,1x1.5 ,4_0,Red,NA,NA,NA,NA,No,No,No,No
뻐꾸기 시계,915,cuckoo clock,https://acnhcdn.com/latest/FtrIcon/FtrCuckooclock_Remake_5_0.png,3200,800,너굴 상점,증축 전#후 너굴상점의 가구 영역,하얀색,하얀색,구매가능,No,1x1.5 ,5_0,White,NA,NA,NA,NA,No,No,No,No
뻐꾸기 시계,915,cuckoo clock,https://acnhcdn.com/latest/FtrIcon/FtrCuckooclock_Remake_6_0.png,3200,800,너굴 상점,증축 전#후 너굴상점의 가구 영역,검정색,검정색,구매가능,No,1x1.5 ,6_0,Black,NA,NA,NA,NA,No,No,No,No
큐트 벽시계,3996,cute wall-mounted clock,https://acnhcdn.com/latest/FtrIcon/FtrCuteClockW_Remake_0_0.png,1200,300,너굴 상점,증축 후 너굴상점의 일반 가구 영역,하얀색,분홍색,구매가능,No,1x1 ,0_0,White,NA,NA,NA,NA,No,No,No,No
큐트 벽시계,3996,cute wall-mounted clock,https://acnhcdn.com/latest/FtrIcon/FtrCuteClockW_Remake_1_0.png,1200,300,너굴 상점,증축 후 너굴상점의 일반 가구 영역,하늘색,파란색,구매가능,No,1x1 ,1_0,Sky blue,NA,NA,NA,NA,No,No,No,No
큐트 벽시계,3996,cute wall-mounted clock,https://acnhcdn.com/latest/FtrIcon/FtrCuteClockW_Remake_2_0.png,1200,300,너굴 상점,증축 후 너굴상점의 일반 가구 영역,노란색,주황색,구매가능,No,1x1 ,2_0,Yellow,NA,NA,NA,NA,No,No,No,No
큐트 벽시계,3996,cute wall-mounted clock,https://acnhcdn.com/latest/FtrIcon/FtrCuteClockW_Remake_3_0.png,1200,300,너굴 상점,증축 후 너굴상점의 일반 가구 영역,빨간색,빨간색,구매가능,No,1x1 ,3_0,Red,NA,NA,NA,NA,No,No,No,No
큐트 벽시계,3996,cute wall-mounted clock,https://acnhcdn.com/latest/FtrIcon/FtrCuteClockW_Remake_4_0.png,1200,300,너굴 상점,증축 후 너굴상점의 일반 가구 영역,파란색,검정색,구매가능,No,1x1 ,4_0,Blue,NA,NA,NA,NA,No,No,No,No
다크 백합 리스,5770,dark lily wreath,https://acnhcdn.com/latest/FtrIcon/FtrDoorOrnamentWreathYuriRare.png,NFS,1600,제작,,검정색,검정색,비매품,Yes,1x1 ,NA,NA,NA,NA,NA,NA,No,No,Yes,No
다크 장미 리스,5766,dark rose wreath,https://acnhcdn.com/latest/FtrIcon/FtrDoorOrnamentWreathRoseRare.png,NFS,4320,제작,,검정색,보라색,비매품,Yes,1x1 ,NA,NA,NA,NA,NA,NA,No,No,Yes,No
다크 튤립 리스,5771,dark tulip wreath,https://acnhcdn.com/latest/FtrIcon/FtrDoorOrnamentWreathTulipRare.png,NFS,1600,제작,,검정색,검정색,비매품,Yes,1x1 ,NA,NA,NA,NA,NA,NA,No,No,Yes,No
사슴 장식,3340,deer decoration,https://acnhcdn.com/latest/FtrIcon/FtrHuntingtrophy_Remake_0_0.png,NFS,960,제작,,주황색,주황색,비매품,Yes,1x1.5 ,0_0,Natural,Paint color,NA,NA,2,Yes,No,No,No
사슴 장식,3340,deer decoration,https://acnhcdn.com/latest/FtrIcon/FtrHuntingtrophy_Remake_1_0.png,NFS,960,제작,,베이지색,베이지색,비매품,Yes,1x1.5 ,1_0,Ash,Paint color,NA,NA,2,Yes,No,No,No
사슴 장식,3340,deer decoration,https://acnhcdn.com/latest/FtrIcon/FtrHuntingtrophy_Remake_2_0.png,NFS,960,제작,,노란색,노란색,비매품,Yes,1x1.5 ,2_0,Ivory,Paint color,NA,NA,2,Yes,No,No,No
사슴 장식,3340,deer decoration,https://acnhcdn.com/latest/FtrIcon/FtrHuntingtrophy_Remake_3_0.png,NFS,960,제작,,하얀색,하얀색,비매품,Yes,1x1.5 ,3_0,White,Paint color,NA,NA,2,Yes,No,No,No
사슴 장식,3340,deer decoration,https://acnhcdn.com/latest/FtrIcon/FtrHuntingtrophy_Remake_4_0.png,NFS,960,제작,,검정색,검정색,비매품,Yes,1x1.5 ,4_0,Black,Paint color,NA,NA,2,Yes,No,No,No
다이너 네온 시계,4144,diner neon clock,https://acnhcdn.com/latest/FtrIcon/FtrAmeretroClock_Remake_0_0.png,1500,375,너굴 상점,증축 후 너굴상점의 일반 가구 영역,빨간색,컬러풀,구매가능,No,1x1 ,0_0,Red,NA,Red lines,Clock face,1,No,Yes,No,No
다이너 네온 시계,4144,diner neon clock,https://acnhcdn.com/latest/FtrIcon/FtrAmeretroClock_Remake_0_1.png,1500,375,너굴 상점,증축 후 너굴상점의 일반 가구 영역,빨간색,파란색,구매가능,No,1x1 ,0_1,Red,NA,Blue bee,Clock face,1,No,Yes,No,No
다이너 네온 시계,4144,diner neon clock,https://acnhcdn.com/latest/FtrIcon/FtrAmeretroClock_Remake_0_2.png,1500,375,너굴 상점,증축 후 너굴상점의 일반 가구 영역,빨간색,검정색,구매가능,No,1x1 ,0_2,Red,NA,B & W numeral,Clock face,1,No,Yes,No,No
다이너 네온 시계,4144,diner neon clock,https://acnhcdn.com/latest/FtrIcon/FtrAmeretroClock_Remake_1_0.png,1500,375,너굴 상점,증축 후 너굴상점의 일반 가구 영역,파란색,컬러풀,구매가능,No,1x1 ,1_0,Blue,NA,Red lines,Clock face,1,No,Yes,No,No
다이너 네온 시계,4144,diner neon clock,https://acnhcdn.com/latest/FtrIcon/FtrAmeretroClock_Remake_1_1.png,1500,375,너굴 상점,증축 후 너굴상점의 일반 가구 영역,파란색,파란색,구매가능,No,1x1 ,1_1,Blue,NA,Blue bee,Clock face,1,No,Yes,No,No
다이너 네온 시계,4144,diner neon clock,https://acnhcdn.com/latest/FtrIcon/FtrAmeretroClock_Remake_1_2.png,1500,375,너굴 상점,증축 후 너굴상점의 일반 가구 영역,파란색,검정색,구매가능,No,1x1 ,1_2,Blue,NA,B & W numeral,Clock face,1,No,Yes,No,No
다이너 네온 시계,4144,diner neon clock,https://acnhcdn.com/latest/FtrIcon/FtrAmeretroClock_Remake_2_0.png,1500,375,너굴 상점,증축 후 너굴상점의 일반 가구 영역,노란색,컬러풀,구매가능,No,1x1 ,2_0,Yellow,NA,Red lines,Clock face,1,No,Yes,No,No
다이너 네온 시계,4144,diner neon clock,https://acnhcdn.com/latest/FtrIcon/FtrAmeretroClock_Remake_2_1.png,1500,375,너굴 상점,증축 후 너굴상점의 일반 가구 영역,노란색,파란색,구매가능,No,1x1 ,2_1,Yellow,NA,Blue bee,Clock face,1,No,Yes,No,No
다이너 네온 시계,4144,diner neon clock,https://acnhcdn.com/latest/FtrIcon/FtrAmeretroClock_Remake_2_2.png,1500,375,너굴 상점,증축 후 너굴상점의 일반 가구 영역,노란색,검정색,구매가능,No,1x1 ,2_2,Yellow,NA,B & W numeral,Clock face,1,No,Yes,No,No
다이너 네온 시계,4144,diner neon clock,https://acnhcdn.com/latest/FtrIcon/FtrAmeretroClock_Remake_3_0.png,1500,375,너굴 상점,증축 후 너굴상점의 일반 가구 영역,초록색,컬러풀,구매가능,No,1x1 ,3_0,Aquamarine,NA,Red lines,Clock face,1,No,Yes,No,No
다이너 네온 시계,4144,diner neon clock,https://acnhcdn.com/latest/FtrIcon/FtrAmeretroClock_Remake_3_1.png,1500,375,너굴 상점,증축 후 너굴상점의 일반 가구 영역,초록색,파란색,구매가능,No,1x1 ,3_1,Aquamarine,NA,Blue bee,Clock face,1,No,Yes,No,No
다이너 네온 시계,4144,diner neon clock,https://acnhcdn.com/latest/FtrIcon/FtrAmeretroClock_Remake_3_2.png,1500,375,너굴 상점,증축 후 너굴상점의 일반 가구 영역,초록색,검정색,구매가능,No,1x1 ,3_2,Aquamarine,NA,B & W numeral,Clock face,1,No,Yes,No,No
다이너 네온 시계,4144,diner neon clock,https://acnhcdn.com/latest/FtrIcon/FtrAmeretroClock_Remake_4_0.png,1500,375,너굴 상점,증축 후 너굴상점의 일반 가구 영역,분홍색,컬러풀,구매가능,No,1x1 ,4_0,Pink,NA,Red lines,Clock face,1,No,Yes,No,No
다이너 네온 시계,4144,diner neon clock,https://acnhcdn.com/latest/FtrIcon/FtrAmeretroClock_Remake_4_1.png,1500,375,너굴 상점,증축 후 너굴상점의 일반 가구 영역,분홍색,파란색,구매가능,No,1x1 ,4_1,Pink,NA,Blue bee,Clock face,1,No,Yes,No,No
다이너 네온 시계,4144,diner neon clock,https://acnhcdn.com/latest/FtrIcon/FtrAmeretroClock_Remake_4_2.png,1500,375,너굴 상점,증축 후 너굴상점의 일반 가구 영역,분홍색,검정색,구매가능,No,1x1 ,4_2,Pink,NA,B & W numeral,Clock face,1,No,Yes,No,No
다이너 네온 시계,4144,diner neon clock,https://acnhcdn.com/latest/FtrIcon/FtrAmeretroClock_Remake_5_0.png,1500,375,너굴 상점,증축 후 너굴상점의 일반 가구 영역,하얀색,컬러풀,구매가능,No,1x1 ,5_0,Cream,NA,Red lines,Clock face,1,No,Yes,No,No
다이너 네온 시계,4144,diner neon clock,https://acnhcdn.com/latest/FtrIcon/FtrAmeretroClock_Remake_5_1.png,1500,375,너굴 상점,증축 후 너굴상점의 일반 가구 영역,하얀색,파란색,구매가능,No,1x1 ,5_1,Cream,NA,Blue bee,Clock face,1,No,Yes,No,No
다이너 네온 시계,4144,diner neon clock,https://acnhcdn.com/latest/FtrIcon/FtrAmeretroClock_Remake_5_2.png,1500,375,너굴 상점,증축 후 너굴상점의 일반 가구 영역,하얀색,검정색,구매가능,No,1x1 ,5_2,Cream,NA,B & W numeral,Clock face,1,No,Yes,No,No
다이너 네온 시계,4144,diner neon clock,https://acnhcdn.com/latest/FtrIcon/FtrAmeretroClock_Remake_6_0.png,1500,375,너굴 상점,증축 후 너굴상점의 일반 가구 영역,보라색,컬러풀,구매가능,No,1x1 ,6_0,Purple,NA,Red lines,Clock face,1,No,Yes,No,No
다이너 네온 시계,4144,diner neon clock,https://acnhcdn.com/latest/FtrIcon/FtrAmeretroClock_Remake_6_1.png,1500,375,너굴 상점,증축 후 너굴상점의 일반 가구 영역,보라색,파란색,구매가능,No,1x1 ,6_1,Purple,NA,Blue bee,Clock face,1,No,Yes,No,No
다이너 네온 시계,4144,diner neon clock,https://acnhcdn.com/latest/FtrIcon/FtrAmeretroClock_Remake_6_2.png,1500,375,너굴 상점,증축 후 너굴상점의 일반 가구 영역,보라색,검정색,구매가능,No,1x1 ,6_2,Purple,NA,B & W numeral,Clock face,1,No,Yes,No,No
양면 벽시계,4133,double-sided wall clock,https://acnhcdn.com/latest/FtrIcon/FtrBothsideclockWall_Remake_0_0.png,1100,275,너굴 상점,증축 후 너굴상점의 일반 가구 영역,검정색,하얀색,구매가능,No,0.5x1 ,0_0,Black,NA,NA,NA,NA,No,No,No,No
양면 벽시계,4133,double-sided wall clock,https://acnhcdn.com/latest/FtrIcon/FtrBothsideclockWall_Remake_1_0.png,1100,275,너굴 상점,증축 후 너굴상점의 일반 가구 영역,하얀색,하얀색,구매가능,No,0.5x1 ,1_0,White,NA,NA,NA,NA,No,No,No,No
양면 벽시계,4133,double-sided wall clock,https://acnhcdn.com/latest/FtrIcon/FtrBothsideclockWall_Remake_2_0.png,1100,275,너굴 상점,증축 후 너굴상점의 일반 가구 영역,회색,하얀색,구매가능,No,0.5x1 ,2_0,Silver,NA,NA,NA,NA,No,No,No,No
양면 벽시계,4133,double-sided wall clock,https://acnhcdn.com/latest/FtrIcon/FtrBothsideclockWall_Remake_3_0.png,1100,275,너굴 상점,증축 후 너굴상점의 일반 가구 영역,하늘색,하얀색,구매가능,No,0.5x1 ,3_0,Green,NA,NA,NA,NA,No,No,No,No
양면 벽시계,4133,double-sided wall clock,https://acnhcdn.com/latest/FtrIcon/FtrBothsideclockWall_Remake_4_0.png,1100,275,너굴 상점,증축 후 너굴상점의 일반 가구 영역,빨간색,검정색,구매가능,No,0.5x1 ,4_0,Red,NA,NA,NA,NA,No,No,No,No
양면 벽시계,4133,double-sided wall clock,https://acnhcdn.com/latest/FtrIcon/FtrBothsideclockWall_Remake_5_0.png,1100,275,너굴 상점,증축 후 너굴상점의 일반 가구 영역,노란색,빨간색,구매가능,No,0.5x1 ,5_0,Yellow,NA,NA,NA,NA,No,No,No,No
비상구,955,exit sign,https://acnhcdn.com/latest/FtrIcon/FtrExit_Remake_0_0.png,810,202,너굴 상점,증축 전#후 너굴상점의 가구 영역,초록색,하얀색,구매가능,No,1x0.5 ,0_0,←,NA,NA,NA,NA,No,No,No,No
비상구,955,exit sign,https://acnhcdn.com/latest/FtrIcon/FtrExit_Remake_1_0.png,810,202,너굴 상점,증축 전#후 너굴상점의 가구 영역,초록색,하얀색,구매가능,No,1x0.5 ,1_0,→,NA,NA,NA,NA,No,No,No,No
비상구,955,exit sign,https://acnhcdn.com/latest/FtrIcon/FtrExit_Remake_2_0.png,810,202,너굴 상점,증축 전#후 너굴상점의 가구 영역,빨간색,하얀색,구매가능,No,1x0.5 ,2_0,Red exit,NA,NA,NA,NA,No,No,No,No
비상구,955,exit sign,https://acnhcdn.com/latest/FtrIcon/FtrExit_Remake_3_0.png,810,202,너굴 상점,증축 전#후 너굴상점의 가구 영역,검정색,초록색,구매가능,No,1x0.5 ,3_0,← →,NA,NA,NA,NA,No,No,No,No
팬시 백합 리스,5677,fancy lily wreath,https://acnhcdn.com/latest/FtrIcon/FtrDoorOrnamentWreathYuriMix.png,NFS,1200,제작,,분홍색,노란색,비매품,Yes,1x1 ,NA,NA,NA,NA,NA,NA,No,No,Yes,No
팬시 국화 리스,5749,fancy mum wreath,https://acnhcdn.com/latest/FtrIcon/FtrDoorOrnamentWreathMumMix.png,NFS,1200,제작,,분홍색,빨간색,비매품,Yes,1x1 ,NA,NA,NA,NA,NA,NA,No,No,Yes,No
팬시 장미 리스,5747,fancy rose wreath,https://acnhcdn.com/latest/FtrIcon/FtrDoorOrnamentWreathRoseMix.png,NFS,1200,제작,,분홍색,노란색,비매품,Yes,1x1 ,NA,NA,NA,NA,NA,NA,No,No,Yes,No
물고기 문패,4764,fish doorplate,https://acnhcdn.com/latest/FtrIcon/FtrDoorOrnamentFish_Remake_0_0.png,NFS,90,낚시대회,,하늘색,하얀색,비매품,No,1x1 ,0_0,Light blue,Color,NA,NA,1,Yes,No,Yes,No
물고기 문패,4764,fish doorplate,https://acnhcdn.com/latest/FtrIcon/FtrDoorOrnamentFish_Remake_1_0.png,NFS,90,낚시대회,,빨간색,하얀색,비매품,No,1x1 ,1_0,Red,Color,NA,NA,1,Yes,No,Yes,No
물고기 문패,4764,fish doorplate,https://acnhcdn.com/latest/FtrIcon/FtrDoorOrnamentFish_Remake_2_0.png,NFS,90,낚시대회,,주황색,하얀색,비매품,No,1x1 ,2_0,Orange,Color,NA,NA,1,Yes,No,Yes,No
물고기 문패,4764,fish doorplate,https://acnhcdn.com/latest/FtrIcon/FtrDoorOrnamentFish_Remake_3_0.png,NFS,90,낚시대회,,노란색,하얀색,비매품,No,1x1 ,3_0,Yellow,Color,NA,NA,1,Yes,No,Yes,No
물고기 문패,4764,fish doorplate,https://acnhcdn.com/latest/FtrIcon/FtrDoorOrnamentFish_Remake_4_0.png,NFS,90,낚시대회,,초록색,하얀색,비매품,No,1x1 ,4_0,Green,Color,NA,NA,1,Yes,No,Yes,No
물고기 문패,4764,fish doorplate,https://acnhcdn.com/latest/FtrIcon/FtrDoorOrnamentFish_Remake_5_0.png,NFS,90,낚시대회,,보라색,하얀색,비매품,No,1x1 ,5_0,Blue,Color,NA,NA,1,Yes,No,Yes,No
물고기 문패,4764,fish doorplate,https://acnhcdn.com/latest/FtrIcon/FtrDoorOrnamentFish_Remake_6_0.png,NFS,90,낚시대회,,검정색,하얀색,비매품,No,1x1 ,6_0,Black,Color,NA,NA,1,Yes,No,Yes,No
물고기 문패,4764,fish doorplate,https://acnhcdn.com/latest/FtrIcon/FtrDoorOrnamentFish_Remake_7_0.png,NFS,90,낚시대회,,회색,하얀색,비매품,No,1x1 ,7_0,Gray,Color,NA,NA,1,Yes,No,Yes,No
물고기 벽장식,12486,fish plaque,https://acnhcdn.com/latest/FtrIcon/FtrMuseumFishWall.png,1200,300,국제 박물관의 날,물고기 스탬프 랠리 보상,노란색,갈색,비매품,No,1x1,0_0,NA,NA,NA,NA,NA,No,No,No,No
어탁,3699,fish print,https://acnhcdn.com/latest/FtrIcon/FtrFishprint_Remake_0_0.png,NFS,700,낚시대회,,검정색,하얀색,비매품,No,2x1 ,0_0,Giant trevally,Variation,NA,NA,1,Yes,No,No,No
어탁,3699,fish print,https://acnhcdn.com/latest/FtrIcon/FtrFishprint_Remake_1_0.png,NFS,700,낚시대회,,빨간색,컬러풀,비매품,No,2x1 ,1_0,Red snapper,Variation,NA,NA,1,Yes,No,No,No
어탁,3699,fish print,https://acnhcdn.com/latest/FtrIcon/FtrFishprint_Remake_2_0.png,NFS,700,낚시대회,,검정색,하얀색,비매품,No,2x1 ,2_0,Blue marlin,Variation,NA,NA,1,Yes,No,No,No
어탁,3699,fish print,https://acnhcdn.com/latest/FtrIcon/FtrFishprint_Remake_3_0.png,NFS,700,낚시대회,,검정색,하얀색,비매품,No,2x1 ,3_0,Squid,Variation,NA,NA,1,Yes,No,No,No
어탁,3699,fish print,https://acnhcdn.com/latest/FtrIcon/FtrFishprint_Remake_4_0.png,NFS,700,낚시대회,,검정색,하얀색,비매품,No,2x1 ,4_0,Black bass,Variation,NA,NA,1,Yes,No,No,No
어탁,3699,fish print,https://acnhcdn.com/latest/FtrIcon/FtrFishprint_Remake_5_0.png,NFS,700,낚시대회,,검정색,하얀색,비매품,No,2x1 ,5_0,Carp,Variation,NA,NA,1,Yes,No,No,No
어탁,3699,fish print,https://acnhcdn.com/latest/FtrIcon/FtrFishprint_Remake_6_0.png,NFS,700,낚시대회,,검정색,하얀색,비매품,No,2x1 ,6_0,Giant snakehead,Variation,NA,NA,1,Yes,No,No,No
풍어기,3583,fishing-boat flag,https://acnhcdn.com/latest/FtrIcon/FtrBigcatchflag_Remake_0_0.png,2200,550,너굴 상점,증축 전#후 너굴상점의 가구 영역,컬러풀,노란색,구매가능,No,2x1.5 ,0_0,Nintenmaru - Big Catch,NA,NA,NA,NA,No,No,No,No
풍어기,3583,fishing-boat flag,https://acnhcdn.com/latest/FtrIcon/FtrBigcatchflag_Remake_1_0.png,2200,550,너굴 상점,증축 전#후 너굴상점의 가구 영역,컬러풀,노란색,구매가능,No,2x1.5 ,1_0,Tsurukamemaru - Longevity,NA,NA,NA,NA,No,No,No,No
풍어기,3583,fishing-boat flag,https://acnhcdn.com/latest/FtrIcon/FtrBigcatchflag_Remake_2_0.png,2200,550,너굴 상점,증축 전#후 너굴상점의 가구 영역,컬러풀,노란색,구매가능,No,2x1.5 ,2_0,Marufukumaru - Bounty,NA,NA,NA,NA,No,No,No,No
풍어기,3583,fishing-boat flag,https://acnhcdn.com/latest/FtrIcon/FtrBigcatchflag_Remake_3_0.png,2200,550,너굴 상점,증축 전#후 너굴상점의 가구 영역,컬러풀,노란색,구매가능,No,2x1.5 ,3_0,Uomasamaru III - Launch,NA,NA,NA,NA,No,No,No,No
벽걸이 드라이플라워,4027,floral swag,https://acnhcdn.com/latest/FtrIcon/FtrFlowerSwag_Remake_0_0.png,NFS,200,제작,,노란색,하늘색,비매품,Yes,1x1 ,0_0,Yellow,Color,NA,NA,1,Yes,No,No,No
벽걸이 드라이플라워,4027,floral swag,https://acnhcdn.com/latest/FtrIcon/FtrFlowerSwag_Remake_1_0.png,NFS,200,제작,,분홍색,초록색,비매품,Yes,1x1 ,1_0,Pink,Color,NA,NA,1,Yes,No,No,No
벽걸이 드라이플라워,4027,floral swag,https://acnhcdn.com/latest/FtrIcon/FtrFlowerSwag_Remake_2_0.png,NFS,200,제작,,보라색,초록색,비매품,Yes,1x1 ,2_0,Blue,Color,NA,NA,1,Yes,No,No,No
벽걸이 드라이플라워,4027,floral swag,https://acnhcdn.com/latest/FtrIcon/FtrFlowerSwag_Remake_3_0.png,NFS,200,제작,,하얀색,노란색,비매품,Yes,1x1 ,3_0,White,Color,NA,NA,1,Yes,No,No,No
벽걸이 드라이플라워,4027,floral swag,https://acnhcdn.com/latest/FtrIcon/FtrFlowerSwag_Remake_4_0.png,NFS,200,제작,,컬러풀,초록색,비매품,Yes,1x1 ,4_0,Colorful,Color,NA,NA,1,Yes,No,No,No
표창장,4099,formal paper,https://acnhcdn.com/latest/FtrIcon/FtrTestimonial_Remake_0_0.png,620,155,너굴 상점,증축 전#후 너굴상점의 가구 영역,베이지색,주황색,구매가능,No,1x1 ,0_0,Brown,NA,NA,NA,NA,No,No,No,No
표창장,4099,formal paper,https://acnhcdn.com/latest/FtrIcon/FtrTestimonial_Remake_1_0.png,620,155,너굴 상점,증축 전#후 너굴상점의 가구 영역,하얀색,노란색,구매가능,No,1x1 ,1_0,Light brown,NA,NA,NA,NA,No,No,No,No
표창장,4099,formal paper,https://acnhcdn.com/latest/FtrIcon/FtrTestimonial_Remake_2_0.png,620,155,너굴 상점,증축 전#후 너굴상점의 가구 영역,베이지색,갈색,구매가능,No,1x1 ,2_0,Dark brown,NA,NA,NA,NA,No,No,No,No
화석 문패,5719,fossil doorplate,https://acnhcdn.com/latest/FtrIcon/FtrDoorOrnamentFossil_Remake_0_0.png,NFS,500,제작,,회색,베이지색,비매품,Yes,1x1 ,0_0,Gray,Color,NA,NA,1,Yes,No,Yes,No
화석 문패,5719,fossil doorplate,https://acnhcdn.com/latest/FtrIcon/FtrDoorOrnamentFossil_Remake_1_0.png,NFS,500,제작,,파란색,베이지색,비매품,Yes,1x1 ,1_0,Blue,Color,NA,NA,1,Yes,No,Yes,No
화석 벽장식,12484,fossil plaque,https://acnhcdn.com/latest/FtrIcon/FtrMuseumFossilWall.png,1200,300,국제 박물관의 날,화석 스탬프 랠리 보상,노란색,갈색,비매품,No,1x1,0_0,NA,NA,NA,NA,NA,No,No,No,No
과일 리스,4378,fruit wreath,https://acnhcdn.com/latest/FtrIcon/FtrDoorOrnamentWreathFruit.png,NFS,2000,제작,,컬러풀,컬러풀,비매품,Yes,1x1 ,NA,NA,NA,NA,NA,NA,No,No,Yes,No
톱니바퀴,7280,gears,https://acnhcdn.com/latest/FtrIcon/FtrGearWall_Remake_0_0.png,1500,375,너굴 상점,증축 후 너굴상점의 일반 가구 영역,회색,회색,구매가능,No,2x1 ,0_0,Silver,NA,NA,NA,NA,No,No,No,No
톱니바퀴,7280,gears,https://acnhcdn.com/latest/FtrIcon/FtrGearWall_Remake_1_0.png,1500,375,너굴 상점,증축 후 너굴상점의 일반 가구 영역,갈색,갈색,구매가능,No,2x1 ,1_0,Copper,NA,NA,NA,NA,No,No,No,No
톱니바퀴,7280,gears,https://acnhcdn.com/latest/FtrIcon/FtrGearWall_Remake_2_0.png,1500,375,너굴 상점,증축 후 너굴상점의 일반 가구 영역,검정색,검정색,구매가능,No,2x1 ,2_0,Black,NA,NA,NA,NA,No,No,No,No
톱니바퀴,7280,gears,https://acnhcdn.com/latest/FtrIcon/FtrGearWall_Remake_3_0.png,1500,375,너굴 상점,증축 후 너굴상점의 일반 가구 영역,컬러풀,컬러풀,구매가능,No,2x1 ,3_0,Colorful,NA,NA,NA,NA,No,No,No,No
톱니바퀴,7280,gears,https://acnhcdn.com/latest/FtrIcon/FtrGearWall_Remake_4_0.png,1500,375,너굴 상점,증축 후 너굴상점의 일반 가구 영역,갈색,베이지색,구매가능,No,2x1 ,4_0,Wooden,NA,NA,NA,NA,No,No,No,No
아카데미 금 상패,7035,gold HHA plaque,https://acnhcdn.com/latest/FtrIcon/FtrShieldHhaGold.png,NFS,450,해피 홈 아카데미,,갈색,노란색,비매품,No,1x1 ,NA,NA,NA,NA,NA,NA,No,No,No,No
금장미 리스,5820,gold rose wreath,https://acnhcdn.com/latest/FtrIcon/FtrDoorOrnamentWreathRoseGold.png,NFS,20000,제작,,노란색,노란색,비매품,Yes,1x1 ,NA,NA,NA,NA,NA,NA,No,No,Yes,No
황금 톱니바퀴,11261,golden gears,https://acnhcdn.com/latest/FtrIcon/FtrGearWallGold.png,NFS,11125,제작,,노란색,노란색,비매품,Yes,2x1 ,NA,NA,NA,NA,NA,NA,No,No,No,No
메뚜기 머리 벽장식,11099,grasshopper-head model,https://acnhcdn.com/latest/FtrIcon/FtrInsectTonosamabattaFace.png,1400,350,너굴 상점,증축 후 너굴상점의 일반 가구 영역,초록색,초록색,구매가능,No,1x1 ,NA,NA,NA,NA,NA,NA,No,No,No,No
족자,7282,hanging scroll,https://acnhcdn.com/latest/FtrIcon/FtrHangingscroll_Remake_0_0.png,140000,35000,너굴 상점,증축 후 너굴상점의 세 번째 가구 영역,초록색,하얀색,구매가능,No,1x2 ,0_0,Green,NA,Calligraphy,Design,7,No,Yes,No,No
족자,7282,hanging scroll,https://acnhcdn.com/latest/FtrIcon/FtrHangingscroll_Remake_0_1.png,140000,35000,너굴 상점,증축 후 너굴상점의 세 번째 가구 영역,초록색,회색,구매가능,No,1x2 ,0_1,Green,NA,Mountains,Design,7,No,Yes,No,No
족자,7282,hanging scroll,https://acnhcdn.com/latest/FtrIcon/FtrHangingscroll_Remake_0_2.png,140000,35000,너굴 상점,증축 후 너굴상점의 세 번째 가구 영역,초록색,주황색,구매가능,No,1x2 ,0_2,Green,NA,Fish,Design,7,No,Yes,No,No
족자,7282,hanging scroll,https://acnhcdn.com/latest/FtrIcon/FtrHangingscroll_Remake_0_3.png,140000,35000,너굴 상점,증축 후 너굴상점의 세 번째 가구 영역,초록색,주황색,구매가능,No,1x2 ,0_3,Green,NA,Bird,Design,7,No,Yes,No,No
족자,7282,hanging scroll,https://acnhcdn.com/latest/FtrIcon/FtrHangingscroll_Remake_0_4.png,140000,35000,너굴 상점,증축 후 너굴상점의 세 번째 가구 영역,초록색,베이지색,구매가능,No,1x2 ,0_4,Green,NA,Flower,Design,7,No,Yes,No,No
족자,7282,hanging scroll,https://acnhcdn.com/latest/FtrIcon/FtrHangingscroll_Remake_1_0.png,140000,35000,너굴 상점,증축 후 너굴상점의 세 번째 가구 영역,갈색,하얀색,구매가능,No,1x2 ,1_0,Brown,NA,Calligraphy,Design,7,No,Yes,No,No
족자,7282,hanging scroll,https://acnhcdn.com/latest/FtrIcon/FtrHangingscroll_Remake_1_1.png,140000,35000,너굴 상점,증축 후 너굴상점의 세 번째 가구 영역,갈색,회색,구매가능,No,1x2 ,1_1,Brown,NA,Mountains,Design,7,No,Yes,No,No
족자,7282,hanging scroll,https://acnhcdn.com/latest/FtrIcon/FtrHangingscroll_Remake_1_2.png,140000,35000,너굴 상점,증축 후 너굴상점의 세 번째 가구 영역,갈색,주황색,구매가능,No,1x2 ,1_2,Brown,NA,Fish,Design,7,No,Yes,No,No
족자,7282,hanging scroll,https://acnhcdn.com/latest/FtrIcon/FtrHangingscroll_Remake_1_3.png,140000,35000,너굴 상점,증축 후 너굴상점의 세 번째 가구 영역,갈색,주황색,구매가능,No,1x2 ,1_3,Brown,NA,Bird,Design,7,No,Yes,No,No
족자,7282,hanging scroll,https://acnhcdn.com/latest/FtrIcon/FtrHangingscroll_Remake_1_4.png,140000,35000,너굴 상점,증축 후 너굴상점의 세 번째 가구 영역,갈색,베이지색,구매가능,No,1x2 ,1_4,Brown,NA,Flower,Design,7,No,Yes,No,No
족자,7282,hanging scroll,https://acnhcdn.com/latest/FtrIcon/FtrHangingscroll_Remake_2_0.png,140000,35000,너굴 상점,증축 후 너굴상점의 세 번째 가구 영역,분홍색,하얀색,구매가능,No,1x2 ,2_0,Pink,NA,Calligraphy,Design,7,No,Yes,No,No
족자,7282,hanging scroll,https://acnhcdn.com/latest/FtrIcon/FtrHangingscroll_Remake_2_1.png,140000,35000,너굴 상점,증축 후 너굴상점의 세 번째 가구 영역,분홍색,회색,구매가능,No,1x2 ,2_1,Pink,NA,Mountains,Design,7,No,Yes,No,No
족자,7282,hanging scroll,https://acnhcdn.com/latest/FtrIcon/FtrHangingscroll_Remake_2_2.png,140000,35000,너굴 상점,증축 후 너굴상점의 세 번째 가구 영역,분홍색,주황색,구매가능,No,1x2 ,2_2,Pink,NA,Fish,Design,7,No,Yes,No,No
족자,7282,hanging scroll,https://acnhcdn.com/latest/FtrIcon/FtrHangingscroll_Remake_2_3.png,140000,35000,너굴 상점,증축 후 너굴상점의 세 번째 가구 영역,분홍색,주황색,구매가능,No,1x2 ,2_3,Pink,NA,Bird,Design,7,No,Yes,No,No
족자,7282,hanging scroll,https://acnhcdn.com/latest/FtrIcon/FtrHangingscroll_Remake_2_4.png,140000,35000,너굴 상점,증축 후 너굴상점의 세 번째 가구 영역,분홍색,베이지색,구매가능,No,1x2 ,2_4,Pink,NA,Flower,Design,7,No,Yes,No,No
족자,7282,hanging scroll,https://acnhcdn.com/latest/FtrIcon/FtrHangingscroll_Remake_3_0.png,140000,35000,너굴 상점,증축 후 너굴상점의 세 번째 가구 영역,하늘색,하얀색,구매가능,No,1x2 ,3_0,Blue,NA,Calligraphy,Design,7,No,Yes,No,No
족자,7282,hanging scroll,https://acnhcdn.com/latest/FtrIcon/FtrHangingscroll_Remake_3_1.png,140000,35000,너굴 상점,증축 후 너굴상점의 세 번째 가구 영역,하늘색,회색,구매가능,No,1x2 ,3_1,Blue,NA,Mountains,Design,7,No,Yes,No,No
족자,7282,hanging scroll,https://acnhcdn.com/latest/FtrIcon/FtrHangingscroll_Remake_3_2.png,140000,35000,너굴 상점,증축 후 너굴상점의 세 번째 가구 영역,하늘색,주황색,구매가능,No,1x2 ,3_2,Blue,NA,Fish,Design,7,No,Yes,No,No
족자,7282,hanging scroll,https://acnhcdn.com/latest/FtrIcon/FtrHangingscroll_Remake_3_3.png,140000,35000,너굴 상점,증축 후 너굴상점의 세 번째 가구 영역,하늘색,주황색,구매가능,No,1x2 ,3_3,Blue,NA,Bird,Design,7,No,Yes,No,No
족자,7282,hanging scroll,https://acnhcdn.com/latest/FtrIcon/FtrHangingscroll_Remake_3_4.png,140000,35000,너굴 상점,증축 후 너굴상점의 세 번째 가구 영역,하늘색,베이지색,구매가능,No,1x2 ,3_4,Blue,NA,Flower,Design,7,No,Yes,No,No
족자,7282,hanging scroll,https://acnhcdn.com/latest/FtrIcon/FtrHangingscroll_Remake_4_0.png,140000,35000,너굴 상점,증축 후 너굴상점의 세 번째 가구 영역,보라색,하얀색,구매가능,No,1x2 ,4_0,Purple,NA,Calligraphy,Design,7,No,Yes,No,No
족자,7282,hanging scroll,https://acnhcdn.com/latest/FtrIcon/FtrHangingscroll_Remake_4_1.png,140000,35000,너굴 상점,증축 후 너굴상점의 세 번째 가구 영역,보라색,회색,구매가능,No,1x2 ,4_1,Purple,NA,Mountains,Design,7,No,Yes,No,No
족자,7282,hanging scroll,https://acnhcdn.com/latest/FtrIcon/FtrHangingscroll_Remake_4_2.png,140000,35000,너굴 상점,증축 후 너굴상점의 세 번째 가구 영역,보라색,주황색,구매가능,No,1x2 ,4_2,Purple,NA,Fish,Design,7,No,Yes,No,No
족자,7282,hanging scroll,https://acnhcdn.com/latest/FtrIcon/FtrHangingscroll_Remake_4_3.png,140000,35000,너굴 상점,증축 후 너굴상점의 세 번째 가구 영역,보라색,주황색,구매가능,No,1x2 ,4_3,Purple,NA,Bird,Design,7,No,Yes,No,No
족자,7282,hanging scroll,https://acnhcdn.com/latest/FtrIcon/FtrHangingscroll_Remake_4_4.png,140000,35000,너굴 상점,증축 후 너굴상점의 세 번째 가구 영역,보라색,베이지색,구매가능,No,1x2 ,4_4,Purple,NA,Flower,Design,7,No,Yes,No,No
행잉 테라리움,3775,hanging terrarium,https://acnhcdn.com/latest/FtrIcon/FtrTerrariumWall_Remake_0_0.png,NFS,3240,제작,,검정색,초록색,비매품,Yes,1x1.5 ,0_0,Black,Frame,NA,NA,5,Yes,No,No,No
행잉 테라리움,3775,hanging terrarium,https://acnhcdn.com/latest/FtrIcon/FtrTerrariumWall_Remake_1_0.png,NFS,3240,제작,,갈색,초록색,비매품,Yes,1x1.5 ,1_0,Gold,Frame,NA,NA,5,Yes,No,No,No
행잉 테라리움,3775,hanging terrarium,https://acnhcdn.com/latest/FtrIcon/FtrTerrariumWall_Remake_2_0.png,NFS,3240,제작,,갈색,초록색,비매품,Yes,1x1.5 ,2_0,Brown,Frame,NA,NA,5,Yes,No,No,No
하트 문패,5309,heart doorplate,https://acnhcdn.com/latest/FtrIcon/FtrDoorOrnamentPlateHeart_Remake_0_0.png,600,150,너굴 상점,증축 전#후 너굴상점의 가구 영역,분홍색,하얀색,구매가능,No,1x1 ,0_0,Pink,NA,NA,NA,NA,No,No,Yes,No
하트 문패,5309,heart doorplate,https://acnhcdn.com/latest/FtrIcon/FtrDoorOrnamentPlateHeart_Remake_1_0.png,600,150,너굴 상점,증축 전#후 너굴상점의 가구 영역,회색,하늘색,구매가능,No,1x1 ,1_0,Blue,NA,NA,NA,NA,No,No,Yes,No
하트 문패,5309,heart doorplate,https://acnhcdn.com/latest/FtrIcon/FtrDoorOrnamentPlateHeart_Remake_2_0.png,600,150,너굴 상점,증축 전#후 너굴상점의 가구 영역,검정색,하얀색,구매가능,No,1x1 ,2_0,Monotone,NA,NA,NA,NA,No,No,Yes,No
하트 문패,5309,heart doorplate,https://acnhcdn.com/latest/FtrIcon/FtrDoorOrnamentPlateHeart_Remake_3_0.png,600,150,너굴 상점,증축 전#후 너굴상점의 가구 영역,파란색,하늘색,구매가능,No,1x1 ,3_0,Light blue,NA,NA,NA,NA,No,No,Yes,No
하트 문패,5309,heart doorplate,https://acnhcdn.com/latest/FtrIcon/FtrDoorOrnamentPlateHeart_Remake_4_0.png,600,150,너굴 상점,증축 전#후 너굴상점의 가구 영역,초록색,초록색,구매가능,No,1x1 ,4_0,Green,NA,NA,NA,NA,No,No,Yes,No
하트 문패,5309,heart doorplate,https://acnhcdn.com/latest/FtrIcon/FtrDoorOrnamentPlateHeart_Remake_5_0.png,600,150,너굴 상점,증축 전#후 너굴상점의 가구 영역,주황색,주황색,구매가능,No,1x1 ,5_0,Orange,NA,NA,NA,NA,No,No,Yes,No
하트 문패,5309,heart doorplate,https://acnhcdn.com/latest/FtrIcon/FtrDoorOrnamentPlateHeart_Remake_6_0.png,600,150,너굴 상점,증축 전#후 너굴상점의 가구 영역,빨간색,빨간색,구매가능,No,1x1 ,6_0,Red,NA,NA,NA,NA,No,No,Yes,No
하트 문패,5309,heart doorplate,https://acnhcdn.com/latest/FtrIcon/FtrDoorOrnamentPlateHeart_Remake_7_0.png,600,150,너굴 상점,증축 전#후 너굴상점의 가구 영역,보라색,보라색,구매가능,No,1x1 ,7_0,Purple,NA,NA,NA,NA,No,No,Yes,No
아카데미 페넌트,7040,HHA pennant,https://acnhcdn.com/latest/FtrIcon/FtrPenantHha.png,NFS,375,해피 홈 아카데미,,파란색,노란색,비매품,No,1x1.5 ,NA,NA,NA,NA,NA,NA,No,No,No,No
히아신스 리스,5468,hyacinth wreath,https://acnhcdn.com/latest/FtrIcon/FtrDoorOrnamentWreathHyacinth.png,NFS,720,제작,,빨간색,하얀색,비매품,Yes,1x1 ,NA,NA,NA,NA,NA,NA,No,No,Yes,No
오리엔탈 쉘프,3970,imperial decorative shelves,https://acnhcdn.com/latest/FtrIcon/FtrOrientalShelfWall_Remake_0_0.png,8500,2125,너굴 상점,증축 후 너굴상점의 일반 가구 영역,빨간색,빨간색,구매가능,No,2x1.5 ,0_0,Red,NA,NA,NA,NA,No,No,No,No
오리엔탈 쉘프,3970,imperial decorative shelves,https://acnhcdn.com/latest/FtrIcon/FtrOrientalShelfWall_Remake_1_0.png,8500,2125,너굴 상점,증축 후 너굴상점의 일반 가구 영역,파란색,파란색,구매가능,No,2x1.5 ,1_0,Blue,NA,NA,NA,NA,No,No,No,No
오리엔탈 쉘프,3970,imperial decorative shelves,https://acnhcdn.com/latest/FtrIcon/FtrOrientalShelfWall_Remake_2_0.png,8500,2125,너굴 상점,증축 후 너굴상점의 일반 가구 영역,갈색,갈색,구매가능,No,2x1.5 ,2_0,Brown,NA,NA,NA,NA,No,No,No,No
오리엔탈 쉘프,3970,imperial decorative shelves,https://acnhcdn.com/latest/FtrIcon/FtrOrientalShelfWall_Remake_3_0.png,8500,2125,너굴 상점,증축 후 너굴상점의 일반 가구 영역,검정색,검정색,구매가능,No,2x1.5 ,3_0,Black,NA,NA,NA,NA,No,No,No,No
중국풍 랜턴,8415,imperial dining lantern,https://acnhcdn.com/latest/FtrIcon/FtrChineseLampWall_Remake_0_0.png,19000,4750,너굴 상점,증축 후 너굴상점의 세 번째 가구 영역,노란색,빨간색,구매가능,No,1x1.5 ,0_0,Gold,NA,NA,NA,NA,No,No,No,No
중국풍 랜턴,8415,imperial dining lantern,https://acnhcdn.com/latest/FtrIcon/FtrChineseLampWall_Remake_1_0.png,19000,4750,너굴 상점,증축 후 너굴상점의 세 번째 가구 영역,검정색,빨간색,구매가능,No,1x1.5 ,1_0,Black,NA,NA,NA,NA,No,No,No,No
중국풍 랜턴,8415,imperial dining lantern,https://acnhcdn.com/latest/FtrIcon/FtrChineseLampWall_Remake_2_0.png,19000,4750,너굴 상점,증축 후 너굴상점의 세 번째 가구 영역,파란색,빨간색,구매가능,No,1x1.5 ,2_0,Blue,NA,NA,NA,NA,No,No,No,No
중국풍 랜턴,8415,imperial dining lantern,https://acnhcdn.com/latest/FtrIcon/FtrChineseLampWall_Remake_3_0.png,19000,4750,너굴 상점,증축 후 너굴상점의 세 번째 가구 영역,빨간색,노란색,구매가능,No,1x1.5 ,3_0,Red,NA,NA,NA,NA,No,No,No,No
인터폰 모니터,3399,intercom monitor,https://acnhcdn.com/latest/FtrIcon/FtrIntercom.png,860,215,너굴 상점,증축 후 너굴상점의 일반 가구 영역,하얀색,하얀색,구매가능,No,1x1 ,NA,NA,NA,NA,NA,NA,No,No,No,No
아이언 문패,4752,iron doorplate,https://acnhcdn.com/latest/FtrIcon/FtrDoorOrnamentIron_Remake_0_0.png,NFS,1500,제작,,검정색,검정색,비매품,Yes,1x1 ,0_0,Black,Color,NA,NA,1,Yes,No,Yes,No
아이언 문패,4752,iron doorplate,https://acnhcdn.com/latest/FtrIcon/FtrDoorOrnamentIron_Remake_1_0.png,NFS,1500,제작,,하얀색,하얀색,비매품,Yes,1x1 ,1_0,White,Color,NA,NA,1,Yes,No,Yes,No
아이언 문패,4752,iron doorplate,https://acnhcdn.com/latest/FtrIcon/FtrDoorOrnamentIron_Remake_2_0.png,NFS,1500,제작,,파란색,파란색,비매품,Yes,1x1 ,2_0,Blue,Color,NA,NA,1,Yes,No,Yes,No
아이언 문패,4752,iron doorplate,https://acnhcdn.com/latest/FtrIcon/FtrDoorOrnamentIron_Remake_3_0.png,NFS,1500,제작,,회색,회색,비매품,Yes,1x1 ,3_0,Silver,Color,NA,NA,1,Yes,No,Yes,No
아이언 문패,4752,iron doorplate,https://acnhcdn.com/latest/FtrIcon/FtrDoorOrnamentIron_Remake_4_0.png,NFS,1500,제작,,베이지색,베이지색,비매품,Yes,1x1 ,4_0,Ash brown,Color,NA,NA,1,Yes,No,Yes,No
아이언 문패,4752,iron doorplate,https://acnhcdn.com/latest/FtrIcon/FtrDoorOrnamentIron_Remake_5_0.png,NFS,1500,제작,,노란색,노란색,비매품,Yes,1x1 ,5_0,Gold,Color,NA,NA,1,Yes,No,Yes,No
아이언 문패,4752,iron doorplate,https://acnhcdn.com/latest/FtrIcon/FtrDoorOrnamentIron_Remake_6_0.png,NFS,1500,제작,,주황색,주황색,비매품,Yes,1x1 ,6_0,Pink,Color,NA,NA,1,Yes,No,Yes,No
아이언 문패,4752,iron doorplate,https://acnhcdn.com/latest/FtrIcon/FtrDoorOrnamentIron_Remake_7_0.png,NFS,1500,제작,,갈색,갈색,비매품,Yes,1x1 ,7_0,Brown,Color,NA,NA,1,Yes,No,Yes,No
아이언 벽걸이 램프,3559,iron wall lamp,https://acnhcdn.com/latest/FtrIcon/FtrIronLampW_Remake_0_0.png,NFS,3400,제작,,검정색,검정색,비매품,Yes,1x1 ,0_0,Black,Body color,NA,NA,5,Yes,No,No,No
아이언 벽걸이 램프,3559,iron wall lamp,https://acnhcdn.com/latest/FtrIcon/FtrIronLampW_Remake_1_0.png,NFS,3400,제작,,하얀색,하얀색,비매품,Yes,1x1 ,1_0,White,Body color,NA,NA,5,Yes,No,No,No
아이언 벽걸이 선반,3562,iron wall rack,https://acnhcdn.com/latest/FtrIcon/FtrIronShelfW_Remake_0_0.png,NFS,2450,제작,,검정색,회색,비매품,Yes,1x1 ,0_0,Black,Body color,NA,NA,4,Yes,No,No,No
아이언 벽걸이 선반,3562,iron wall rack,https://acnhcdn.com/latest/FtrIcon/FtrIronShelfW_Remake_1_0.png,NFS,2450,제작,,하얀색,회색,비매품,Yes,1x1 ,1_0,White,Body color,NA,NA,4,Yes,No,No,No
아이언우드 시계,3275,ironwood clock,https://acnhcdn.com/latest/FtrIcon/FtrIronwoodClockW_Remake_0_0.png,NFS,1740,제작,,베이지색,검정색,비매품,Yes,1x1 ,0_0,Birch,Lumber type,NA,NA,3,Yes,No,No,No
아이언우드 시계,3275,ironwood clock,https://acnhcdn.com/latest/FtrIcon/FtrIronwoodClockW_Remake_1_0.png,NFS,1740,제작,,주황색,검정색,비매품,Yes,1x1 ,1_0,Teak,Lumber type,NA,NA,3,Yes,No,No,No
아이언우드 시계,3275,ironwood clock,https://acnhcdn.com/latest/FtrIcon/FtrIronwoodClockW_Remake_2_0.png,NFS,1740,제작,,갈색,검정색,비매품,Yes,1x1 ,2_0,Walnut,Lumber type,NA,NA,3,Yes,No,No,No
아이언우드 시계,3275,ironwood clock,https://acnhcdn.com/latest/FtrIcon/FtrIronwoodClockW_Remake_3_0.png,NFS,1740,제작,,갈색,검정색,비매품,Yes,1x1 ,3_0,Old,Lumber type,NA,NA,3,Yes,No,No,No
아이언우드 시계,3275,ironwood clock,https://acnhcdn.com/latest/FtrIcon/FtrIronwoodClockW_Remake_4_0.png,NFS,1740,제작,,주황색,하얀색,비매품,Yes,1x1 ,4_0,Oak,Lumber type,NA,NA,3,Yes,No,No,No
열쇠 걸이,3992,key holder,https://acnhcdn.com/latest/FtrIcon/FtrKeyhanger_Remake_0_0.png,NFS,1110,제작,,갈색,갈색,비매품,Yes,1x1 ,0_0,Dark wood,Body color,NA,NA,2,Yes,No,No,No
열쇠 걸이,3992,key holder,https://acnhcdn.com/latest/FtrIcon/FtrKeyhanger_Remake_1_0.png,NFS,1110,제작,,베이지색,베이지색,비매품,Yes,1x1 ,1_0,Brown wood,Body color,NA,NA,2,Yes,No,No,No
열쇠 걸이,3992,key holder,https://acnhcdn.com/latest/FtrIcon/FtrKeyhanger_Remake_2_0.png,NFS,1110,제작,,하얀색,하얀색,비매품,Yes,1x1 ,2_0,White,Body color,NA,NA,2,Yes,No,No,No
열쇠 걸이,3992,key holder,https://acnhcdn.com/latest/FtrIcon/FtrKeyhanger_Remake_3_0.png,NFS,1110,제작,,검정색,검정색,비매품,Yes,1x1 ,3_0,Black,Body color,NA,NA,2,Yes,No,No,No
사자자리 벽걸이 장식,5964,Leo sculpture,https://acnhcdn.com/latest/FtrIcon/FtrZodiacLeo.png,NFS,21975,제작,,하얀색,노란색,비매품,Yes,1x1 ,NA,NA,NA,NA,NA,NA,No,No,No,No
스위치,3471,light switch,https://acnhcdn.com/latest/FtrIcon/FtrSwitchWall_Remake_0_0.png,340,85,너굴 상점,증축 후 너굴상점의 일반 가구 영역,회색,검정색,구매가능,No,1x1 ,0_0,Gray,NA,NA,NA,NA,No,No,No,No
스위치,3471,light switch,https://acnhcdn.com/latest/FtrIcon/FtrSwitchWall_Remake_1_0.png,340,85,너굴 상점,증축 후 너굴상점의 일반 가구 영역,갈색,회색,구매가능,No,1x1 ,1_0,Brown,NA,NA,NA,NA,No,No,No,No
스위치,3471,light switch,https://acnhcdn.com/latest/FtrIcon/FtrSwitchWall_Remake_2_0.png,340,85,너굴 상점,증축 후 너굴상점의 일반 가구 영역,하얀색,하얀색,구매가능,No,1x1 ,2_0,White,NA,NA,NA,NA,No,No,No,No
스위치,3471,light switch,https://acnhcdn.com/latest/FtrIcon/FtrSwitchWall_Remake_3_0.png,340,85,너굴 상점,증축 후 너굴상점의 일반 가구 영역,갈색,하얀색,구매가능,No,1x1 ,3_0,Wood grain,NA,NA,NA,NA,No,No,No,No
백합 리스,5641,lily wreath,https://acnhcdn.com/latest/FtrIcon/FtrDoorOrnamentWreathYuri.png,NFS,720,제작,,빨간색,노란색,비매품,Yes,1x1 ,NA,NA,NA,NA,NA,NA,No,No,Yes,No
통나무 벽시계,4037,log wall-mounted clock,https://acnhcdn.com/latest/FtrIcon/FtrLogClockWall_Remake_0_0.png,NFS,990,제작,,갈색,베이지색,비매품,Yes,1x1 ,0_0,Dark wood,Lumber type,NA,NA,2,Yes,No,No,No
통나무 벽시계,4037,log wall-mounted clock,https://acnhcdn.com/latest/FtrIcon/FtrLogClockWall_Remake_1_0.png,NFS,990,제작,,주황색,베이지색,비매품,Yes,1x1 ,1_0,Orange wood,Lumber type,NA,NA,2,Yes,No,No,No
통나무 벽시계,4037,log wall-mounted clock,https://acnhcdn.com/latest/FtrIcon/FtrLogClockWall_Remake_2_0.png,NFS,990,제작,,베이지색,베이지색,비매품,Yes,1x1 ,2_0,White wood,Lumber type,NA,NA,2,Yes,No,No,No
통나무 벽시계,4037,log wall-mounted clock,https://acnhcdn.com/latest/FtrIcon/FtrLogClockWall_Remake_3_0.png,NFS,990,제작,,하얀색,베이지색,비매품,Yes,1x1 ,3_0,White birch,Lumber type,NA,NA,2,Yes,No,No,No
마크라메 태피스트리,4119,macrame tapestry,https://acnhcdn.com/latest/FtrIcon/FtrMacrametapestry_Remake_0_0.png,840,210,너굴 상점,증축 전#후 너굴상점의 가구 영역,베이지색,베이지색,구매가능,No,1x1.5 ,0_0,White,NA,NA,NA,NA,No,No,No,No
마크라메 태피스트리,4119,macrame tapestry,https://acnhcdn.com/latest/FtrIcon/FtrMacrametapestry_Remake_1_0.png,840,210,너굴 상점,증축 전#후 너굴상점의 가구 영역,초록색,초록색,구매가능,No,1x1.5 ,1_0,Green,NA,NA,NA,NA,No,No,No,No
마크라메 태피스트리,4119,macrame tapestry,https://acnhcdn.com/latest/FtrIcon/FtrMacrametapestry_Remake_2_0.png,840,210,너굴 상점,증축 전#후 너굴상점의 가구 영역,베이지색,분홍색,구매가능,No,1x1.5 ,2_0,Pink,NA,NA,NA,NA,No,No,No,No
마크라메 태피스트리,4119,macrame tapestry,https://acnhcdn.com/latest/FtrIcon/FtrMacrametapestry_Remake_3_0.png,840,210,너굴 상점,증축 전#후 너굴상점의 가구 영역,베이지색,하늘색,구매가능,No,1x1.5 ,3_0,Blue,NA,NA,NA,NA,No,No,No,No
자석 칼 걸이,4118,magnetic knife rack,https://acnhcdn.com/latest/FtrIcon/FtrKniferackWall_Remake_0_0.png,1400,350,너굴 상점,증축 전#후 너굴상점의 가구 영역,회색,검정색,구매가능,No,1x1 ,0_0,Stainless steel,NA,NA,NA,NA,No,No,No,No
자석 칼 걸이,4118,magnetic knife rack,https://acnhcdn.com/latest/FtrIcon/FtrKniferackWall_Remake_1_0.png,1400,350,너굴 상점,증축 전#후 너굴상점의 가구 영역,베이지색,갈색,구매가능,No,1x1 ,1_0,Wooden,NA,NA,NA,NA,No,No,No,No
자석 칼 걸이,4118,magnetic knife rack,https://acnhcdn.com/latest/FtrIcon/FtrKniferackWall_Remake_2_0.png,1400,350,너굴 상점,증축 전#후 너굴상점의 가구 영역,주황색,컬러풀,구매가능,No,1x1 ,2_0,Pop,NA,NA,NA,NA,No,No,No,No
사마귀 머리 벽장식,11098,mantis-head model,https://acnhcdn.com/latest/FtrIcon/FtrInsectKamakiriFace.png,1500,375,너굴 상점,증축 후 너굴상점의 일반 가구 영역,초록색,초록색,구매가능,No,1x1 ,NA,NA,NA,NA,NA,NA,No,No,No,No
유아용 모빌,9565,mobile,https://acnhcdn.com/latest/FtrIcon/FtrMobile_Remake_0_0.png,780,195,너굴 상점,증축 전#후 너굴상점의 가구 영역,컬러풀,컬러풀,구매가능,No,1x1.5 ,0_0,Hot air balloons,NA,NA,NA,NA,No,No,No,No
유아용 모빌,9565,mobile,https://acnhcdn.com/latest/FtrIcon/FtrMobile_Remake_1_0.png,780,195,너굴 상점,증축 전#후 너굴상점의 가구 영역,컬러풀,컬러풀,구매가능,No,1x1.5 ,1_0,Sheep,NA,NA,NA,NA,No,No,No,No
유아용 모빌,9565,mobile,https://acnhcdn.com/latest/FtrIcon/FtrMobile_Remake_2_0.png,780,195,너굴 상점,증축 전#후 너굴상점의 가구 영역,컬러풀,컬러풀,구매가능,No,1x1.5 ,2_0,Ocean creatures,NA,NA,NA,NA,No,No,No,No
유아용 모빌,9565,mobile,https://acnhcdn.com/latest/FtrIcon/FtrMobile_Remake_3_0.png,780,195,너굴 상점,증축 전#후 너굴상점의 가구 영역,컬러풀,컬러풀,구매가능,No,1x1.5 ,3_0,Space,NA,NA,NA,NA,No,No,No,No
유아용 모빌,9565,mobile,https://acnhcdn.com/latest/FtrIcon/FtrMobile_Remake_4_0.png,780,195,너굴 상점,증축 전#후 너굴상점의 가구 영역,주황색,회색,구매가능,No,1x1.5 ,4_0,Gorgeous,NA,NA,NA,NA,No,No,No,No
엄마의 아트,7139,Mom's art,https://acnhcdn.com/latest/FtrIcon/FtrMomArt_Remake_0_0.png,NFS,88,엄마,,컬러풀,갈색,비매품,No,1x1 ,0_0,Still Life,Art,NA,NA,NA,Yes,No,No,No
엄마의 아트,7139,Mom's art,https://acnhcdn.com/latest/FtrIcon/FtrMomArt_Remake_1_0.png,NFS,88,엄마,,컬러풀,베이지색,비매품,No,1x1 ,1_0,Street with Trees,Art,NA,NA,NA,Yes,No,No,No
엄마의 아트,7139,Mom's art,https://acnhcdn.com/latest/FtrIcon/FtrMomArt_Remake_2_0.png,NFS,88,엄마,,하얀색,검정색,비매품,No,1x1 ,2_0,Nostalgia,Art,NA,NA,NA,Yes,No,No,No
엄마의 아트,7139,Mom's art,https://acnhcdn.com/latest/FtrIcon/FtrMomArt_Remake_3_0.png,NFS,88,엄마,,컬러풀,노란색,비매품,No,1x1 ,3_0,Angel,Art,NA,NA,NA,Yes,No,No,No
엄마의 아트,7139,Mom's art,https://acnhcdn.com/latest/FtrIcon/FtrMomArt_Remake_4_0.png,NFS,88,엄마,,컬러풀,노란색,비매품,No,1x1 ,4_0,Sweet Roses,Art,NA,NA,NA,Yes,No,No,No
엄마의 아트,7139,Mom's art,https://acnhcdn.com/latest/FtrIcon/FtrMomArt_Remake_5_0.png,NFS,88,엄마,,컬러풀,하얀색,비매품,No,1x1 ,5_0,Field of Flowers,Art,NA,NA,NA,Yes,No,No,No
엄마의 아트,7139,Mom's art,https://acnhcdn.com/latest/FtrIcon/FtrMomArt_Remake_6_0.png,NFS,88,엄마,,컬러풀,노란색,비매품,No,1x1 ,6_0,Dog,Art,NA,NA,NA,Yes,No,No,No
엄마의 아트,7139,Mom's art,https://acnhcdn.com/latest/FtrIcon/FtrMomArt_Remake_7_0.png,NFS,88,엄마,,컬러풀,하얀색,비매품,No,1x1 ,7_0,Blooming,Art,NA,NA,NA,Yes,No,No,No
엄마의 자수 장식,7145,Mom's embroidery,https://acnhcdn.com/latest/FtrIcon/FtrMomEmbroidery_Remake_0_0.png,NFS,88,엄마,,컬러풀,노란색,비매품,No,1x1 ,0_0,Flowers,Design,NA,NA,NA,Yes,No,No,No
엄마의 자수 장식,7145,Mom's embroidery,https://acnhcdn.com/latest/FtrIcon/FtrMomEmbroidery_Remake_1_0.png,NFS,88,엄마,,컬러풀,주황색,비매품,No,1x1 ,1_0,Bird,Design,NA,NA,NA,Yes,No,No,No
엄마의 자수 장식,7145,Mom's embroidery,https://acnhcdn.com/latest/FtrIcon/FtrMomEmbroidery_Remake_2_0.png,NFS,88,엄마,,컬러풀,갈색,비매품,No,1x1 ,2_0,Bouquet,Design,NA,NA,NA,Yes,No,No,No
엄마의 자수 장식,7145,Mom's embroidery,https://acnhcdn.com/latest/FtrIcon/FtrMomEmbroidery_Remake_3_0.png,NFS,88,엄마,,컬러풀,분홍색,비매품,No,1x1 ,3_0,Girl,Design,NA,NA,NA,Yes,No,No,No
엄마의 자수 장식,7145,Mom's embroidery,https://acnhcdn.com/latest/FtrIcon/FtrMomEmbroidery_Remake_4_0.png,NFS,88,엄마,,컬러풀,초록색,비매품,No,1x1 ,4_0,Fairy tale,Design,NA,NA,NA,Yes,No,No,No
엄마의 자수 장식,7145,Mom's embroidery,https://acnhcdn.com/latest/FtrIcon/FtrMomEmbroidery_Remake_5_0.png,NFS,88,엄마,,컬러풀,갈색,비매품,No,1x1 ,5_0,Trees,Design,NA,NA,NA,Yes,No,No,No
큰입배스 벽장식,11127,mounted black bass,https://acnhcdn.com/latest/FtrIcon/FtrFishBlackbassWall.png,1300,325,너굴 상점,증축 후 너굴상점의 일반 가구 영역,초록색,베이지색,구매가능,No,1x0.5 ,NA,NA,NA,NA,NA,NA,No,No,No,No
청새치 벽장식,11128,mounted blue marlin,https://acnhcdn.com/latest/FtrIcon/FtrFishKajikiWall.png,5000,1250,너굴 상점,증축 후 너굴상점의 일반 가구 영역,파란색,회색,구매가능,No,2x1 ,NA,NA,NA,NA,NA,NA,No,No,No,No
국화 리스,5467,mum wreath,https://acnhcdn.com/latest/FtrIcon/FtrDoorOrnamentWreathMum.png,NFS,720,제작,,노란색,하얀색,비매품,Yes,1x1 ,NA,NA,NA,NA,NA,NA,No,No,Yes,No
버섯 리스,4726,mushroom wreath,https://acnhcdn.com/latest/FtrIcon/FtrDoorOrnamentWreathMushroom.png,NFS,1500,제작,,베이지색,갈색,비매품,Yes,1x1,NA,NA,NA,NA,NA,NA,No,No,Yes,No
내추럴 국화 리스,5768,natural mum wreath,https://acnhcdn.com/latest/FtrIcon/FtrDoorOrnamentWreathMumRare.png,NFS,4800,제작,,초록색,초록색,비매품,Yes,1x1 ,NA,NA,NA,NA,NA,NA,No,No,Yes,No
오렌지 벽시계,3976,orange wall-mounted clock,https://acnhcdn.com/latest/FtrIcon/FtrFruitsClockW_Remake_0_0.png,NFS,2240,제작,,주황색,주황색,비매품,Yes,1x1 ,0_0,Orange,Fruit type,NA,NA,3,Yes,No,No,No
오렌지 벽시계,3976,orange wall-mounted clock,https://acnhcdn.com/latest/FtrIcon/FtrFruitsClockW_Remake_1_0.png,NFS,2240,제작,,빨간색,빨간색,비매품,Yes,1x1 ,1_0,Blood orange,Fruit type,NA,NA,3,Yes,No,No,No
오너먼트 모빌,6818,ornament mobile,https://acnhcdn.com/latest/FtrIcon/FtrOrnamentMobile_Remake_0_0.png,NFS,340,제작,,컬러풀,갈색,비매품,Yes,1x1 ,0_0,Colorful,Color,NA,NA,1,Yes,No,No,No
오너먼트 모빌,6818,ornament mobile,https://acnhcdn.com/latest/FtrIcon/FtrOrnamentMobile_Remake_1_0.png,NFS,340,제작,,파란색,회색,비매품,Yes,1x1 ,1_0,Blue,Color,NA,NA,1,Yes,No,No,No
오너먼트 모빌,6818,ornament mobile,https://acnhcdn.com/latest/FtrIcon/FtrOrnamentMobile_Remake_2_0.png,NFS,340,제작,,빨간색,하얀색,비매품,Yes,1x1 ,2_0,Red,Color,NA,NA,1,Yes,No,No,No
오너먼트 모빌,6818,ornament mobile,https://acnhcdn.com/latest/FtrIcon/FtrOrnamentMobile_Remake_3_0.png,NFS,340,제작,,분홍색,분홍색,비매품,Yes,1x1 ,3_0,Pink,Color,NA,NA,1,Yes,No,No,No
오너먼트 모빌,6818,ornament mobile,https://acnhcdn.com/latest/FtrIcon/FtrOrnamentMobile_Remake_4_0.png,NFS,340,제작,,노란색,갈색,비매품,Yes,1x1 ,4_0,Gold,Color,NA,NA,1,Yes,No,No,No
오너먼트 모빌,6818,ornament mobile,https://acnhcdn.com/latest/FtrIcon/FtrOrnamentMobile_Remake_5_0.png,NFS,340,제작,,하얀색,회색,비매품,Yes,1x1 ,5_0,White,Color,NA,NA,1,Yes,No,No,No
오너먼트 리스,4377,ornament wreath,https://acnhcdn.com/latest/FtrIcon/FtrDoorOrnamentWreathOrnament_Remake_0_0.png,NFS,800,제작,,하늘색,파란색,비매품,Yes,1x1 ,0_0,Blue,Color,NA,NA,1,Yes,No,Yes,No
오너먼트 리스,4377,ornament wreath,https://acnhcdn.com/latest/FtrIcon/FtrDoorOrnamentWreathOrnament_Remake_1_0.png,NFS,800,제작,,노란색,주황색,비매품,Yes,1x1 ,1_0,Gold,Color,NA,NA,1,Yes,No,Yes,No
오너먼트 리스,4377,ornament wreath,https://acnhcdn.com/latest/FtrIcon/FtrDoorOrnamentWreathOrnament_Remake_2_0.png,NFS,800,제작,,회색,하얀색,비매품,Yes,1x1 ,2_0,Silver,Color,NA,NA,1,Yes,No,Yes,No
오너먼트 리스,4377,ornament wreath,https://acnhcdn.com/latest/FtrIcon/FtrDoorOrnamentWreathOrnament_Remake_3_0.png,NFS,800,제작,,초록색,노란색,비매품,Yes,1x1 ,3_0,Green,Color,NA,NA,1,Yes,No,Yes,No
오너먼트 리스,4377,ornament wreath,https://acnhcdn.com/latest/FtrIcon/FtrDoorOrnamentWreathOrnament_Remake_4_0.png,NFS,800,제작,,빨간색,노란색,비매품,Yes,1x1 ,4_0,Red,Color,NA,NA,1,Yes,No,Yes,No
오너먼트 리스,4377,ornament wreath,https://acnhcdn.com/latest/FtrIcon/FtrDoorOrnamentWreathOrnament_Remake_5_0.png,NFS,800,제작,,초록색,회색,비매품,Yes,1x1 ,5_0,Light green,Color,NA,NA,1,Yes,No,Yes,No
오너먼트 리스,4377,ornament wreath,https://acnhcdn.com/latest/FtrIcon/FtrDoorOrnamentWreathOrnament_Remake_6_0.png,NFS,800,제작,,분홍색,보라색,비매품,Yes,1x1 ,6_0,Pink,Color,NA,NA,1,Yes,No,Yes,No
오너먼트 리스,4377,ornament wreath,https://acnhcdn.com/latest/FtrIcon/FtrDoorOrnamentWreathOrnament_Remake_7_0.png,NFS,800,제작,,보라색,회색,비매품,Yes,1x1 ,7_0,Purple,Color,NA,NA,1,Yes,No,Yes,No
팬지 리스,5466,pansy wreath,https://acnhcdn.com/latest/FtrIcon/FtrDoorOrnamentWreathPansy.png,NFS,720,제작,,빨간색,노란색,비매품,Yes,1x1 ,NA,NA,NA,NA,NA,NA,No,No,Yes,No
파티 가랜드,4077,party garland,https://acnhcdn.com/latest/FtrIcon/FtrPartydecorationWall_Remake_0_0.png,650,162,너굴 상점,증축 전#후 너굴상점의 가구 영역,컬러풀,컬러풀,구매가능,No,2x1 ,0_0,Colorful,NA,NA,NA,NA,No,No,No,No
파티 가랜드,4077,party garland,https://acnhcdn.com/latest/FtrIcon/FtrPartydecorationWall_Remake_1_0.png,650,162,너굴 상점,증축 전#후 너굴상점의 가구 영역,컬러풀,컬러풀,구매가능,No,2x1 ,1_0,Pastel,NA,NA,NA,NA,No,No,No,No
파티 가랜드,4077,party garland,https://acnhcdn.com/latest/FtrIcon/FtrPartydecorationWall_Remake_2_0.png,650,162,너굴 상점,증축 전#후 너굴상점의 가구 영역,하늘색,하얀색,구매가능,No,2x1 ,2_0,Boating stripes,NA,NA,NA,NA,No,No,No,No
파티 가랜드,4077,party garland,https://acnhcdn.com/latest/FtrIcon/FtrPartydecorationWall_Remake_3_0.png,650,162,너굴 상점,증축 전#후 너굴상점의 가구 영역,주황색,검정색,구매가능,No,2x1 ,3_0,Orange & black,NA,NA,NA,NA,No,No,No,No
파티 가랜드,4077,party garland,https://acnhcdn.com/latest/FtrIcon/FtrPartydecorationWall_Remake_4_0.png,650,162,너굴 상점,증축 전#후 너굴상점의 가구 영역,초록색,빨간색,구매가능,No,2x1 ,4_0,Pop,NA,NA,NA,NA,No,No,No,No
파티 가랜드,4077,party garland,https://acnhcdn.com/latest/FtrIcon/FtrPartydecorationWall_Remake_5_0.png,650,162,너굴 상점,증축 전#후 너굴상점의 가구 영역,검정색,갈색,구매가능,No,2x1 ,5_0,Gorgeous,NA,NA,NA,NA,No,No,No,No
발바닥 문패,5716,paw-print doorplate,https://acnhcdn.com/latest/FtrIcon/FtrDoorOrnamentPaw_Remake_0_0.png,NFS,360,제작,,베이지색,갈색,비매품,Yes,1x1 ,0_0,Light wood,Color,NA,NA,1,Yes,No,Yes,No
발바닥 문패,5716,paw-print doorplate,https://acnhcdn.com/latest/FtrIcon/FtrDoorOrnamentPaw_Remake_1_0.png,NFS,360,제작,,하늘색,주황색,비매품,Yes,1x1 ,1_0,Light blue,Color,NA,NA,1,Yes,No,Yes,No
발바닥 문패,5716,paw-print doorplate,https://acnhcdn.com/latest/FtrIcon/FtrDoorOrnamentPaw_Remake_2_0.png,NFS,360,제작,,검정색,베이지색,비매품,Yes,1x1 ,2_0,Dark gray,Color,NA,NA,1,Yes,No,Yes,No
발바닥 문패,5716,paw-print doorplate,https://acnhcdn.com/latest/FtrIcon/FtrDoorOrnamentPaw_Remake_3_0.png,NFS,360,제작,,주황색,베이지색,비매품,Yes,1x1 ,3_0,Natural wood,Color,NA,NA,1,Yes,No,Yes,No
발바닥 문패,5716,paw-print doorplate,https://acnhcdn.com/latest/FtrIcon/FtrDoorOrnamentPaw_Remake_4_0.png,NFS,360,제작,,갈색,베이지색,비매품,Yes,1x1 ,4_0,Dark brown,Color,NA,NA,1,Yes,No,Yes,No
발바닥 문패,5716,paw-print doorplate,https://acnhcdn.com/latest/FtrIcon/FtrDoorOrnamentPaw_Remake_5_0.png,NFS,360,제작,,하얀색,주황색,비매품,Yes,1x1 ,5_0,White,Color,NA,NA,1,Yes,No,Yes,No
발바닥 문패,5716,paw-print doorplate,https://acnhcdn.com/latest/FtrIcon/FtrDoorOrnamentPaw_Remake_6_0.png,NFS,360,제작,,하늘색,파란색,비매품,Yes,1x1 ,6_0,Blue,Color,NA,NA,1,Yes,No,Yes,No
발바닥 문패,5716,paw-print doorplate,https://acnhcdn.com/latest/FtrIcon/FtrDoorOrnamentPaw_Remake_7_0.png,NFS,360,제작,,분홍색,갈색,비매품,Yes,1x1 ,7_0,Pink,Color,NA,NA,1,Yes,No,Yes,No
괘종시계,4106,pendulum clock,https://acnhcdn.com/latest/FtrIcon/FtrClockPendulumWall.png,1900,475,너굴 상점,증축 전#후 너굴상점의 가구 영역,갈색,하얀색,구매가능,No,1x1 ,NA,NA,NA,NA,NA,NA,No,No,No,No
페넌트,3818,pennant,https://acnhcdn.com/latest/FtrIcon/FtrPennant_Remake_0_0.png,1300,325,너굴 상점,증축 후 너굴상점의 일반 가구 영역,주황색,파란색,구매가능,No,2x1 ,0_0,Sports,NA,NA,NA,NA,No,No,No,No
페넌트,3818,pennant,https://acnhcdn.com/latest/FtrIcon/FtrPennant_Remake_1_0.png,1300,325,너굴 상점,증축 후 너굴상점의 일반 가구 영역,베이지색,빨간색,구매가능,No,2x1 ,1_0,University,NA,NA,NA,NA,No,No,No,No
페넌트,3818,pennant,https://acnhcdn.com/latest/FtrIcon/FtrPennant_Remake_2_0.png,1300,325,너굴 상점,증축 후 너굴상점의 일반 가구 영역,초록색,하얀색,구매가능,No,2x1 ,2_0,Classic,NA,NA,NA,NA,No,No,No,No
페넌트,3818,pennant,https://acnhcdn.com/latest/FtrIcon/FtrPennant_Remake_3_0.png,1300,325,너굴 상점,증축 후 너굴상점의 일반 가구 영역,파란색,하얀색,구매가능,No,2x1 ,3_0,Sponsor,NA,NA,NA,NA,No,No,No,No
페넌트,3818,pennant,https://acnhcdn.com/latest/FtrIcon/FtrPennant_Remake_4_0.png,1300,325,너굴 상점,증축 후 너굴상점의 일반 가구 영역,컬러풀,노란색,구매가능,No,2x1 ,4_0,Souvenir,NA,NA,NA,NA,No,No,No,No
주방 도구 걸이,928,pot rack,https://acnhcdn.com/latest/FtrIcon/FtrPotrack_Remake_0_0.png,3000,750,너굴 상점,증축 전#후 너굴상점의 가구 영역,갈색,하얀색,구매가능,No,2x1 ,0_0,Wooden,NA,NA,NA,NA,No,No,No,No
주방 도구 걸이,928,pot rack,https://acnhcdn.com/latest/FtrIcon/FtrPotrack_Remake_1_0.png,3000,750,너굴 상점,증축 전#후 너굴상점의 가구 영역,회색,회색,구매가능,No,2x1 ,1_0,Stainless steel,NA,NA,NA,NA,No,No,No,No
주방 도구 걸이,928,pot rack,https://acnhcdn.com/latest/FtrIcon/FtrPotrack_Remake_2_0.png,3000,750,너굴 상점,증축 전#후 너굴상점의 가구 영역,노란색,주황색,구매가능,No,2x1 ,2_0,Pop,NA,NA,NA,NA,No,No,No,No
벽걸이 식물,3785,potted ivy,https://acnhcdn.com/latest/FtrIcon/FtrLeafWall_Remake_0_0.png,NFS,1100,제작,,초록색,회색,비매품,Yes,1x1 ,0_0,Light green,Color,NA,NA,2,Yes,No,No,No
벽걸이 식물,3785,potted ivy,https://acnhcdn.com/latest/FtrIcon/FtrLeafWall_Remake_1_0.png,NFS,1100,제작,,노란색,갈색,비매품,Yes,1x1 ,1_0,Yellow,Color,NA,NA,2,Yes,No,No,No
벽걸이 식물,3785,potted ivy,https://acnhcdn.com/latest/FtrIcon/FtrLeafWall_Remake_2_0.png,NFS,1100,제작,,빨간색,검정색,비매품,Yes,1x1 ,2_0,Red,Color,NA,NA,2,Yes,No,No,No
벽걸이 식물,3785,potted ivy,https://acnhcdn.com/latest/FtrIcon/FtrLeafWall_Remake_3_0.png,NFS,1100,제작,,초록색,파란색,비매품,Yes,1x1 ,3_0,Green,Color,NA,NA,2,Yes,No,No,No
큐트 코스모스 리스,5745,pretty cosmos wreath,https://acnhcdn.com/latest/FtrIcon/FtrDoorOrnamentWreathCosmosMix.png,NFS,1200,제작,,분홍색,주황색,비매품,Yes,1x1 ,NA,NA,NA,NA,NA,NA,No,No,Yes,No
큐트 튤립 리스,5751,pretty tulip wreath,https://acnhcdn.com/latest/FtrIcon/FtrDoorOrnamentWreathTulipMix.png,NFS,2400,제작,,분홍색,주황색,비매품,Yes,1x1 ,NA,NA,NA,NA,NA,NA,No,No,Yes,No
보라색 히아신스 리스,5769,purple hyacinth wreath,https://acnhcdn.com/latest/FtrIcon/FtrDoorOrnamentWreathHyacinthRare.png,NFS,4800,제작,,보라색,보라색,비매품,Yes,1x1 ,NA,NA,NA,NA,NA,NA,No,No,Yes,No
라디에이터,4028,retro radiator,https://acnhcdn.com/latest/FtrIcon/FtrCentralheating.png,1300,325,너굴 상점,증축 후 너굴상점의 일반 가구 영역,하얀색,하얀색,구매가능,No,1x1 ,NA,NA,NA,NA,NA,NA,No,No,No,No
장미 리스,5437,rose wreath,https://acnhcdn.com/latest/FtrIcon/FtrDoorOrnamentWreathRose.png,NFS,720,제작,,빨간색,노란색,비매품,Yes,1x1 ,NA,NA,NA,NA,NA,NA,No,No,Yes,No
사수자리 활,5958,Sagittarius arrow,https://acnhcdn.com/latest/FtrIcon/FtrZodiacSagittarius.png,NFS,21750,제작,,갈색,노란색,비매품,Yes,1x1 ,NA,NA,NA,NA,NA,NA,No,No,No,No
조개껍데기 리스,4376,shell wreath,https://acnhcdn.com/latest/FtrIcon/FtrDoorOrnamentWreathShell.png,NFS,4720,제작,,하얀색,베이지색,비매품,Yes,1x1 ,NA,NA,NA,NA,NA,NA,No,No,Yes,No
샤워 세트,4017,shower set,https://acnhcdn.com/latest/FtrIcon/FtrShowerWall_Remake_0_0.png,1800,450,너굴 상점,증축 후 너굴상점의 일반 가구 영역,회색,검정색,구매가능,No,1x1.5 ,0_0,Silver,NA,NA,NA,NA,No,No,No,No
샤워 세트,4017,shower set,https://acnhcdn.com/latest/FtrIcon/FtrShowerWall_Remake_1_0.png,1800,450,너굴 상점,증축 후 너굴상점의 일반 가구 영역,노란색,노란색,구매가능,No,1x1.5 ,1_0,Gold,NA,NA,NA,NA,No,No,No,No
샤워 세트,4017,shower set,https://acnhcdn.com/latest/FtrIcon/FtrShowerWall_Remake_2_0.png,1800,450,너굴 상점,증축 후 너굴상점의 일반 가구 영역,갈색,갈색,구매가능,No,1x1.5 ,2_0,Copper,NA,NA,NA,NA,No,No,No,No
샤워 세트,4017,shower set,https://acnhcdn.com/latest/FtrIcon/FtrShowerWall_Remake_3_0.png,1800,450,너굴 상점,증축 후 너굴상점의 일반 가구 영역,검정색,검정색,구매가능,No,1x1.5 ,3_0,Black,NA,NA,NA,NA,No,No,No,No
아카데미 은 상패,7036,silver HHA plaque,https://acnhcdn.com/latest/FtrIcon/FtrShieldHhaSilver.png,NFS,425,해피 홈 아카데미,,갈색,회색,비매품,No,1x1 ,NA,NA,NA,NA,NA,NA,No,No,No,No
해골 문패,4738,skull doorplate,https://acnhcdn.com/latest/FtrIcon/FtrDoorPlateSkull_Remake_0_0.png,540,135,너굴 상점,증축 전#후 너굴상점의 가구 영역,베이지색,갈색,구매가능,No,1x1 ,0_0,Brown,NA,NA,NA,NA,No,No,Yes,No
해골 문패,4738,skull doorplate,https://acnhcdn.com/latest/FtrIcon/FtrDoorPlateSkull_Remake_1_0.png,540,135,너굴 상점,증축 전#후 너굴상점의 가구 영역,하얀색,빨간색,구매가능,No,1x1 ,1_0,White,NA,NA,NA,NA,No,No,Yes,No
팝 팬지 리스,5748,snazzy pansy wreath,https://acnhcdn.com/latest/FtrIcon/FtrDoorOrnamentWreathPansyMix.png,NFS,1200,제작,,빨간색,파란색,비매품,Yes,1x1 ,NA,NA,NA,NA,NA,NA,No,No,Yes,No
눈의 결정 리스,4375,snowflake wreath,https://acnhcdn.com/latest/FtrIcon/FtrDoorOrnamentWreathIce.png,NFS,1600,제작,,하늘색,하얀색,비매품,Yes,1x1 ,NA,NA,NA,NA,NA,NA,No,No,Yes,No
거미 문패,5310,spider doorplate,https://acnhcdn.com/latest/FtrIcon/FtrDoorOrnamentPlateInsect_Remake_0_0.png,360,90,곤충채집대회,,검정색,초록색,비매품,No,1x1 ,0_0,Black,Color,NA,NA,NA,Yes,No,Yes,No
거미 문패,5310,spider doorplate,https://acnhcdn.com/latest/FtrIcon/FtrDoorOrnamentPlateInsect_Remake_1_0.png,360,90,곤충채집대회,,노란색,보라색,비매품,No,1x1 ,1_0,Yellow,Color,NA,NA,NA,Yes,No,Yes,No
거미 문패,5310,spider doorplate,https://acnhcdn.com/latest/FtrIcon/FtrDoorOrnamentPlateInsect_Remake_2_0.png,360,90,곤충채집대회,,초록색,빨간색,비매품,No,1x1 ,2_0,Green,Color,NA,NA,NA,Yes,No,Yes,No
거미 문패,5310,spider doorplate,https://acnhcdn.com/latest/FtrIcon/FtrDoorOrnamentPlateInsect_Remake_3_0.png,360,90,곤충채집대회,,분홍색,하늘색,비매품,No,1x1 ,3_0,Pink,Color,NA,NA,NA,Yes,No,Yes,No
거미 문패,5310,spider doorplate,https://acnhcdn.com/latest/FtrIcon/FtrDoorOrnamentPlateInsect_Remake_4_0.png,360,90,곤충채집대회,,보라색,초록색,비매품,No,1x1 ,4_0,Purple,Color,NA,NA,NA,Yes,No,Yes,No
거미 문패,5310,spider doorplate,https://acnhcdn.com/latest/FtrIcon/FtrDoorOrnamentPlateInsect_Remake_5_0.png,360,90,곤충채집대회,,빨간색,파란색,비매품,No,1x1 ,5_0,Red,Color,NA,NA,NA,Yes,No,Yes,No
거미 문패,5310,spider doorplate,https://acnhcdn.com/latest/FtrIcon/FtrDoorOrnamentPlateInsect_Remake_6_0.png,360,90,곤충채집대회,,회색,보라색,비매품,No,1x1 ,6_0,Gray,Color,NA,NA,NA,Yes,No,Yes,No
거미 문패,5310,spider doorplate,https://acnhcdn.com/latest/FtrIcon/FtrDoorOrnamentPlateInsect_Remake_7_0.png,360,90,곤충채집대회,,파란색,빨간색,비매품,No,1x1 ,7_0,Blue,Color,NA,NA,NA,Yes,No,Yes,No
거미줄,3817,spider web,https://acnhcdn.com/latest/FtrIcon/FtrSpiderweb.png,NFS,25,곤충채집대회,,하얀색,하얀색,비매품,No,2x1 ,NA,NA,NA,NA,NA,NA,No,No,No,No
별 모양 가랜드,6827,starry garland,https://acnhcdn.com/latest/FtrIcon/FtrStarDecorationWall_Remake_0_0.png,NFS,5000,제작,,노란색,노란색,비매품,Yes,2x1 ,0_0,Yellow,Color,NA,NA,7,Yes,No,No,No
별 모양 가랜드,6827,starry garland,https://acnhcdn.com/latest/FtrIcon/FtrStarDecorationWall_Remake_1_0.png,NFS,5000,제작,,초록색,초록색,비매품,Yes,2x1 ,1_0,Green,Color,NA,NA,7,Yes,No,No,No
별 모양 가랜드,6827,starry garland,https://acnhcdn.com/latest/FtrIcon/FtrStarDecorationWall_Remake_2_0.png,NFS,5000,제작,,하늘색,하늘색,비매품,Yes,2x1 ,2_0,Blue,Color,NA,NA,7,Yes,No,No,No
별 모양 가랜드,6827,starry garland,https://acnhcdn.com/latest/FtrIcon/FtrStarDecorationWall_Remake_3_0.png,NFS,5000,제작,,보라색,보라색,비매품,Yes,2x1 ,3_0,Purple,Color,NA,NA,7,Yes,No,No,No
별 모양 가랜드,6827,starry garland,https://acnhcdn.com/latest/FtrIcon/FtrStarDecorationWall_Remake_4_0.png,NFS,5000,제작,,분홍색,분홍색,비매품,Yes,2x1 ,4_0,Pink,Color,NA,NA,7,Yes,No,No,No
별 모양 가랜드,6827,starry garland,https://acnhcdn.com/latest/FtrIcon/FtrStarDecorationWall_Remake_5_0.png,NFS,5000,제작,,주황색,주황색,비매품,Yes,2x1 ,5_0,Orange,Color,NA,NA,7,Yes,No,No,No
별 모양 가랜드,6827,starry garland,https://acnhcdn.com/latest/FtrIcon/FtrStarDecorationWall_Remake_6_0.png,NFS,5000,제작,,하얀색,하얀색,비매품,Yes,2x1 ,6_0,White,Color,NA,NA,7,Yes,No,No,No
벽걸이 스포트라이트,7190,studio wall spotlight,https://acnhcdn.com/latest/FtrIcon/FtrLampSpotWall_Remake_0_0.png,2300,575,너굴 상점,증축 후 너굴상점의 일반 가구 영역,검정색,하얀색,구매가능,No,1x1 ,0_0,White,NA,NA,NA,NA,No,No,No,No
벽걸이 스포트라이트,7190,studio wall spotlight,https://acnhcdn.com/latest/FtrIcon/FtrLampSpotWall_Remake_1_0.png,2300,575,너굴 상점,증축 후 너굴상점의 일반 가구 영역,검정색,노란색,구매가능,No,1x1 ,1_0,Yellow,NA,NA,NA,NA,No,No,No,No
벽걸이 스포트라이트,7190,studio wall spotlight,https://acnhcdn.com/latest/FtrIcon/FtrLampSpotWall_Remake_2_0.png,2300,575,너굴 상점,증축 후 너굴상점의 일반 가구 영역,검정색,주황색,구매가능,No,1x1 ,2_0,Orange,NA,NA,NA,NA,No,No,No,No
벽걸이 스포트라이트,7190,studio wall spotlight,https://acnhcdn.com/latest/FtrIcon/FtrLampSpotWall_Remake_3_0.png,2300,575,너굴 상점,증축 후 너굴상점의 일반 가구 영역,검정색,빨간색,구매가능,No,1x1 ,3_0,Red,NA,NA,NA,NA,No,No,No,No
벽걸이 스포트라이트,7190,studio wall spotlight,https://acnhcdn.com/latest/FtrIcon/FtrLampSpotWall_Remake_4_0.png,2300,575,너굴 상점,증축 후 너굴상점의 일반 가구 영역,검정색,분홍색,구매가능,No,1x1 ,4_0,Pink,NA,NA,NA,NA,No,No,No,No
벽걸이 스포트라이트,7190,studio wall spotlight,https://acnhcdn.com/latest/FtrIcon/FtrLampSpotWall_Remake_5_0.png,2300,575,너굴 상점,증축 후 너굴상점의 일반 가구 영역,검정색,보라색,구매가능,No,1x1 ,5_0,Purple,NA,NA,NA,NA,No,No,No,No
벽걸이 스포트라이트,7190,studio wall spotlight,https://acnhcdn.com/latest/FtrIcon/FtrLampSpotWall_Remake_6_0.png,2300,575,너굴 상점,증축 후 너굴상점의 일반 가구 영역,검정색,파란색,구매가능,No,1x1 ,6_0,Blue,NA,NA,NA,NA,No,No,No,No
벽걸이 스포트라이트,7190,studio wall spotlight,https://acnhcdn.com/latest/FtrIcon/FtrLampSpotWall_Remake_7_0.png,2300,575,너굴 상점,증축 후 너굴상점의 일반 가구 영역,검정색,초록색,구매가능,No,1x1 ,7_0,Green,NA,NA,NA,NA,No,No,No,No
감시 카메라,1165,surveillance camera,https://acnhcdn.com/latest/FtrIcon/FtrSurveillance.png,1000,250,너굴 상점,증축 후 너굴상점의 일반 가구 영역,하얀색,회색,구매가능,No,1x1 ,NA,NA,NA,NA,NA,NA,No,No,No,No
태피스트리,704,tapestry,https://acnhcdn.com/latest/FtrIcon/FtrTapestry_Remake_0_0.png,880,220,너굴 상점,증축 전#후 너굴상점의 가구 영역,빨간색,하늘색,구매가능,No,1x1.5 ,0_0,Geometric pattern,NA,NA,NA,NA,No,No,No,No
태피스트리,704,tapestry,https://acnhcdn.com/latest/FtrIcon/FtrTapestry_Remake_1_0.png,880,220,너굴 상점,증축 전#후 너굴상점의 가구 영역,초록색,하얀색,구매가능,No,1x1.5 ,1_0,Animal,NA,NA,NA,NA,No,No,No,No
태피스트리,704,tapestry,https://acnhcdn.com/latest/FtrIcon/FtrTapestry_Remake_2_0.png,880,220,너굴 상점,증축 전#후 너굴상점의 가구 영역,빨간색,초록색,구매가능,No,1x1.5 ,2_0,Floral,NA,NA,NA,NA,No,No,No,No
태피스트리,704,tapestry,https://acnhcdn.com/latest/FtrIcon/FtrTapestry_Remake_3_0.png,880,220,너굴 상점,증축 전#후 너굴상점의 가구 영역,하얀색,빨간색,구매가능,No,1x1.5 ,3_0,Fairy tale,NA,NA,NA,NA,No,No,No,No
태피스트리,704,tapestry,https://acnhcdn.com/latest/FtrIcon/FtrTapestry_Remake_4_0.png,880,220,너굴 상점,증축 전#후 너굴상점의 가구 영역,하얀색,갈색,구매가능,No,1x1.5 ,4_0,Bird,NA,NA,NA,NA,No,No,No,No
태피스트리,704,tapestry,https://acnhcdn.com/latest/FtrIcon/FtrTapestry_Remake_5_0.png,880,220,너굴 상점,증축 전#후 너굴상점의 가구 영역,파란색,하늘색,구매가능,No,1x1.5 ,5_0,Snow,NA,NA,NA,NA,No,No,No,No
TOY 벽시계,4756,throwback wall clock,https://acnhcdn.com/latest/FtrIcon/FtrBoyClockWall_Remake_0_0.png,4200,1050,너굴 상점,증축 후 너굴상점의 일반 가구 영역,노란색,빨간색,구매가능,No,2x1.5 ,0_0,Yellow,NA,NA,NA,NA,No,No,No,No
TOY 벽시계,4756,throwback wall clock,https://acnhcdn.com/latest/FtrIcon/FtrBoyClockWall_Remake_1_0.png,4200,1050,너굴 상점,증축 후 너굴상점의 일반 가구 영역,빨간색,파란색,구매가능,No,2x1.5 ,1_0,Red,NA,NA,NA,NA,No,No,No,No
TOY 벽시계,4756,throwback wall clock,https://acnhcdn.com/latest/FtrIcon/FtrBoyClockWall_Remake_2_0.png,4200,1050,너굴 상점,증축 후 너굴상점의 일반 가구 영역,초록색,노란색,구매가능,No,2x1.5 ,2_0,Green,NA,NA,NA,NA,No,No,No,No
TOY 벽시계,4756,throwback wall clock,https://acnhcdn.com/latest/FtrIcon/FtrBoyClockWall_Remake_3_0.png,4200,1050,너굴 상점,증축 후 너굴상점의 일반 가구 영역,파란색,초록색,구매가능,No,2x1.5 ,3_0,Blue,NA,NA,NA,NA,No,No,No,No
TOY 벽시계,4756,throwback wall clock,https://acnhcdn.com/latest/FtrIcon/FtrBoyClockWall_Remake_4_0.png,4200,1050,너굴 상점,증축 후 너굴상점의 일반 가구 영역,하얀색,분홍색,구매가능,No,2x1.5 ,4_0,White,NA,NA,NA,NA,No,No,No,No
TOY 벽시계,4756,throwback wall clock,https://acnhcdn.com/latest/FtrIcon/FtrBoyClockWall_Remake_5_0.png,4200,1050,너굴 상점,증축 후 너굴상점의 일반 가구 영역,회색,하얀색,구매가능,No,2x1.5 ,5_0,Gray,NA,NA,NA,NA,No,No,No,No
TOY 벽시계,4756,throwback wall clock,https://acnhcdn.com/latest/FtrIcon/FtrBoyClockWall_Remake_6_0.png,4200,1050,너굴 상점,증축 후 너굴상점의 일반 가구 영역,보라색,검정색,구매가능,No,2x1.5 ,6_0,Purple,NA,NA,NA,NA,No,No,No,No
통나무 문패,5718,timber doorplate,https://acnhcdn.com/latest/FtrIcon/FtrDoorOrnamentLog_Remake_0_0.png,NFS,400,제작,,베이지색,분홍색,비매품,Yes,1x1 ,0_0,Natural wood,Color,NA,NA,1,Yes,No,Yes,No
통나무 문패,5718,timber doorplate,https://acnhcdn.com/latest/FtrIcon/FtrDoorOrnamentLog_Remake_1_0.png,NFS,400,제작,,갈색,분홍색,비매품,Yes,1x1 ,1_0,Brown,Color,NA,NA,1,Yes,No,Yes,No
통나무 문패,5718,timber doorplate,https://acnhcdn.com/latest/FtrIcon/FtrDoorOrnamentLog_Remake_2_0.png,NFS,400,제작,,갈색,빨간색,비매품,Yes,1x1 ,2_0,Dark brown,Color,NA,NA,1,Yes,No,Yes,No
통나무 문패,5718,timber doorplate,https://acnhcdn.com/latest/FtrIcon/FtrDoorOrnamentLog_Remake_3_0.png,NFS,400,제작,,베이지색,노란색,비매품,Yes,1x1 ,3_0,Light brown,Color,NA,NA,1,Yes,No,Yes,No
통나무 문패,5718,timber doorplate,https://acnhcdn.com/latest/FtrIcon/FtrDoorOrnamentLog_Remake_4_0.png,NFS,400,제작,,베이지색,빨간색,비매품,Yes,1x1 ,4_0,Ash brown,Color,NA,NA,1,Yes,No,Yes,No
통나무 문패,5718,timber doorplate,https://acnhcdn.com/latest/FtrIcon/FtrDoorOrnamentLog_Remake_5_0.png,NFS,400,제작,,검정색,하얀색,비매품,Yes,1x1 ,5_0,Black,Color,NA,NA,1,Yes,No,Yes,No
통나무 문패,5718,timber doorplate,https://acnhcdn.com/latest/FtrIcon/FtrDoorOrnamentLog_Remake_6_0.png,NFS,400,제작,,파란색,파란색,비매품,Yes,1x1 ,6_0,Blue,Color,NA,NA,1,Yes,No,Yes,No
통나무 문패,5718,timber doorplate,https://acnhcdn.com/latest/FtrIcon/FtrDoorOrnamentLog_Remake_7_0.png,NFS,400,제작,,빨간색,분홍색,비매품,Yes,1x1 ,7_0,Pink,Color,NA,NA,1,Yes,No,Yes,No
나뭇가지 리스,4727,tree branch wreath,https://acnhcdn.com/latest/FtrIcon/FtrDoorOrnamentWreathBranch.png,NFS,100,제작,,갈색,갈색,비매품,Yes,1x1 ,NA,NA,NA,NA,NA,NA,No,No,Yes,No
나무 열매 모빌,6075,tree's bounty mobile,https://acnhcdn.com/latest/FtrIcon/FtrNutMobile_Remake_0_0.png,NFS,2030,제작,,갈색,주황색,비매품,Yes,1x1.5 ,0_0,Brown,Nut color,NA,NA,3,Yes,No,No,No
나무 열매 모빌,6075,tree's bounty mobile,https://acnhcdn.com/latest/FtrIcon/FtrNutMobile_Remake_1_0.png,NFS,2030,제작,,하얀색,노란색,비매품,Yes,1x1.5 ,1_0,White,Nut color,NA,NA,3,Yes,No,No,No
튤립 리스,5670,tulip wreath,https://acnhcdn.com/latest/FtrIcon/FtrDoorOrnamentWreathTulip.png,NFS,720,제작,,빨간색,노란색,비매품,Yes,1x1 ,NA,NA,NA,NA,NA,NA,No,No,Yes,No
환풍기,957,ventilation fan,https://acnhcdn.com/latest/FtrIcon/FtrExtractorfan_Remake_0_0.png,1200,300,너굴 상점,증축 전#후 너굴상점의 가구 영역,하얀색,하얀색,구매가능,No,1x1 ,0_0,White,NA,NA,NA,NA,No,No,No,No
환풍기,957,ventilation fan,https://acnhcdn.com/latest/FtrIcon/FtrExtractorfan_Remake_1_0.png,1200,300,너굴 상점,증축 전#후 너굴상점의 가구 영역,분홍색,하얀색,구매가능,No,1x1 ,1_0,Pink,NA,NA,NA,NA,No,No,No,No
환풍기,957,ventilation fan,https://acnhcdn.com/latest/FtrIcon/FtrExtractorfan_Remake_2_0.png,1200,300,너굴 상점,증축 전#후 너굴상점의 가구 영역,파란색,하얀색,구매가능,No,1x1 ,2_0,Blue,NA,NA,NA,NA,No,No,No,No
환풍기,957,ventilation fan,https://acnhcdn.com/latest/FtrIcon/FtrExtractorfan_Remake_3_0.png,1200,300,너굴 상점,증축 전#후 너굴상점의 가구 영역,초록색,하얀색,구매가능,No,1x1 ,3_0,Green,NA,NA,NA,NA,No,No,No,No
환풍기,957,ventilation fan,https://acnhcdn.com/latest/FtrIcon/FtrExtractorfan_Remake_4_0.png,1200,300,너굴 상점,증축 전#후 너굴상점의 가구 영역,주황색,하얀색,구매가능,No,1x1 ,4_0,Orange,NA,NA,NA,NA,No,No,No,No
벽시계,1744,wall clock,https://acnhcdn.com/latest/FtrIcon/FtrOfficeClock_Remake_0_0.png,690,172,너굴 상점,증축 전#후 너굴상점의 가구 영역,회색,하얀색,구매가능,No,1x1 ,0_0,Silver,NA,NA,NA,NA,No,No,No,No
벽시계,1744,wall clock,https://acnhcdn.com/latest/FtrIcon/FtrOfficeClock_Remake_1_0.png,690,172,너굴 상점,증축 전#후 너굴상점의 가구 영역,하얀색,하얀색,구매가능,No,1x1 ,1_0,White,NA,NA,NA,NA,No,No,No,No
벽시계,1744,wall clock,https://acnhcdn.com/latest/FtrIcon/FtrOfficeClock_Remake_2_0.png,690,172,너굴 상점,증축 전#후 너굴상점의 가구 영역,검정색,하얀색,구매가능,No,1x1 ,2_0,Black,NA,NA,NA,NA,No,No,No,No
벽시계,1744,wall clock,https://acnhcdn.com/latest/FtrIcon/FtrOfficeClock_Remake_3_0.png,690,172,너굴 상점,증축 전#후 너굴상점의 가구 영역,빨간색,하얀색,구매가능,No,1x1 ,3_0,Red,NA,NA,NA,NA,No,No,No,No
벽시계,1744,wall clock,https://acnhcdn.com/latest/FtrIcon/FtrOfficeClock_Remake_4_0.png,690,172,너굴 상점,증축 전#후 너굴상점의 가구 영역,파란색,하얀색,구매가능,No,1x1 ,4_0,Blue,NA,NA,NA,NA,No,No,No,No
벽걸이 선풍기,3431,wall fan,https://acnhcdn.com/latest/FtrIcon/FtrFanRetroWall_Remake_0_0.png,1400,350,너굴 상점,증축 후 너굴상점의 일반 가구 영역,초록색,초록색,구매가능,No,1x1 ,0_0,Green,NA,NA,NA,NA,No,No,No,No
벽걸이 선풍기,3431,wall fan,https://acnhcdn.com/latest/FtrIcon/FtrFanRetroWall_Remake_1_0.png,1400,350,너굴 상점,증축 후 너굴상점의 일반 가구 영역,하늘색,하얀색,구매가능,No,1x1 ,1_0,Blue,NA,NA,NA,NA,No,No,No,No
벽걸이 선풍기,3431,wall fan,https://acnhcdn.com/latest/FtrIcon/FtrFanRetroWall_Remake_2_0.png,1400,350,너굴 상점,증축 후 너굴상점의 일반 가구 영역,빨간색,빨간색,구매가능,No,1x1 ,2_0,Red,NA,NA,NA,NA,No,No,No,No
벽걸이 선풍기,3431,wall fan,https://acnhcdn.com/latest/FtrIcon/FtrFanRetroWall_Remake_3_0.png,1400,350,너굴 상점,증축 후 너굴상점의 일반 가구 영역,노란색,노란색,구매가능,No,1x1 ,3_0,Yellow,NA,NA,NA,NA,No,No,No,No
벽걸이 선풍기,3431,wall fan,https://acnhcdn.com/latest/FtrIcon/FtrFanRetroWall_Remake_4_0.png,1400,350,너굴 상점,증축 후 너굴상점의 일반 가구 영역,하얀색,하얀색,구매가능,No,1x1 ,4_0,White,NA,NA,NA,NA,No,No,No,No
벽걸이 선풍기,3431,wall fan,https://acnhcdn.com/latest/FtrIcon/FtrFanRetroWall_Remake_5_0.png,1400,350,너굴 상점,증축 후 너굴상점의 일반 가구 영역,검정색,갈색,구매가능,No,1x1 ,5_0,Black,NA,NA,NA,NA,No,No,No,No
벽걸이 선풍기,3431,wall fan,https://acnhcdn.com/latest/FtrIcon/FtrFanRetroWall_Remake_6_0.png,1400,350,너굴 상점,증축 후 너굴상점의 일반 가구 영역,회색,회색,구매가능,No,1x1 ,6_0,Silver,NA,NA,NA,NA,No,No,No,No
벽걸이 선풍기,3431,wall fan,https://acnhcdn.com/latest/FtrIcon/FtrFanRetroWall_Remake_7_0.png,1400,350,너굴 상점,증축 후 너굴상점의 일반 가구 영역,갈색,갈색,구매가능,No,1x1 ,7_0,Brown,NA,NA,NA,NA,No,No,No,No
벽걸이 양초,5165,wall-mounted candle,https://acnhcdn.com/latest/FtrIcon/FtrCandleWall_Remake_0_0.png,800,200,너굴 상점,증축 전#후 너굴상점의 가구 영역,노란색,하얀색,구매가능,No,1x1 ,0_0,Gold,NA,NA,NA,NA,No,No,No,No
벽걸이 양초,5165,wall-mounted candle,https://acnhcdn.com/latest/FtrIcon/FtrCandleWall_Remake_1_0.png,800,200,너굴 상점,증축 전#후 너굴상점의 가구 영역,회색,하얀색,구매가능,No,1x1 ,1_0,Silver,NA,NA,NA,NA,No,No,No,No
벽걸이 양초,5165,wall-mounted candle,https://acnhcdn.com/latest/FtrIcon/FtrCandleWall_Remake_2_0.png,800,200,너굴 상점,증축 전#후 너굴상점의 가구 영역,갈색,하얀색,구매가능,No,1x1 ,2_0,Copper,NA,NA,NA,NA,No,No,No,No
벽걸이 양초,5165,wall-mounted candle,https://acnhcdn.com/latest/FtrIcon/FtrCandleWall_Remake_3_0.png,800,200,너굴 상점,증축 전#후 너굴상점의 가구 영역,검정색,하얀색,구매가능,No,1x1 ,3_0,Black,NA,NA,NA,NA,No,No,No,No
벽걸이 양초,5165,wall-mounted candle,https://acnhcdn.com/latest/FtrIcon/FtrCandleWall_Remake_4_0.png,800,200,너굴 상점,증축 전#후 너굴상점의 가구 영역,하얀색,하얀색,구매가능,No,1x1 ,4_0,White,NA,NA,NA,NA,No,No,No,No
벽걸이 전화기,3987,wall-mounted phone,https://acnhcdn.com/latest/FtrIcon/FtrPhoneWall_Remake_0_0.png,1300,325,너굴 상점,증축 후 너굴상점의 일반 가구 영역,하얀색,하얀색,구매가능,No,1x1 ,0_0,White,NA,NA,NA,NA,No,No,No,No
벽걸이 전화기,3987,wall-mounted phone,https://acnhcdn.com/latest/FtrIcon/FtrPhoneWall_Remake_1_0.png,1300,325,너굴 상점,증축 후 너굴상점의 일반 가구 영역,검정색,검정색,구매가능,No,1x1 ,1_0,Black,NA,NA,NA,NA,No,No,No,No
벽걸이 전화기,3987,wall-mounted phone,https://acnhcdn.com/latest/FtrIcon/FtrPhoneWall_Remake_2_0.png,1300,325,너굴 상점,증축 후 너굴상점의 일반 가구 영역,회색,회색,구매가능,No,1x1 ,2_0,Silver,NA,NA,NA,NA,No,No,No,No
벽걸이 전화기,3987,wall-mounted phone,https://acnhcdn.com/latest/FtrIcon/FtrPhoneWall_Remake_3_0.png,1300,325,너굴 상점,증축 후 너굴상점의 일반 가구 영역,갈색,갈색,구매가능,No,1x1 ,3_0,Gray,NA,NA,NA,NA,No,No,No,No
벽걸이 전화기,3987,wall-mounted phone,https://acnhcdn.com/latest/FtrIcon/FtrPhoneWall_Remake_4_0.png,1300,325,너굴 상점,증축 후 너굴상점의 일반 가구 영역,빨간색,빨간색,구매가능,No,1x1 ,4_0,Red,NA,NA,NA,NA,No,No,No,No
벽걸이 전화기,3987,wall-mounted phone,https://acnhcdn.com/latest/FtrIcon/FtrPhoneWall_Remake_5_0.png,1300,325,너굴 상점,증축 후 너굴상점의 일반 가구 영역,파란색,파란색,구매가능,No,1x1 ,5_0,Blue,NA,NA,NA,NA,No,No,No,No
공구 걸이 판,8417,wall-mounted tool board,https://acnhcdn.com/latest/FtrIcon/FtrToolhanger_Remake_0_0.png,1500,375,너굴 상점,증축 전#후 너굴상점의 가구 영역,하얀색,컬러풀,구매가능,No,2x1 ,0_0,White,NA,NA,NA,NA,No,No,No,No
공구 걸이 판,8417,wall-mounted tool board,https://acnhcdn.com/latest/FtrIcon/FtrToolhanger_Remake_1_0.png,1500,375,너굴 상점,증축 전#후 너굴상점의 가구 영역,갈색,컬러풀,구매가능,No,2x1 ,1_0,Camel,NA,NA,NA,NA,No,No,No,No
공구 걸이 판,8417,wall-mounted tool board,https://acnhcdn.com/latest/FtrIcon/FtrToolhanger_Remake_2_0.png,1500,375,너굴 상점,증축 전#후 너굴상점의 가구 영역,노란색,컬러풀,구매가능,No,2x1 ,2_0,Yellow,NA,NA,NA,NA,No,No,No,No
공구 걸이 판,8417,wall-mounted tool board,https://acnhcdn.com/latest/FtrIcon/FtrToolhanger_Remake_3_0.png,1500,375,너굴 상점,증축 전#후 너굴상점의 가구 영역,빨간색,컬러풀,구매가능,No,2x1 ,3_0,Red,NA,NA,NA,NA,No,No,No,No
공구 걸이 판,8417,wall-mounted tool board,https://acnhcdn.com/latest/FtrIcon/FtrToolhanger_Remake_4_0.png,1500,375,너굴 상점,증축 전#후 너굴상점의 가구 영역,파란색,컬러풀,구매가능,No,2x1 ,4_0,Blue,NA,NA,NA,NA,No,No,No,No
공구 걸이 판,8417,wall-mounted tool board,https://acnhcdn.com/latest/FtrIcon/FtrToolhanger_Remake_5_0.png,1500,375,너굴 상점,증축 전#후 너굴상점의 가구 영역,검정색,컬러풀,구매가능,No,2x1 ,5_0,Black,NA,NA,NA,NA,No,No,No,No
20인치 벽걸이 TV,3986,wall-mounted TV (20 in.),https://acnhcdn.com/latest/FtrIcon/FtrTV20inchWall_Remake_0_0.png,8900,2225,너굴 상점,증축 후 너굴상점의 세 번째 가구 영역,검정색,검정색,구매가능,No,1x1 ,0_0,Black,NA,NA,NA,NA,No,No,No,No
20인치 벽걸이 TV,3986,wall-mounted TV (20 in.),https://acnhcdn.com/latest/FtrIcon/FtrTV20inchWall_Remake_1_0.png,8900,2225,너굴 상점,증축 후 너굴상점의 세 번째 가구 영역,하얀색,하얀색,구매가능,No,1x1 ,1_0,White,NA,NA,NA,NA,No,No,No,No
20인치 벽걸이 TV,3986,wall-mounted TV (20 in.),https://acnhcdn.com/latest/FtrIcon/FtrTV20inchWall_Remake_2_0.png,8900,2225,너굴 상점,증축 후 너굴상점의 세 번째 가구 영역,회색,회색,구매가능,No,1x1 ,2_0,Silver,NA,NA,NA,NA,No,No,No,No
20인치 벽걸이 TV,3986,wall-mounted TV (20 in.),https://acnhcdn.com/latest/FtrIcon/FtrTV20inchWall_Remake_3_0.png,8900,2225,너굴 상점,증축 후 너굴상점의 세 번째 가구 영역,빨간색,빨간색,구매가능,No,1x1 ,3_0,Red,NA,NA,NA,NA,No,No,No,No
20인치 벽걸이 TV,3986,wall-mounted TV (20 in.),https://acnhcdn.com/latest/FtrIcon/FtrTV20inchWall_Remake_4_0.png,8900,2225,너굴 상점,증축 후 너굴상점의 세 번째 가구 영역,노란색,노란색,구매가능,No,1x1 ,4_0,Yellow,NA,NA,NA,NA,No,No,No,No
20인치 벽걸이 TV,3986,wall-mounted TV (20 in.),https://acnhcdn.com/latest/FtrIcon/FtrTV20inchWall_Remake_5_0.png,8900,2225,너굴 상점,증축 후 너굴상점의 세 번째 가구 영역,파란색,파란색,구매가능,No,1x1 ,5_0,Blue,NA,NA,NA,NA,No,No,No,No
20인치 벽걸이 TV,3986,wall-mounted TV (20 in.),https://acnhcdn.com/latest/FtrIcon/FtrTV20inchWall_Remake_6_0.png,8900,2225,너굴 상점,증축 후 너굴상점의 세 번째 가구 영역,분홍색,분홍색,구매가능,No,1x1 ,6_0,Pink,NA,NA,NA,NA,No,No,No,No
20인치 벽걸이 TV,3986,wall-mounted TV (20 in.),https://acnhcdn.com/latest/FtrIcon/FtrTV20inchWall_Remake_7_0.png,8900,2225,너굴 상점,증축 후 너굴상점의 세 번째 가구 영역,하늘색,하늘색,구매가능,No,1x1 ,7_0,Light blue,NA,NA,NA,NA,No,No,No,No
50인치 벽걸이 TV,3428,wall-mounted TV (50 in.),https://acnhcdn.com/latest/FtrIcon/FtrTV50inchWall_Remake_0_0.png,22000,5500,너굴 상점,증축 후 너굴상점의 세 번째 가구 영역,검정색,검정색,구매가능,No,2x1 ,0_0,Black,NA,NA,NA,NA,No,No,No,No
50인치 벽걸이 TV,3428,wall-mounted TV (50 in.),https://acnhcdn.com/latest/FtrIcon/FtrTV50inchWall_Remake_1_0.png,22000,5500,너굴 상점,증축 후 너굴상점의 세 번째 가구 영역,하얀색,하얀색,구매가능,No,2x1 ,1_0,White,NA,NA,NA,NA,No,No,No,No
50인치 벽걸이 TV,3428,wall-mounted TV (50 in.),https://acnhcdn.com/latest/FtrIcon/FtrTV50inchWall_Remake_2_0.png,22000,5500,너굴 상점,증축 후 너굴상점의 세 번째 가구 영역,회색,회색,구매가능,No,2x1 ,2_0,Silver,NA,NA,NA,NA,No,No,No,No
50인치 벽걸이 TV,3428,wall-mounted TV (50 in.),https://acnhcdn.com/latest/FtrIcon/FtrTV50inchWall_Remake_3_0.png,22000,5500,너굴 상점,증축 후 너굴상점의 세 번째 가구 영역,빨간색,빨간색,구매가능,No,2x1 ,3_0,Red,NA,NA,NA,NA,No,No,No,No
50인치 벽걸이 TV,3428,wall-mounted TV (50 in.),https://acnhcdn.com/latest/FtrIcon/FtrTV50inchWall_Remake_4_0.png,22000,5500,너굴 상점,증축 후 너굴상점의 세 번째 가구 영역,파란색,파란색,구매가능,No,2x1 ,4_0,Blue,NA,NA,NA,NA,No,No,No,No
벌 머리 벽장식,11100,wasp-head model,https://acnhcdn.com/latest/FtrIcon/FtrInsectHachiFace.png,2500,625,너굴 상점,증축 후 너굴상점의 일반 가구 영역,노란색,노란색,구매가능,No,1x1 ,NA,NA,NA,NA,NA,NA,No,No,No,No
웨딩 벽장식,12407,wedding decoration,https://acnhcdn.com/1.2.0/FtrIcon/FtrWeddingFlowerWall_Remake_0_0.png,1000,250,웨딩 이벤트,,분홍색,초록색,비매품,No,1x2,NA,Cute,Design,NA,NA,1,Yes,No,Yes,No
웨딩 벽장식,12407,wedding decoration,https://acnhcdn.com/1.2.0/FtrIcon/FtrWeddingFlowerWall_Remake_1_0.png,1000,250,웨딩 이벤트,,하얀색,초록색,비매품,No,1x2,NA,Chic,Design,NA,NA,1,Yes,No,Yes,No
웨딩 벽장식,12407,wedding decoration,https://acnhcdn.com/1.2.0/FtrIcon/FtrWeddingFlowerWall_Remake_2_0.png,1000,250,웨딩 이벤트,,노란색,초록색,비매품,No,1x2,NA,Garden,Design,NA,NA,1,Yes,No,Yes,No
아네모네 리스,5436,windflower wreath,https://acnhcdn.com/latest/FtrIcon/FtrDoorOrnamentWreathAnemone.png,NFS,720,제작,,빨간색,주황색,비매품,Yes,1x1 ,NA,NA,NA,NA,NA,NA,No,No,Yes,No
나무블록 벽시계,3208,wooden-block wall clock,https://acnhcdn.com/latest/FtrIcon/FtrBlockClock_Remake_0_0.png,NFS,1350,제작,,베이지색,베이지색,비매품,Yes,1x1 ,0_0,Natural,Block color,NA,NA,2,Yes,No,No,No
나무블록 벽시계,3208,wooden-block wall clock,https://acnhcdn.com/latest/FtrIcon/FtrBlockClock_Remake_1_0.png,NFS,1350,제작,,검정색,갈색,비매품,Yes,1x1 ,1_0,Mixed wood,Block color,NA,NA,2,Yes,No,No,No
나무블록 벽시계,3208,wooden-block wall clock,https://acnhcdn.com/latest/FtrIcon/FtrBlockClock_Remake_2_0.png,NFS,1350,제작,,파란색,컬러풀,비매품,Yes,1x1 ,2_0,Colorful,Block color,NA,NA,2,Yes,No,No,No
나무블록 벽시계,3208,wooden-block wall clock,https://acnhcdn.com/latest/FtrIcon/FtrBlockClock_Remake_3_0.png,NFS,1350,제작,,분홍색,컬러풀,비매품,Yes,1x1 ,3_0,Pastel,Block color,NA,NA,2,Yes,No,No,No
나무블록 벽시계,3208,wooden-block wall clock,https://acnhcdn.com/latest/FtrIcon/FtrBlockClock_Remake_4_0.png,NFS,1350,제작,,노란색,컬러풀,비매품,Yes,1x1 ,4_0,Vivid,Block color,NA,NA,2,Yes,No,No,No
원목 간판,5636,wooden-plank sign,https://acnhcdn.com/latest/FtrIcon/FtrSignboardWood_Remake_0_0.png,NFS,600,제작,,베이지색,검정색,비매품,Yes,2x1 ,0_0,Natural,Body color,NA,NA,1,Yes,No,No,No
원목 간판,5636,wooden-plank sign,https://acnhcdn.com/latest/FtrIcon/FtrSignboardWood_Remake_1_0.png,NFS,600,제작,,검정색,노란색,비매품,Yes,2x1 ,1_0,Dark brown,Body color,NA,NA,1,Yes,No,No,No
원목 간판,5636,wooden-plank sign,https://acnhcdn.com/latest/FtrIcon/FtrSignboardWood_Remake_2_0.png,NFS,600,제작,,갈색,하얀색,비매품,Yes,2x1 ,2_0,Brown,Body color,NA,NA,1,Yes,No,No,No
원목 간판,5636,wooden-plank sign,https://acnhcdn.com/latest/FtrIcon/FtrSignboardWood_Remake_3_0.png,NFS,600,제작,,빨간색,노란색,비매품,Yes,2x1 ,3_0,Red,Body color,NA,NA,1,Yes,No,No,No
세계 지도,12741,world map,https://acnhcdn.com/latest/FtrIcon/FtrWorldMap_Remake_0_0.png,640,160,닌텐도# 너굴 쇼핑,,파란색,초록색,구매가능,No,2x1,0_0,Pacific Ocean,Map center,NA,NA,1,Yes,No,No,No
세계 지도,12741,world map,https://acnhcdn.com/latest/FtrIcon/FtrWorldMap_Remake_1_0.png,640,160,닌텐도# 너굴 쇼핑,,파란색,초록색,구매가능,No,2x1,1_0,Atlantic Ocean,Map center,NA,NA,1,Yes,No,No,No
공부 포스터,3584,writing poster,https://acnhcdn.com/latest/FtrIcon/FtrStudyposter_Remake_0_0.png,400,160,너굴 상점,증축 후 너굴상점의 일반 가구 영역,빨간색,컬러풀,구매가능,No,2x1 ,0_0,Alphabet,NA,NA,NA,NA,No,No,No,No
공부 포스터,3584,writing poster,https://acnhcdn.com/latest/FtrIcon/FtrStudyposter_Remake_1_0.png,400,160,너굴 상점,증축 후 너굴상점의 일반 가구 영역,하늘색,컬러풀,구매가능,No,2x1 ,1_0,Multiplication tables,NA,NA,NA,NA,No,No,No,No
공부 포스터,3584,writing poster,https://acnhcdn.com/latest/FtrIcon/FtrStudyposter_Remake_2_0.png,400,160,너굴 상점,증축 후 너굴상점의 일반 가구 영역,하얀색,검정색,구매가능,No,2x1 ,2_0,Periodic table,NA,NA,NA,NA,No,No,No,No
공부 포스터,3584,writing poster,https://acnhcdn.com/latest/FtrIcon/FtrStudyposter_Remake_3_0.png,400,160,너굴 상점,증축 후 너굴상점의 일반 가구 영역,검정색,검정색,구매가능,No,2x1 ,3_0,Constellations,NA,NA,NA,NA,No,No,No,No
