Internal ID,Name,Image,Buy,Sell,Source,Source Notes,Color 1,Color 2,Catalog,DIY,Size,HHA Concept 1,HHA Concept 2,HHA Series,VFX,Window Type,Window Color,Pane Type,Curtain Type,Curtain Color,Ceiling Type
4873,abstract wall,https://acnhcdn.com/latest/FtrIcon/RoomTexWallAbstract00.png,1560,390,Nook's Cranny,,White,Colorful,For sale,No,,shop,facility,None,No,Four Pane,Grey Wood,Glass,Roller Shades,White,Cloth
4936,ancient wall,https://acnhcdn.com/latest/FtrIcon/RoomTexWallEgypt00.png,3000,750,Saharah,,Beige,Brown,Not for sale,No,,folk art,horror,None,No,None,NA,NA,None,NA,Stone
4916,apple wall,https://acnhcdn.com/latest/FtrIcon/RoomTexWallApple00.png,NFS,4000,Crafting,,Red,Red,Not for sale,Yes,,fancy,child's room,fruits,No,Four Pane,Grey Wood,Glass,Roller Shades,White,Cloth
4930,aqua tile wall,https://acnhcdn.com/latest/FtrIcon/RoomTexWallTile01.png,1420,355,Nook's Cranny,,Light blue,Light blue,For sale,No,,bathroom,facility,None,No,Single Pane,White Metal,Glass,Slatted Blinds,White Plastic,Stone
5482,arched-window wall,https://acnhcdn.com/latest/FtrIcon/RoomSpWallGlass00.png,2150,537,Nook's Cranny,,Brown,Light blue,For sale,No,,shop,expensive,None,Yes,None,NA,NA,None,NA,Wood
4905,autumn wall,https://acnhcdn.com/latest/FtrIcon/RoomSpWallAutumun00.png,NFS,4700,Crafting,,Brown,Orange,Not for sale,Yes,,garden,None,tree's bounty or leaves ,Yes,None,NA,NA,None,NA,Wood
5481,backyard-fence wall,https://acnhcdn.com/latest/FtrIcon/RoomSpWallBackyard00.png,3000,750,Saharah,,Light blue,White,Not for sale,No,,garden,None,None,Yes,None,NA,NA,None,NA,Plain
4833,bamboo wall,https://acnhcdn.com/latest/FtrIcon/RoomTexWallBamboo00.png,NFS,2400,Crafting,,Green,Beige,Not for sale,Yes,,zen-style,None,bamboo,No,None,NA,NA,None,NA,Wood
4853,bamboo-grove wall,https://acnhcdn.com/latest/FtrIcon/RoomTexWallChikurin00.png,NFS,4300,Crafting,,Green,Green,Not for sale,Yes,,zen-style,None,bamboo,No,None,NA,NA,None,NA,Wood
4836,bamboo-screen wall,https://acnhcdn.com/latest/FtrIcon/RoomTexWallRattan00.png,1770,442,Nook's Cranny,,Brown,Brown,For sale,No,,zen-style,None,None,No,None,NA,NA,None,NA,Stone
4839,bank-vault wall,https://acnhcdn.com/latest/FtrIcon/RoomTexWallSafeBox00.png,3000,750,Saharah,,Gray,Gray,Not for sale,No,,facility,expensive,None,No,None,NA,NA,None,NA,Tile
5559,basic wall,https://acnhcdn.com/latest/FtrIcon/RoomSpWallSimplePanel00.png,600,150,Nook's Cranny,,White,White,For sale,No,,office,facility,None,Yes,None,NA,NA,None,NA,Tile
4877,beaded-curtain wall,https://acnhcdn.com/latest/FtrIcon/RoomTexWallBeadsCurtain00.png,1720,430,Nook's Cranny,,White,Orange,For sale,No,,shop,kitchen,None,No,Four Pane,Natural Wood,Glass,Curtains,White Lace,Wood
4817,beige art-deco wall,https://acnhcdn.com/latest/FtrIcon/RoomTexWallArtDeco00.png,2780,695,Nook's Cranny,,Beige,Beige,For sale,No,,child's room,living room,None,No,Arch,Wood,Glass,None,NA,Wood
4831,beige blossoming wall,https://acnhcdn.com/latest/FtrIcon/RoomTexWallCountry00.png,1760,440,Nook's Cranny,,Beige,Brown,For sale,No,,fancy,living room,None,No,Four Pane,Natural Wood,Glass,Curtains,Red Checkered,Wood
4834,beige desert-tile wall,https://acnhcdn.com/latest/FtrIcon/RoomTexWallMorocco00.png,2440,610,Nook's Cranny,,Beige,Beige,For sale,No,,bathroom,facility,None,No,Sliding Pane,White Metal,Glass,None,NA,Stone
6877,black botanical-tile wall,https://acnhcdn.com/latest/FtrIcon/RoomTexWallWoodTile03.png,1240,310,Nook's Cranny,,Black,Black,For sale,No,,facility,expensive,None,No,Single Pane,Black Metal,Glass,Slatted Blinds,Black Plastic,Stone
6862,black hallway wall,https://acnhcdn.com/latest/FtrIcon/RoomTexWallHall03.png,2000,500,Nook's Cranny,,Black,Black,For sale,No,,facility,music,None,No,None,NA,NA,None,NA,Wood
4922,black perforated-board wall,https://acnhcdn.com/latest/FtrIcon/RoomTexWallPegboard02.png,1180,295,Nook's Cranny,,Black,Black,For sale,No,,music,facility,None,No,None,NA,NA,None,NA,Tile
6859,black two-toned tile wall,https://acnhcdn.com/latest/FtrIcon/RoomTexWallTwoToneTile06.png,1850,462,Nook's Cranny,,Black,Black,For sale,No,,bathroom,facility,None,No,Sliding Pane,White Metal,Glass,None,NA,Stone
4929,black-brick wall,https://acnhcdn.com/latest/FtrIcon/RoomTexWallBrick02.png,1000,250,Nook's Cranny,,Black,Black,For sale,No,,facility,shop,None,No,Four Pane,Dark Wood,Glass,None,NA,Wood
4815,black-crown wall,https://acnhcdn.com/latest/FtrIcon/RoomTexWallCrown01.png,2350,587,Nook's Cranny,,Black,Black,For sale,No,,expensive,None,None,No,None,NA,NA,None,NA,Tile
4882,blackboard wall,https://acnhcdn.com/latest/FtrIcon/RoomTexWallBlackBoard00.png,3000,750,Saharah,,Black,Colorful,Not for sale,No,,shop,school,None,No,None,NA,NA,None,NA,Wood
4896,blue blossoming wall,https://acnhcdn.com/latest/FtrIcon/RoomTexWallCountry02.png,1760,440,Nook's Cranny,,Light blue,Blue,For sale,No,,fancy,living room,None,No,Four Pane,Grey Wood,Glass,Curtains,Blue Checkered,Wood
4884,blue camo wall,https://acnhcdn.com/latest/FtrIcon/RoomTexWallCamouflage01.png,1150,287,Nook's Cranny,,Blue,Blue,For sale,No,,party,child's room,None,No,Single Pane,Grey Wood,Glass,Slatted Blinds,White Plastic,Cloth
6852,blue delicate-blooms wall,https://acnhcdn.com/latest/FtrIcon/RoomTexWallManor03.png,1900,475,Nook's Cranny,,Blue,Black,For sale,No,,expensive,living room,None,No,Four Pane,Dark Wood,Glass,Roller Shades,Undyed,Wood
4835,blue desert-tile wall,https://acnhcdn.com/latest/FtrIcon/RoomTexWallMorocco01.png,2440,610,Nook's Cranny,,Blue,White,For sale,No,,bathroom,facility,None,No,Sliding Pane,White Metal,Glass,None,NA,Stone
7241,blue diner wall,https://acnhcdn.com/latest/FtrIcon/RoomTexWallDiner00.png,2420,605,Nook's Cranny,,Blue,Light blue,For sale,No,,fancy,shop,None,No,Single Pane,White Metal,Glass,Slatted Blinds,White Plastic,Stone
6873,blue flower-print wall,https://acnhcdn.com/latest/FtrIcon/RoomTexWallFlower03.png,1780,445,Nook's Cranny,,Blue,Light blue,For sale,No,,fancy,living room,None,No,Four Pane,Dark Wood,Glass,Curtains,Light blue,Wood
4874,blue heart-pattern wall,https://acnhcdn.com/latest/FtrIcon/RoomTexWallHeart00.png,1280,320,Nook's Cranny,,Blue,Light blue,For sale,No,,fancy,child's room,None,No,Four Pane,White Wood,Glass,Roller Shades,White,Cloth
4912,blue honeycomb-tile wall,https://acnhcdn.com/latest/FtrIcon/RoomTexWallHoneycomb01.png,1680,420,Nook's Cranny,,Blue,Blue,For sale,No,,bathroom,facility,None,No,Sliding Pane,Black Metal,Glass,None,NA,Stone
4848,blue intricate wall,https://acnhcdn.com/latest/FtrIcon/RoomTexWallFlowerPop00.png,1570,392,Nook's Cranny,,Blue,White,For sale,No,,living room,shop,None,No,Four Pane,Grey Wood,Glass,Roller Shades,White,Wood
4871,blue molded-panel wall,https://acnhcdn.com/latest/FtrIcon/RoomTexWallPanelMold01.png,1980,495,Nook's Cranny,,Blue,Brown,For sale,No,,expensive,shop,None,No,Sliding Pane,White Metal,Glass,None,NA,Cloth
4948,blue painted-wood wall,https://acnhcdn.com/latest/FtrIcon/RoomTexWallPaintWood00.png,1650,412,Nook's Cranny,,Blue,Light blue,For sale,No,,fancy,living room,None,No,Four Pane,White Wood,Glass,None,NA,Wood
4888,blue playroom wall,https://acnhcdn.com/latest/FtrIcon/RoomTexWallToy00.png,2540,635,Nook's Cranny,,Light blue,Blue,For sale,No,,child's room,fancy,None,No,Sliding Pane,White Metal,Glass,None,NA,Cloth
7277,blue quilt wall,https://acnhcdn.com/latest/FtrIcon/RoomTexWallDollhouse01.png,2150,537,Nook's Cranny,,Blue,White,For sale,No,,fancy,child's room,None,No,Four Pane,White Wood,Glass,Curtains,White Lace,Cloth
4925,blue shanty wall,https://acnhcdn.com/latest/FtrIcon/RoomTexWallTin02.png,620,155,Nook's Cranny,,Blue,Blue,For sale,No,,garage,None,None,No,Single Pane,Grey Wood,Glass,Slatted Blinds,White Plastic,Stone
4869,blue simple-cloth wall,https://acnhcdn.com/latest/FtrIcon/RoomTexWallSimple03.png,750,187,Nook's Cranny,,Blue,Light blue,For sale,No,,child's room,living room,None,No,Four Pane,White Wood,Glass,Curtains,White,Wood
4940,blue subway-tile wall,https://acnhcdn.com/latest/FtrIcon/RoomTexWallMetro00.png,1340,335,Nook's Cranny,,Blue,Light blue,For sale,No,,facility,shop,None,No,Sliding Pane,White Metal,Glass,None,NA,Stone
7127,blue tile wall,https://acnhcdn.com/latest/FtrIcon/RoomTexWallTile03.png,1420,355,Nook's Cranny,,Blue,Blue,For sale,No,,bathroom,facility,None,No,Single Pane,White Metal,Glass,Slatted Blinds,White Plastic,Stone
6858,blue two-toned tile wall,https://acnhcdn.com/latest/FtrIcon/RoomTexWallTwoToneTile05.png,1850,462,Nook's Cranny,,Blue,Blue,For sale,No,,bathroom,facility,None,No,Sliding Pane,White Metal,Glass,None,NA,Stone
4814,blue-crown wall,https://acnhcdn.com/latest/FtrIcon/RoomTexWallCrown00.png,2350,587,Nook's Cranny,,Blue,Black,For sale,No,,expensive,None,None,No,None,NA,NA,None,NA,Tile
4811,blue-paint wall,https://acnhcdn.com/latest/FtrIcon/RoomTexWallStucco03.png,1600,400,Nook's Cranny,,Blue,Blue,For sale,No,,fancy,living room,None,No,Four Pane,Dark Wood,Glass,None,NA,Stone
6869,blue-rose wall,https://acnhcdn.com/latest/FtrIcon/RoomTexWallRose03.png,1720,430,Nook's Cranny,,Blue,Light blue,For sale,No,,fancy,living room,None,No,Arch,Grey Metal,Glass,None,NA,Wood
4945,blue-striped wall,https://acnhcdn.com/latest/FtrIcon/RoomTexWallStripe03.png,1520,380,Nook's Cranny,,Blue,White,For sale,No,,fancy,child's room,None,No,Four Pane,White Wood,Glass,Roller Shades,White,Cloth
6876,botanical-tile wall,https://acnhcdn.com/latest/FtrIcon/RoomTexWallWoodTile02.png,1240,310,Nook's Cranny,,Beige,Yellow,For sale,No,,facility,expensive,None,No,Single Pane,Natural Wood,Glass,Slatted Blinds,Natural Wood,Stone
4827,brown botanical-tile wall,https://acnhcdn.com/latest/FtrIcon/RoomTexWallWoodTile01.png,1240,310,Nook's Cranny,,Brown,Brown,For sale,No,,facility,expensive,None,No,Single Pane,Dark Wood,Glass,Slatted Blinds,Dark Brown Wood,Stone
7244,brown diner wall,https://acnhcdn.com/latest/FtrIcon/RoomTexWallDiner03.png,2420,605,Nook's Cranny,,Brown,Colorful,For sale,No,,fancy,shop,None,No,Single Pane,White Metal,Glass,Slatted Blinds,White Plastic,Stone
4806,brown hallway wall,https://acnhcdn.com/latest/FtrIcon/RoomTexWallHall00.png,2000,500,Nook's Cranny,,Brown,Brown,For sale,No,,facility,music,None,No,None,NA,NA,None,NA,Wood
4804,brown herringbone wall,https://acnhcdn.com/latest/FtrIcon/RoomTexWallHerringbone00.png,NFS,1800,Crafting,,Brown,Brown,Not for sale,Yes,,living room,shop,None,No,Single Pane,Natural Wood,Glass,Slatted Blinds,Brown Wood,Wood
4926,brown shanty wall,https://acnhcdn.com/latest/FtrIcon/RoomTexWallTin03.png,620,155,Nook's Cranny,,Brown,Brown,For sale,No,,garage,None,None,No,Single Pane,Grey Wood,Glass,Slatted Blinds,White Plastic,Stone
12468,brown wedding wall,https://acnhcdn.com/latest/FtrIcon/RoomSpWallChurch01.png,3000,750,Wedding Season,,None,None,Not for sale,No,,party,expensive,wedding,No,None,NA,NA,None,NA,Stone
6850,brown-brick wall,https://acnhcdn.com/latest/FtrIcon/RoomTexWallBrick03.png,1000,250,Nook's Cranny,,Brown,Brown,For sale,No,,facility,shop,None,No,Four Pane,Natural Wood,Glass,None,NA,Wood
6851,brown-crown wall,https://acnhcdn.com/latest/FtrIcon/RoomTexWallCrown03.png,2350,587,Nook's Cranny,,Brown,Brown,For sale,No,,expensive,None,None,No,None,NA,NA,None,NA,Tile
5231,Bunny Day wall,https://acnhcdn.com/latest/FtrIcon/RoomTexWallEaster00.png,NFS,4800,Crafting,,Yellow,Colorful,Not for sale,Yes,,fancy,child's room,Bunny Day,No,Four Pane,White Wood,Glass,Curtains,White Lace,Cloth
4880,butterflies wall,https://acnhcdn.com/latest/FtrIcon/RoomTexWallInsect00.png,NFS,840,Bug-Off,,White,Colorful,Not for sale,No,,fancy,facility,None,No,Four Pane,White Wood,Glass,Roller Shades,White,Wood
4840,cabin wall,https://acnhcdn.com/latest/FtrIcon/RoomTexWallLog00.png,NFS,1800,Crafting,,Beige,Beige,Not for sale,Yes,,living room,facility,None,No,Four Pane,Natural Wood,Glass,Curtains,White Lace,Wood
5483,café-curtain wall,https://acnhcdn.com/latest/FtrIcon/RoomSpWallCafe00.png,3000,750,Saharah,,Black,White,Not for sale,No,,shop,expensive,None,Yes,None,NA,NA,None,NA,Cloth
4883,camo wall,https://acnhcdn.com/latest/FtrIcon/RoomTexWallCamouflage00.png,1150,287,Nook's Cranny,,Black,Green,For sale,No,,party,child's room,None,No,Single Pane,Grey Wood,Glass,Slatted Blinds,White Plastic,Plain
5485,chain-link fence,https://acnhcdn.com/latest/FtrIcon/RoomSpWallEmptyLot00.png,3000,750,Saharah,,Gray,Gray,Not for sale,No,,garden,garage,None,Yes,None,NA,NA,None,NA,Cloth
4919,cherry wall,https://acnhcdn.com/latest/FtrIcon/RoomTexWallCherry00.png,NFS,4000,Crafting,,Pink,Red,Not for sale,Yes,,child's room,fancy,fruits,No,Four Pane,Grey Wood,Glass,Roller Shades,White,Stone
7205,cherry-blossom-trees wall,https://acnhcdn.com/latest/FtrIcon/RoomSpWallSakura00.png,NFS,4600,Crafting,,Brown,Pink,Not for sale,Yes,,garden,None,cherry blossoms,Yes,None,NA,NA,None,NA,Wood
11176,chic tearoom wall,https://acnhcdn.com/latest/FtrIcon/RoomTexWallMud03.png,1750,437,Nook's Cranny,,Black,Black,For sale,No,,zen-style,shop,None,No,Circle,Dark Wood,Screen,None,NA,Wood
4828,chic wall,https://acnhcdn.com/latest/FtrIcon/RoomTexWallClassic00.png,1960,490,Nook's Cranny,,Yellow,Beige,For sale,No,,expensive,living room,None,No,Four Pane,White Wood,Glass,Curtains,White Lace,Wood
4807,chocolate hallway wall,https://acnhcdn.com/latest/FtrIcon/RoomTexWallHall01.png,2000,500,Nook's Cranny,,Brown,Brown,For sale,No,,facility,music,None,No,None,NA,NA,None,NA,Wood
4805,chocolate herringbone wall,https://acnhcdn.com/latest/FtrIcon/RoomTexWallHerringbone01.png,NFS,1800,Crafting,,Brown,Brown,Not for sale,Yes,,living room,shop,None,No,Single Pane,Dark Wood,Glass,Slatted Blinds,Dark Brown Wood,Stone
4821,circuit-board wall,https://acnhcdn.com/latest/FtrIcon/RoomTexWallGeek00.png,3000,750,Saharah,,Green,Green,Not for sale,No,,facility,None,None,No,None,NA,NA,None,NA,Cloth
5400,cityscape wall,https://acnhcdn.com/latest/FtrIcon/RoomSpWallNightView00.png,3000,750,Saharah,,Black,Black,Not for sale,No,,shop,expensive,None,Yes,None,NA,NA,None,NA,Wood
4837,classic-library wall,https://acnhcdn.com/latest/FtrIcon/RoomTexWallLibrary00.png,NFS,1450,Crafting,,Black,Black,Not for sale,Yes,,den,None,None,No,None,NA,NA,None,NA,Cloth
4887,colorful puzzle wall,https://acnhcdn.com/latest/FtrIcon/RoomTexWallPuzzle01.png,1540,385,Nook's Cranny,,Colorful,Colorful,For sale,No,,fancy,child's room,None,No,Single Pane,White Metal,Glass,Slatted Blinds,White Plastic,Stone
4931,colorful-tile wall,https://acnhcdn.com/latest/FtrIcon/RoomTexWallTile02.png,1420,355,Nook's Cranny,,Colorful,Colorful,For sale,No,,bathroom,facility,None,No,Single Pane,White Metal,Glass,Slatted Blinds,White Plastic,Wood
4795,common wall,https://acnhcdn.com/latest/FtrIcon/RoomTexWallCommon00.png,800,200,Nook's Cranny,,Beige,Brown,For sale,No,,living room,school,None,No,Four Pane,Natural Wood,Glass,Curtains,White,Stone
4890,concrete wall,https://acnhcdn.com/latest/FtrIcon/RoomTexWallConcrete00.png,940,235,Nook's Cranny,,Gray,Gray,For sale,No,,garage,facility,None,No,Single Pane,Grey Wood,Glass,Slatted Blinds,White Plastic,Stone
4843,construction-site wall,https://acnhcdn.com/latest/FtrIcon/RoomTexWallBlueSheet00.png,3000,750,Saharah,,Blue,Blue,Not for sale,No,,garage,facility,None,No,None,NA,NA,None,NA,Wood
4841,crepe-design wall,https://acnhcdn.com/latest/FtrIcon/RoomTexWallCrepe00.png,1550,387,Nook's Cranny,,White,Colorful,For sale,No,,zen-style,None,None,No,Circle,Grey Wood,Screen,None,NA,Cloth
7217,cute blue wall,https://acnhcdn.com/latest/FtrIcon/RoomTexWallCute02.png,1880,470,Nook's Cranny,,Blue,White,For sale,No,,fancy,child's room,None,No,Four Pane,White Wood,Glass,Curtains,White Lace,Cloth
7216,cute red wall,https://acnhcdn.com/latest/FtrIcon/RoomTexWallCute01.png,1880,470,Nook's Cranny,,Red,White,For sale,No,,fancy,child's room,None,No,Four Pane,Grey Wood,Glass,Curtains,White Lace,Cloth
7215,cute white wall,https://acnhcdn.com/latest/FtrIcon/RoomTexWallCute00.png,1880,470,Nook's Cranny,,White,White,For sale,No,,fancy,child's room,None,No,Four Pane,Grey Wood,Glass,Curtains,White Lace,Cloth
7218,cute yellow wall,https://acnhcdn.com/latest/FtrIcon/RoomTexWallCute03.png,1880,470,Nook's Cranny,,Yellow,White,For sale,No,,fancy,child's room,None,No,Four Pane,White Wood,Glass,Curtains,White Lace,Stone
4860,dark wooden-mosaic wall,https://acnhcdn.com/latest/FtrIcon/RoomTexWallMixPlankWood01.png,NFS,1800,Crafting,,Black,Black,Not for sale,Yes,,living room,shop,None,No,Single Pane,Dark Wood,Glass,Slatted Blinds,Dark Brown Wood,Tile
4932,dark-chocolate wall,https://acnhcdn.com/latest/FtrIcon/RoomTexWallChocolate00.png,3000,750,Saharah,,Brown,Brown,Not for sale,No,,fancy,None,None,No,None,NA,NA,None,NA,Plain
5488,desert vista,https://acnhcdn.com/latest/FtrIcon/RoomSpWallDesert00.png,3000,750,Saharah,,Beige,Gray,Not for sale,No,,folk art,None,None,Yes,None,NA,NA,None,NA,Stone
5222,dig-site wall,https://acnhcdn.com/latest/FtrIcon/RoomTexWallStratum00.png,3000,750,Saharah,,Brown,Beige,Not for sale,No,,garden,horror,None,No,None,NA,NA,None,NA,Wood
4856,dirt-clod wall,https://acnhcdn.com/latest/FtrIcon/RoomTexWallOldSoil00.png,200,50,Nook's Cranny,,Beige,Brown,For sale,No,,horror,None,None,No,Four Pane,Natural Wood,Screen,None,NA,Wood
5227,dojo wall,https://acnhcdn.com/latest/FtrIcon/RoomTexWallBaseboards00.png,3000,750,Saharah,,Yellow,Beige,Not for sale,No,,fitness,zen-style,None,No,None,NA,NA,None,NA,Stone
5509,dungeon wall,https://acnhcdn.com/latest/FtrIcon/RoomSpWallJail00.png,3000,750,Saharah,,Black,Gray,Not for sale,No,,horror,None,None,Yes,None,NA,NA,None,NA,Wood
4866,exquisite wall,https://acnhcdn.com/latest/FtrIcon/RoomTexWallChina00.png,3000,750,Saharah,,Brown,White,Not for sale,No,,zen-style,shop,None,No,None,NA,NA,None,NA,Stone
7187,forest wall,https://acnhcdn.com/latest/FtrIcon/RoomTexWallMushForest00.png,NFS,44000,Crafting,,Black,Black,Not for sale,Yes,,garden,None,mush,No,None,NA,NA,None,NA,Stone
5494,future-tech wall,https://acnhcdn.com/latest/FtrIcon/RoomSpWallTechnology00.png,3000,750,Saharah,,Black,Black,Not for sale,No,,horror,folk art,None,Yes,None,NA,NA,None,NA,Plain
5229,garbage-heap wall,https://acnhcdn.com/latest/FtrIcon/RoomTexWallGarbage00.png,NFS,120,Crafting,,Light blue,Gray,Not for sale,Yes,,garage,horror,None,No,None,NA,NA,None,NA,Wood
4820,gold-screen wall,https://acnhcdn.com/latest/FtrIcon/RoomTexWallFusumaGorgeous00.png,NFS,20750,Crafting,,Yellow,Yellow,Not for sale,Yes,,zen-style,expensive,None,No,None,NA,NA,None,NA,Gold
4894,golden wall,https://acnhcdn.com/latest/FtrIcon/RoomTexWallGold00.png,NFS,40000,Crafting,,Yellow,Brown,Not for sale,Yes,,expensive,horror,golden,No,None,NA,NA,None,NA,Stone
7243,gray diner wall,https://acnhcdn.com/latest/FtrIcon/RoomTexWallDiner02.png,2420,605,Nook's Cranny,,White,Colorful,For sale,No,,fancy,shop,None,No,Single Pane,White Metal,Glass,Slatted Blinds,White Plastic,Cloth
4872,gray molded-panel wall,https://acnhcdn.com/latest/FtrIcon/RoomTexWallPanelMold02.png,1980,495,Nook's Cranny,,Gray,Gray,For sale,No,,expensive,shop,None,No,Sliding Pane,Black Metal,Glass,None,NA,Stone
4923,gray shanty wall,https://acnhcdn.com/latest/FtrIcon/RoomTexWallTin00.png,620,155,Nook's Cranny,,Gray,Gray,For sale,No,,garage,None,None,No,Single Pane,Grey Wood,Glass,Slatted Blinds,White Plastic,Cloth
4944,gray-striped wall,https://acnhcdn.com/latest/FtrIcon/RoomTexWallStripe02.png,1520,380,Nook's Cranny,,Gray,White,For sale,No,,fancy,child's room,None,No,Four Pane,White Wood,Glass,Roller Shades,White,Wood
4903,green blossoming wall,https://acnhcdn.com/latest/FtrIcon/RoomTexWallCountry03.png,1760,440,Nook's Cranny,,Green,Brown,For sale,No,,fancy,living room,None,No,Four Pane,Light Wood,Glass,Curtains,Green Checkered,Wood
4898,green delicate-blooms wall,https://acnhcdn.com/latest/FtrIcon/RoomTexWallManor02.png,1900,475,Nook's Cranny,,Green,Black,For sale,No,,expensive,living room,None,No,Four Pane,Dark Wood,Glass,Roller Shades,Undyed,Wood
4935,green flower-print wall,https://acnhcdn.com/latest/FtrIcon/RoomTexWallFlower01.png,1780,445,Nook's Cranny,,Green,Beige,For sale,No,,fancy,living room,None,No,Four Pane,White Wood,Glass,Curtains,Green,Stone
4913,green honeycomb-tile wall,https://acnhcdn.com/latest/FtrIcon/RoomTexWallHoneycomb02.png,1680,420,Nook's Cranny,,Green,Green,For sale,No,,bathroom,facility,None,No,Sliding Pane,Grey Metal,Glass,None,NA,Wood
6878,green intricate wall,https://acnhcdn.com/latest/FtrIcon/RoomTexWallFlowerPop02.png,1570,392,Nook's Cranny,,Green,White,For sale,No,,living room,shop,None,No,Four Pane,Grey Wood,Glass,Roller Shades,White,Cloth
6854,green molded-panel wall,https://acnhcdn.com/latest/FtrIcon/RoomTexWallPanelMold03.png,1980,495,Nook's Cranny,,Green,White,For sale,No,,fancy,child's room,None,No,Sliding Pane,White Metal,Glass,None,NA,Wood
4949,green painted-wood wall,https://acnhcdn.com/latest/FtrIcon/RoomTexWallPaintWood01.png,1650,412,Nook's Cranny,,Green,Green,For sale,No,,fancy,child's room,None,No,Four Pane,White Wood,Glass,None,NA,Cloth
6866,green playroom wall,https://acnhcdn.com/latest/FtrIcon/RoomTexWallToy02.png,2540,635,Nook's Cranny,,Green,Green,For sale,No,,child's room,fancy,None,No,Sliding Pane,White Metal,Glass,None,NA,Stone
12469,green wedding wall,https://acnhcdn.com/latest/FtrIcon/RoomSpWallChurch02.png,3000,750,Wedding Season,,None,None,Not for sale,No,,party,expensive,wedding,No,None,NA,NA,None,NA,Stone
4812,green-paint wall,https://acnhcdn.com/latest/FtrIcon/RoomTexWallStucco04.png,1600,400,Nook's Cranny,,Green,Green,For sale,No,,fancy,living room,None,No,Four Pane,Dark Wood,Glass,None,NA,Cloth
4846,groovy wall,https://acnhcdn.com/latest/FtrIcon/RoomTexWallPsyche00.png,1280,320,Nook's Cranny,,Orange,Orange,For sale,No,,party,None,None,No,Single Pane,Natural Wood,Glass,Slatted Blinds,Brown Wood,Stone
11180,harmonious wall,https://acnhcdn.com/latest/FtrIcon/RoomTexWallOriental00.png,1780,445,Nook's Cranny,,Brown,Brown,For sale,No,,zen-style,shop,None,No,None,NA,NA,None,NA,Wood
4878,heavy-curtain wall,https://acnhcdn.com/latest/FtrIcon/RoomTexWallThickCurtain00.png,3000,750,Saharah,,Red,Black,Not for sale,No,,music,party,None,No,None,NA,NA,None,NA,Stone
4865,honeycomb wall,https://acnhcdn.com/latest/FtrIcon/RoomTexWallHoney00.png,NFS,3600,Crafting,,Yellow,Yellow,Not for sale,Yes,,fancy,facility,None,No,None,NA,NA,None,NA,Stone
4909,honeycomb-tile wall,https://acnhcdn.com/latest/FtrIcon/RoomTexWallHoneycomb00.png,1680,420,Nook's Cranny,,Brown,Brown,For sale,No,,bathroom,facility,None,No,Sliding Pane,Black Metal,Glass,None,NA,Stone
5505,ice wall,https://acnhcdn.com/latest/FtrIcon/RoomSpWallIce00.png,NFS,8200,Crafting,,Light blue,Light blue,Not for sale,Yes,,freezing cold,facility,frozen,Yes,None,NA,NA,None,NA,Plain
5662,iceberg wall,https://acnhcdn.com/latest/FtrIcon/RoomTexWallIceFloe00.png,NFS,4000,Crafting,,Light blue,White,Not for sale,Yes,,freezing cold,None,None,No,None,NA,NA,None,NA,Stone
5224,imperial wall,https://acnhcdn.com/latest/FtrIcon/RoomTexWallDynasty00.png,3000,750,Saharah,,Red,Red,Not for sale,No,,expensive,None,None,No,None,NA,NA,None,NA,Stone
4876,industrial wall,https://acnhcdn.com/latest/FtrIcon/RoomTexWallFactory00.png,3000,750,Saharah,,Black,Black,Not for sale,No,,facility,None,None,No,None,NA,NA,None,NA,Stone
4850,ivy wall,https://acnhcdn.com/latest/FtrIcon/RoomTexWallIvy00.png,3000,750,Saharah,,Brown,Green,Not for sale,No,,facility,shop,None,No,None,NA,NA,None,NA,Wood
5230,Jingle wall,https://acnhcdn.com/latest/FtrIcon/RoomSpWallXmas00.png,NFS,2500,Crafting,,Green,Colorful,Not for sale,Yes,,fancy,party,festive,Yes,None,NA,NA,None,NA,Stone
5457,jungle wall,https://acnhcdn.com/latest/FtrIcon/RoomTexWallJungle00.png,NFS,1380,Crafting,,Green,Green,Not for sale,Yes,,garden,facility,None,No,None,NA,NA,None,NA,Cloth
4881,kisses wall,https://acnhcdn.com/latest/FtrIcon/RoomTexWallKiss00.png,3000,750,Saharah,,Pink,White,Not for sale,No,,party,fancy,None,No,Single Pane,White Metal,Glass,Slatted Blinds,White Plastic,Tile
5495,laboratory wall,https://acnhcdn.com/latest/FtrIcon/RoomSpWallLabo00.png,3000,750,Saharah,,Black,Black,Not for sale,No,,facility,None,None,Yes,None,NA,NA,None,NA,Wood
4830,lattice wall,https://acnhcdn.com/latest/FtrIcon/RoomTexWallLattice00.png,1780,445,Nook's Cranny,,Brown,Brown,For sale,No,,zen-style,shop,None,No,None,NA,NA,None,NA,Stone
5506,magma-cavern wall,https://acnhcdn.com/latest/FtrIcon/RoomSpWallVolcano00.png,3000,750,Saharah,,Orange,Orange,Not for sale,No,,horror,None,None,Yes,None,NA,NA,None,NA,Cloth
4838,manga-library wall,https://acnhcdn.com/latest/FtrIcon/RoomTexWallLibrary01.png,NFS,1050,Crafting,,White,White,Not for sale,Yes,,facility,den,None,No,None,NA,NA,None,NA,Plain
5514,mangrove wall,https://acnhcdn.com/latest/FtrIcon/RoomTexWallMangrove00.png,3000,750,Saharah,,Green,Green,Not for sale,No,,garden,None,None,No,None,NA,NA,None,NA,Wood
4879,marine pop wall,https://acnhcdn.com/latest/FtrIcon/RoomTexWallFish00.png,NFS,805,Fishing Tourney,,Light blue,Blue,Not for sale,No,,ocean,child's room,None,No,Four Pane,Grey Wood,Glass,Roller Shades,White,Plain
5484,meadow vista,https://acnhcdn.com/latest/FtrIcon/RoomSpWallHighLands00.png,3000,750,Saharah,,Green,Light blue,Not for sale,No,,garden,None,None,Yes,None,NA,NA,None,NA,Stone
11915,misty-garden wall,https://acnhcdn.com/latest/FtrIcon/RoomSpWallRain00.png,3000,585,Saharah,,Gray,Gray,Not for sale,No,,garden,None,None,Yes,None,NA,NA,None,NA,Cloth
4908,mod wall,https://acnhcdn.com/latest/FtrIcon/RoomTexWallMod00.png,1220,305,Nook's Cranny,,Orange,Orange,For sale,No,,party,None,None,No,Four Pane,Natural Wood,Glass,Roller Shades,Undyed,Wood
4864,modern shoji-screen wall,https://acnhcdn.com/latest/FtrIcon/RoomSpWallShojiModem00.png,1150,287,Nook's Cranny,,Brown,White,For sale,No,,zen-style,shop,None,Yes,None,NA,NA,None,NA,Wood
11178,modern tearoom wall,https://acnhcdn.com/latest/FtrIcon/RoomTexWallMud02.png,1750,437,Nook's Cranny,,Brown,Brown,For sale,No,,zen-style,shop,None,No,Circle,Dark Wood,Screen,None,NA,Stone
4904,modern wood wall,https://acnhcdn.com/latest/FtrIcon/RoomTexWallMixwood00.png,NFS,1800,Crafting,,Brown,Brown,Not for sale,Yes,,living room,child's room,None,No,Single Pane,Natural Wood,Glass,Slatted Blinds,Brown Wood,Wood
4892,monochromatic dotted wall,https://acnhcdn.com/latest/FtrIcon/RoomTexWallDot00.png,1100,275,Nook's Cranny,,Gray,White,For sale,No,,fancy,child's room,None,No,Four Pane,Dark Wood,Glass,Curtains,White,Stone
4910,monochromatic-tile wall,https://acnhcdn.com/latest/FtrIcon/RoomTexWallTile00.png,1420,355,Nook's Cranny,,Gray,White,For sale,No,,bathroom,facility,None,No,Single Pane,White Metal,Glass,Slatted Blinds,White Plastic,Stone
5215,mortar wall,https://acnhcdn.com/latest/FtrIcon/RoomTexWallPlaster00.png,3000,750,Saharah,,Gray,Gray,Not for sale,No,,zen-style,None,None,No,None,NA,NA,None,NA,Stone
4862,mosaic-tile wall,https://acnhcdn.com/latest/FtrIcon/RoomTexWallMosaicTile00.png,1450,362,Nook's Cranny,,Black,White,For sale,No,,bathroom,facility,None,No,Four Pane,Grey Wood,Glass,Roller Shades,White,Stone
5458,mossy-garden wall,https://acnhcdn.com/latest/FtrIcon/RoomTexWallMoss00.png,3000,750,Saharah,,Green,Green,Not for sale,No,,zen-style,None,None,No,None,NA,NA,None,NA,Cloth
5164,mush wall,https://acnhcdn.com/latest/FtrIcon/RoomTexWallMush00.png,NFS,21400,Crafting,,Orange,Brown,Not for sale,Yes,,fancy,None,mush,No,Four Pane,White Wood,Glass,Roller Shades,Undyed,Wood
6004,Nook Inc. wall,https://acnhcdn.com/latest/FtrIcon/RoomTexWallFirst00.png,NFS,6000,Nook Miles Shop,,White,Light blue,Not for sale,No,,fancy,shop,None,No,Four Pane,Dark Wood,Glass,Curtains,White,Plain
5486,ocean-horizon wall,https://acnhcdn.com/latest/FtrIcon/RoomSpWallHorizon00.png,3000,750,Saharah,,Blue,Light blue,Not for sale,No,,ocean,None,None,Yes,None,NA,NA,None,NA,Tile
5218,office wall,https://acnhcdn.com/latest/FtrIcon/RoomTexWallOffice00.png,3000,750,Saharah,,White,Light blue,Not for sale,No,,office,None,None,No,None,NA,NA,None,NA,Wood
4857,old wallpaper,https://acnhcdn.com/latest/FtrIcon/RoomTexWallOld00.png,200,50,Nook's Cranny,,Beige,Beige,For sale,No,,horror,None,None,No,Four Pane,White Wood,Glass,None,NA,Stone
6863,olive desert-tile wall,https://acnhcdn.com/latest/FtrIcon/RoomTexWallMorocco03.png,2440,610,Nook's Cranny,,Yellow,Yellow,For sale,No,,bathroom,facility,None,No,Sliding Pane,White Metal,Glass,None,NA,Cloth
6855,orange camo wall,https://acnhcdn.com/latest/FtrIcon/RoomTexWallCamouflage03.png,1150,287,Nook's Cranny,,Orange,Orange,For sale,No,,party,child's room,None,No,Single Pane,Grey Wood,Glass,Slatted Blinds,White Plastic,Cloth
4870,orange molded-panel wall,https://acnhcdn.com/latest/FtrIcon/RoomTexWallPanelMold00.png,1980,495,Nook's Cranny,,Orange,Beige,For sale,No,,fancy,child's room,None,No,Sliding Pane,White Metal,Glass,None,NA,Cloth
4915,orange wall,https://acnhcdn.com/latest/FtrIcon/RoomTexWallOrange00.png,NFS,4000,Crafting,,Orange,Orange,Not for sale,Yes,,fancy,child's room,fruits,No,Four Pane,Grey Wood,Glass,Roller Shades,White,Stone
4809,orange-paint wall,https://acnhcdn.com/latest/FtrIcon/RoomTexWallStucco01.png,1600,400,Nook's Cranny,,Orange,Orange,For sale,No,,fancy,child's room,None,No,Four Pane,Natural Wood,Glass,None,NA,Stone
4854,paintball wall,https://acnhcdn.com/latest/FtrIcon/RoomTexWallAtelier00.png,3000,750,Saharah,,White,Colorful,Not for sale,No,,garage,facility,None,No,Single Pane,Grey Metal,Glass,Slatted Blinds,Aluminium,Stone
5502,palace wall,https://acnhcdn.com/latest/FtrIcon/RoomSpWallPalace00.png,3000,750,Saharah,,Beige,White,Not for sale,No,,expensive,folk art,None,Yes,None,NA,NA,None,NA,Cloth
5226,party wall,https://acnhcdn.com/latest/FtrIcon/RoomTexWallParty00.png,NFS,370,Birthday,,Colorful,White,Not for sale,No,,party,fancy,None,No,Four Pane,Dark Wood,Glass,Roller Shades,White,Wood
4899,pastel dotted wall,https://acnhcdn.com/latest/FtrIcon/RoomTexWallDot01.png,1100,275,Nook's Cranny,,White,Colorful,For sale,No,,fancy,child's room,None,No,Four Pane,Dark Wood,Glass,Curtains,White,Cloth
4886,pastel puzzle wall,https://acnhcdn.com/latest/FtrIcon/RoomTexWallPuzzle00.png,1540,385,Nook's Cranny,,White,White,For sale,No,,fancy,child's room,None,No,Single Pane,White Metal,Glass,Slatted Blinds,White Plastic,Stone
6857,peach two-toned tile wall,https://acnhcdn.com/latest/FtrIcon/RoomTexWallTwoToneTile04.png,1850,462,Nook's Cranny,,Pink,Pink,For sale,No,,bathroom,facility,None,No,Sliding Pane,White Metal,Glass,None,NA,Cloth
4918,peach wall,https://acnhcdn.com/latest/FtrIcon/RoomTexWallPeach00.png,NFS,4000,Crafting,,Pink,Pink,Not for sale,Yes,,fancy,child's room,fruits,No,Four Pane,Grey Wood,Glass,Roller Shades,White,Cloth
4917,pear wall,https://acnhcdn.com/latest/FtrIcon/RoomTexWallPear00.png,NFS,4000,Crafting,,Green,Green,Not for sale,Yes,,fancy,child's room,fruits,No,Four Pane,Grey Wood,Glass,Roller Shades,White,Tile
4921,perforated-board wall,https://acnhcdn.com/latest/FtrIcon/RoomTexWallPegboard01.png,1180,295,Nook's Cranny,,Brown,Brown,For sale,No,,music,facility,None,No,None,NA,NA,None,NA,Wood
4895,pink blossoming wall,https://acnhcdn.com/latest/FtrIcon/RoomTexWallCountry01.png,1760,440,Nook's Cranny,,Pink,Brown,For sale,No,,fancy,living room,None,No,Four Pane,Dark Wood,Glass,Curtains,Red Checkered,Stone
7242,pink diner wall,https://acnhcdn.com/latest/FtrIcon/RoomTexWallDiner01.png,2420,605,Nook's Cranny,,Pink,Colorful,For sale,No,,fancy,shop,None,No,Single Pane,White Metal,Glass,Slatted Blinds,White Plastic,Wood
4893,pink flower-print wall,https://acnhcdn.com/latest/FtrIcon/RoomTexWallFlower00.png,1780,445,Nook's Cranny,,Pink,Pink,For sale,No,,fancy,living room,None,No,Four Pane,Natural Wood,Glass,Curtains,Pink,Cloth
4875,pink heart-pattern wall,https://acnhcdn.com/latest/FtrIcon/RoomTexWallHeart01.png,1280,320,Nook's Cranny,,Pink,Pink,For sale,No,,fancy,child's room,None,No,Four Pane,White Wood,Glass,Roller Shades,White,Wood
4802,pink painted-wood wall,https://acnhcdn.com/latest/FtrIcon/RoomTexWallPaintWood02.png,1650,412,Nook's Cranny,,Pink,Pink,For sale,No,,fancy,child's room,None,No,Four Pane,White Wood,Glass,None,NA,Cloth
4889,pink playroom wall,https://acnhcdn.com/latest/FtrIcon/RoomTexWallToy01.png,2540,635,Nook's Cranny,,Pink,Pink,For sale,No,,child's room,fancy,None,No,Sliding Pane,White Metal,Glass,None,NA,Cloth
7274,pink quilt wall,https://acnhcdn.com/latest/FtrIcon/RoomTexWallDollhouse00.png,2150,537,Nook's Cranny,,Pink,White,For sale,No,,fancy,child's room,None,No,Four Pane,White Wood,Glass,Curtains,White Lace,Stone
4924,pink shanty wall,https://acnhcdn.com/latest/FtrIcon/RoomTexWallTin01.png,620,155,Nook's Cranny,,Pink,Pink,For sale,No,,garage,None,None,No,Single Pane,Grey Wood,Glass,Slatted Blinds,White Plastic,Wood
4868,pink simple-cloth wall,https://acnhcdn.com/latest/FtrIcon/RoomTexWallSimple02.png,750,187,Nook's Cranny,,Pink,Pink,For sale,No,,child's room,living room,None,No,Four Pane,White Wood,Glass,Curtains,White,Tile
4816,pink-crown wall,https://acnhcdn.com/latest/FtrIcon/RoomTexWallCrown02.png,2350,587,Nook's Cranny,,Pink,White,For sale,No,,fancy,expensive,None,No,None,NA,NA,None,NA,Cloth
4943,pink-striped wall,https://acnhcdn.com/latest/FtrIcon/RoomTexWallStripe01.png,1520,380,Nook's Cranny,,Pink,White,For sale,No,,fancy,child's room,None,No,Four Pane,White Wood,Glass,Roller Shades,White,Cloth
4885,purple camo wall,https://acnhcdn.com/latest/FtrIcon/RoomTexWallCamouflage02.png,1150,287,Nook's Cranny,,Purple,Purple,For sale,No,,party,child's room,None,No,Single Pane,White Metal,Glass,Slatted Blinds,White Plastic,Stone
6864,purple desert-tile wall,https://acnhcdn.com/latest/FtrIcon/RoomTexWallMorocco02.png,2440,610,Nook's Cranny,,Purple,Purple,For sale,No,,bathroom,facility,None,No,Sliding Pane,White Metal,Glass,None,NA,Wood
4902,purple dotted wall,https://acnhcdn.com/latest/FtrIcon/RoomTexWallDot04.png,1100,275,Nook's Cranny,,Purple,White,For sale,No,,fancy,child's room,None,No,Four Pane,Natural Wood,Glass,Curtains,White,Cloth
6875,purple puzzle wall,https://acnhcdn.com/latest/FtrIcon/RoomTexWallPuzzle03.png,1540,385,Nook's Cranny,,Purple,Colorful,For sale,No,,None,None,None,No,Single Pane,White Metal,Glass,Slatted Blinds,White Plastic,Cloth
7275,purple quilt wall,https://acnhcdn.com/latest/FtrIcon/RoomTexWallDollhouse03.png,2150,537,Nook's Cranny,,Purple,White,For sale,No,,fancy,child's room,None,No,Four Pane,White Wood,Glass,Curtains,White Lace,Wood
4907,purple-rose wall,https://acnhcdn.com/latest/FtrIcon/RoomTexWallRose01.png,1720,430,Nook's Cranny,,Purple,Purple,For sale,No,,fancy,None,None,No,Arch,Grey Metal,Glass,None,NA,Stone
4845,rammed-earth wall,https://acnhcdn.com/latest/FtrIcon/RoomTexWallHanchiku00.png,1800,450,Nook's Cranny,,Brown,Beige,For sale,No,,folk art,None,None,No,None,NA,NA,None,NA,Stone
5225,ramshackle wall,https://acnhcdn.com/latest/FtrIcon/RoomTexWallRuins00.png,3000,750,Saharah,,Brown,Beige,Not for sale,No,,horror,None,None,No,Four Pane,Dark Wood,Glass,None,NA,Wood
4818,red art-deco wall,https://acnhcdn.com/latest/FtrIcon/RoomTexWallArtDeco01.png,2780,695,Nook's Cranny,,Red,Black,For sale,No,,child's room,living room,None,No,Arch,Grey Metal,Glass,None,NA,Wood
4897,red delicate-blooms wall,https://acnhcdn.com/latest/FtrIcon/RoomTexWallManor01.png,1900,475,Nook's Cranny,,Red,Brown,For sale,No,,expensive,living room,None,No,Four Pane,Dark Wood,Glass,Roller Shades,Undyed,Wood
4900,red dotted wall,https://acnhcdn.com/latest/FtrIcon/RoomTexWallDot02.png,1100,275,Nook's Cranny,,Red,Red,For sale,No,,fancy,child's room,None,No,Four Pane,White Wood,Glass,Curtains,White,Cloth
6870,red heart-pattern wall,https://acnhcdn.com/latest/FtrIcon/RoomTexWallHeart03.png,1280,320,Nook's Cranny,,Red,Red,For sale,No,,fancy,child's room,None,No,Four Pane,White Wood,Glass,Roller Shades,White,Wood
6879,red intricate wall,https://acnhcdn.com/latest/FtrIcon/RoomTexWallFlowerPop03.png,1570,392,Nook's Cranny,,Red,White,For sale,No,,living room,shop,None,No,Four Pane,Grey Wood,Glass,Roller Shades,White,Tile
6853,red perforated-board wall,https://acnhcdn.com/latest/FtrIcon/RoomTexWallPegboard03.png,1180,295,Nook's Cranny,,Red,Red,For sale,No,,music,facility,None,No,None,NA,NA,None,NA,Stone
6856,red two-toned tile wall,https://acnhcdn.com/latest/FtrIcon/RoomTexWallTwoToneTile03.png,1850,462,Nook's Cranny,,Red,Red,For sale,No,,bathroom,facility,None,No,Sliding Pane,White Metal,Glass,None,NA,Wood
4928,red-brick wall,https://acnhcdn.com/latest/FtrIcon/RoomTexWallBrick01.png,1000,250,Nook's Cranny,,Red,Brown,For sale,No,,facility,shop,None,No,Four Pane,Dark Wood,Glass,None,NA,Wood
4847,retro flower-print wall,https://acnhcdn.com/latest/FtrIcon/RoomTexWallKitsch00.png,1660,415,Nook's Cranny,,Green,Green,For sale,No,,fancy,living room,None,No,Four Pane,White Wood,Glass,Curtains,White Lace,Plain
5487,rice-paddy wall,https://acnhcdn.com/latest/FtrIcon/RoomSpWallFarm00.png,3000,750,Saharah,,Light blue,Green,Not for sale,No,,garden,None,None,Yes,None,NA,NA,None,NA,Plain
5512,ringside seating,https://acnhcdn.com/latest/FtrIcon/RoomSpWallWrestling00.png,3000,750,Saharah,,Black,Black,Not for sale,No,,fitness,None,None,Yes,None,NA,NA,None,NA,Stone
4851,rock-climbing wall,https://acnhcdn.com/latest/FtrIcon/RoomTexWallBouldering00.png,3000,750,Saharah,,White,Colorful,Not for sale,No,,fitness,None,None,No,None,NA,NA,None,NA,Wood
4906,rose wall,https://acnhcdn.com/latest/FtrIcon/RoomTexWallRose00.png,1720,430,Nook's Cranny,,Red,White,For sale,No,,fancy,None,None,No,Arch,Wood,Glass,None,NA,Stone
5228,ruins wall,https://acnhcdn.com/latest/FtrIcon/RoomTexWallRemains00.png,3000,750,Saharah,,Black,Gray,Not for sale,No,,horror,folk art,None,No,None,NA,NA,None,NA,Stone
4813,rustic-stone wall,https://acnhcdn.com/latest/FtrIcon/RoomTexWallStone00.png,NFS,1750,Crafting,,Gray,Gray,Not for sale,Yes,,facility,shop,None,No,Four Pane,Dark Wood,Glass,None,NA,Wood
4947,sakura-wood wall,https://acnhcdn.com/latest/FtrIcon/RoomTexWallSolidWood00.png,NFS,3200,Crafting,,Pink,Pink,Not for sale,Yes,,child's room,fancy,cherry blossoms,No,Four Pane,Grey Wood,Glass,Curtains,Pink,Tile
5510,sci-fi wall,https://acnhcdn.com/latest/FtrIcon/RoomSpWallSF00.png,NFS,7500,Crafting,,Black,Black,Not for sale,Yes,,space,facility,None,Yes,None,NA,NA,None,NA,Wood
4819,screen wall,https://acnhcdn.com/latest/FtrIcon/RoomTexWallFusuma00.png,3000,750,Nook's Cranny,,White,White,For sale,No,,zen-style,facility,None,No,None,NA,NA,None,NA,Plain
5501,sea view,https://acnhcdn.com/latest/FtrIcon/RoomSpWallSeaView00.png,3000,750,Saharah,,Light blue,Blue,Not for sale,No,,ocean,None,None,Yes,None,NA,NA,None,NA,Tile
5491,security-monitors wall,https://acnhcdn.com/latest/FtrIcon/RoomSpWallMonitor00.png,3000,750,Saharah,,Black,Gray,Not for sale,No,,facility,None,None,Yes,None,NA,NA,None,NA,Cloth
6874,sepia puzzle wall,https://acnhcdn.com/latest/FtrIcon/RoomTexWallPuzzle02.png,1540,385,Nook's Cranny,,Beige,Colorful,For sale,No,,fancy,child's room,None,No,Single Pane,White Metal,Glass,Slatted Blinds,White Plastic,Tile
5490,server-room wall,https://acnhcdn.com/latest/FtrIcon/RoomSpWallServer00.png,3000,750,Saharah,,Black,Black,Not for sale,No,,facility,None,None,Yes,None,NA,NA,None,NA,Wood
4863,shoji screen,https://acnhcdn.com/latest/FtrIcon/RoomSpWallShoji00.png,1880,470,Nook's Cranny,,Beige,White,For sale,No,,zen-style,None,None,Yes,None,NA,NA,None,NA,Stone
4825,shutter wall,https://acnhcdn.com/latest/FtrIcon/RoomTexWallShutter00.png,3000,750,Saharah,,White,Gray,Not for sale,No,,facility,shop,None,No,None,NA,NA,None,NA,Plain
5498,ski-slope wall,https://acnhcdn.com/latest/FtrIcon/RoomSpWallGelande00.png,NFS,3200,Crafting,,White,White,Not for sale,Yes,,freezing cold,None,None,Yes,None,NA,NA,None,NA,Cloth
5520,skull wall,https://acnhcdn.com/latest/FtrIcon/RoomSpWallSkull00.png,3000,750,Nook's Cranny,,Black,Black,For sale,No,,horror,child's room,None,Yes,Single Pane,Black Metal,Glass,Slatted Blinds,Black Plastic,Plain
5504,sky wall,https://acnhcdn.com/latest/FtrIcon/RoomSpWallCloud00.png,3000,750,Saharah,,Light blue,White,Not for sale,No,,fancy,None,None,Yes,None,NA,NA,None,NA,Stone
4852,skyscraper wall,https://acnhcdn.com/latest/FtrIcon/RoomTexWallSkyscraper00.png,3000,750,Saharah,,Black,Gray,Not for sale,No,,expensive,None,None,No,None,NA,NA,None,NA,Cloth
4855,snowflake wall,https://acnhcdn.com/latest/FtrIcon/RoomTexWallSnowCrystal00.png,NFS,4800,Crafting,,Light blue,Light blue,Not for sale,Yes,,freezing cold,None,None,No,Four Pane,Grey Wood,Glass,Roller Shades,White,Wood
11177,soothing tearoom wall,https://acnhcdn.com/latest/FtrIcon/RoomTexWallMud01.png,1750,437,Nook's Cranny,,White,Beige,For sale,No,,zen-style,shop,None,No,Circle,Natural Wood,Screen,None,NA,Wood
4844,stacked-wood wall,https://acnhcdn.com/latest/FtrIcon/RoomTexWallFireWood00.png,NFS,1800,Crafting,,Brown,Brown,Not for sale,Yes,,garage,facility,None,No,None,NA,NA,None,NA,Plain
5503,stadium wall,https://acnhcdn.com/latest/FtrIcon/RoomSpWallStadium00.png,3000,750,Saharah,,Colorful,Colorful,Not for sale,No,,fitness,None,None,Yes,None,NA,NA,None,NA,Wood
5521,standard tearoom wall,https://acnhcdn.com/latest/FtrIcon/RoomTexWallMud00.png,1750,437,Nook's Cranny,,Green,Green,For sale,No,,zen-style,None,None,No,Circle,Natural Wood,Screen,None,NA,Cloth
5528,starry wall,https://acnhcdn.com/latest/FtrIcon/RoomSpWallStarPrint00.png,NFS,7500,Crafting,,Gray,White,Not for sale,Yes,,fancy,child's room,None,Yes,Four Pane,White Wood,Glass,Roller Shades,White,Plain
5500,starry-sky wall,https://acnhcdn.com/latest/FtrIcon/RoomSpWallStarSky00.png,NFS,7500,Crafting,,Blue,Blue,Not for sale,Yes,,space,None,stars,Yes,None,NA,NA,None,NA,Stone
4861,stately wall,https://acnhcdn.com/latest/FtrIcon/RoomTexWallRenaissance00.png,2450,612,Nook's Cranny,,White,White,For sale,No,,expensive,None,None,No,None,NA,NA,None,NA,Stone
4801,steel-frame wall,https://acnhcdn.com/latest/FtrIcon/RoomTexWallSteel00.png,NFS,6000,Crafting,,Red,Gray,Not for sale,Yes,,garage,facility,None,No,None,NA,NA,None,NA,Stone
5216,stone wall,https://acnhcdn.com/latest/FtrIcon/RoomTexWallBasement00.png,NFS,1500,Crafting,,Black,Gray,Not for sale,Yes,,horror,facility,None,No,None,NA,NA,None,NA,Plain
5499,stormy-night wall,https://acnhcdn.com/latest/FtrIcon/RoomSpWallThunder00.png,3000,750,Saharah,,Black,Gray,Not for sale,No,,horror,None,None,Yes,None,NA,NA,None,NA,Stone
5217,straw wall,https://acnhcdn.com/latest/FtrIcon/RoomTexWallStraw00.png,3000,750,Saharah,,Beige,Beige,Not for sale,No,,folk art,None,None,No,None,NA,NA,None,NA,Tile
4934,strawberry-chocolate wall,https://acnhcdn.com/latest/FtrIcon/RoomTexWallChocolate02.png,3000,750,Saharah,,Pink,Pink,Not for sale,No,,fancy,None,None,No,None,NA,NA,None,NA,Stone
5221,street-art wall,https://acnhcdn.com/latest/FtrIcon/RoomTexWallStreetArt00.png,3000,750,Saharah,,Colorful,Colorful,Not for sale,No,,garage,None,None,No,None,NA,NA,None,NA,Plain
5513,summit wall,https://acnhcdn.com/latest/FtrIcon/RoomSpWallMountainTop00.png,3000,750,Saharah,,Black,White,Not for sale,No,,garden,None,None,Yes,None,NA,NA,None,NA,Stone
5456,tree-lined wall,https://acnhcdn.com/latest/FtrIcon/RoomTexWallRoadsideTree00.png,3000,750,Saharah,,Green,Light blue,Not for sale,No,,garden,None,None,No,None,NA,NA,None,NA,Plain
5661,tropical vista,https://acnhcdn.com/latest/FtrIcon/RoomSpWallTropical00.png,NFS,6000,Crafting,,Light blue,Beige,Not for sale,Yes,,ocean,None,None,Yes,None,NA,NA,None,NA,Plain
5508,underwater wall,https://acnhcdn.com/latest/FtrIcon/RoomSpWallFishTank00.png,NFS,8600,Crafting,,Blue,Light blue,Not for sale,Yes,,ocean,None,None,Yes,None,NA,NA,None,NA,Stone
4832,wavy-tile wall,https://acnhcdn.com/latest/FtrIcon/RoomTexWallWaveTile00.png,1740,435,Nook's Cranny,,Gray,White,For sale,No,,shop,facility,None,No,None,NA,NA,None,NA,Plain
12461,wedding-party wall,https://acnhcdn.com/latest/FtrIcon/RoomTexWallJuneBride00.png,1750,437.5,Wedding Season,,None,None,Not for sale,No,,party,expensive,wedding,No,None,NA,NA,None,NA,Stone
5489,western vista,https://acnhcdn.com/latest/FtrIcon/RoomSpWallWilderness00.png,3000,750,Saharah,,Brown,Beige,Not for sale,No,,folk art,horror,None,Yes,None,NA,NA,None,NA,Stone
4826,white botanical-tile wall,https://acnhcdn.com/latest/FtrIcon/RoomTexWallWoodTile00.png,1240,310,Nook's Cranny,,White,White,For sale,No,,facility,expensive,None,No,Single Pane,White Wood,Glass,Slatted Blinds,White Plastic,Wood
4891,white delicate-blooms wall,https://acnhcdn.com/latest/FtrIcon/RoomTexWallManor00.png,1900,475,Nook's Cranny,,White,White,For sale,No,,expensive,living room,None,No,Four Pane,Dark Wood,Glass,Roller Shades,Undyed,Wood
6861,white hallway wall,https://acnhcdn.com/latest/FtrIcon/RoomTexWallHall02.png,2000,500,Nook's Cranny,,White,White,For sale,No,,facility,music,None,No,None,NA,NA,None,NA,Stone
4914,white honeycomb-tile wall,https://acnhcdn.com/latest/FtrIcon/RoomTexWallHoneycomb03.png,1680,420,Nook's Cranny,,White,White,For sale,No,,bathroom,facility,None,No,Sliding Pane,White Metal,Glass,None,NA,Wood
4803,white painted-wood wall,https://acnhcdn.com/latest/FtrIcon/RoomTexWallPaintWood03.png,1650,412,Nook's Cranny,,White,White,For sale,No,,living room,child's room,None,No,Four Pane,White Wood,Glass,None,NA,Tile
4920,white perforated-board wall,https://acnhcdn.com/latest/FtrIcon/RoomTexWallPegboard00.png,1180,295,Nook's Cranny,,White,White,For sale,No,,music,facility,None,No,None,NA,NA,None,NA,Wood
4939,white simple-cloth wall,https://acnhcdn.com/latest/FtrIcon/RoomTexWallSimple00.png,750,187,Nook's Cranny,,White,White,For sale,No,,child's room,living room,None,No,Four Pane,Light Wood,Glass,Curtains,White,Stone
4941,white subway-tile wall,https://acnhcdn.com/latest/FtrIcon/RoomTexWallMetro01.png,1340,335,Nook's Cranny,,White,White,For sale,No,,facility,shop,None,No,Sliding Pane,White Metal,Glass,None,NA,Wood
12466,white wedding wall,https://acnhcdn.com/latest/FtrIcon/RoomSpWallChurch00.png,3000,750,Wedding Season,,None,None,Not for sale,No,,party,expensive,wedding,No,None,NA,NA,None,NA,Stone
4927,white-brick wall,https://acnhcdn.com/latest/FtrIcon/RoomTexWallBrick00.png,1000,250,Nook's Cranny,,White,White,For sale,No,,facility,shop,None,No,Four Pane,White Wood,Glass,None,NA,Tile
4933,white-chocolate wall,https://acnhcdn.com/latest/FtrIcon/RoomTexWallChocolate01.png,3000,750,Saharah,,White,Beige,Not for sale,No,,fancy,None,None,No,None,NA,NA,None,NA,Wood
6868,white-rose wall,https://acnhcdn.com/latest/FtrIcon/RoomTexWallRose02.png,1720,430,Nook's Cranny,,Pink,White,For sale,No,,fancy,None,None,No,Arch,Grey Metal,Glass,None,NA,Stone
4858,wild-wood wall,https://acnhcdn.com/latest/FtrIcon/RoomTexWallWildWood00.png,NFS,1800,Crafting,,Black,Black,Not for sale,Yes,,living room,shop,None,No,Single Pane,Dark Wood,Glass,Slatted Blinds,Dark Brown Wood,Wood
4911,wooden-knot wall,https://acnhcdn.com/latest/FtrIcon/RoomTexWallCedar00.png,NFS,1800,Crafting,,Brown,Brown,Not for sale,Yes,,living room,child's room,None,No,Four Pane,Natural Wood,Glass,Roller Shades,Undyed,Stone
4859,wooden-mosaic wall,https://acnhcdn.com/latest/FtrIcon/RoomTexWallMixPlankWood00.png,NFS,1800,Crafting,,Brown,Brown,Not for sale,Yes,,living room,shop,None,No,Single Pane,Natural Wood,Glass,Slatted Blinds,Brown Wood,Stone
5223,woodland wall,https://acnhcdn.com/latest/FtrIcon/RoomTexWallJukai00.png,NFS,1380,Crafting,,Green,Green,Not for sale,Yes,,horror,facility,None,No,None,NA,NA,None,NA,Wood
6872,yellow flower-print wall,https://acnhcdn.com/latest/FtrIcon/RoomTexWallFlower02.png,1780,445,Nook's Cranny,,Yellow,Yellow,For sale,No,,fancy,living room,None,No,Four Pane,Dark Wood,Glass,Curtains,Yellow,Cloth
6871,yellow heart-pattern wall,https://acnhcdn.com/latest/FtrIcon/RoomTexWallHeart02.png,1280,320,Nook's Cranny,,Yellow,Yellow,For sale,No,,fancy,child's room,None,No,Four Pane,White Wood,Glass,Roller Shades,White,Wood
4849,yellow intricate wall,https://acnhcdn.com/latest/FtrIcon/RoomTexWallFlowerPop01.png,1570,392,Nook's Cranny,,Yellow,White,For sale,No,,living room,shop,None,No,Four Pane,Grey Wood,Glass,Roller Shades,White,Cloth
6865,yellow playroom wall,https://acnhcdn.com/latest/FtrIcon/RoomTexWallToy03.png,2540,635,Nook's Cranny,,Yellow,Yellow,For sale,No,,child's room,fancy,None,No,Sliding Pane,White Metal,Glass,None,NA,Cloth
7276,yellow quilt wall,https://acnhcdn.com/latest/FtrIcon/RoomTexWallDollhouse02.png,2150,537,Nook's Cranny,,Yellow,White,For sale,No,,fancy,child's room,None,No,Four Pane,White Wood,Glass,Curtains,White Lace,Wood
4867,yellow simple-cloth wall,https://acnhcdn.com/latest/FtrIcon/RoomTexWallSimple01.png,750,187,Nook's Cranny,,Beige,Yellow,For sale,No,,child's room,living room,None,No,Four Pane,White Wood,Glass,Curtains,White,Stone
4808,yellow-paint wall,https://acnhcdn.com/latest/FtrIcon/RoomTexWallStucco00.png,1600,400,Nook's Cranny,,Yellow,Yellow,For sale,No,,fancy,child's room,None,No,Four Pane,Natural Wood,Glass,None,NA,Cloth
4946,yellow-striped wall,https://acnhcdn.com/latest/FtrIcon/RoomTexWallStripe04.png,1520,380,Nook's Cranny,,Yellow,Beige,For sale,No,,fancy,child's room,None,No,Four Pane,White Wood,Glass,Roller Shades,White,Cloth
