Internal ID,Name,Storage Image,Buy,Sell,Source,Source Notes,Color 1,Color 2,Catalog,DIY,Size,Closet Image,Seasonal Availability,Style,Label Themes,Variation,Type,Villager Equippable,Miles Price
4463,3D glasses,https://acnhcdn.com/latest/FtrIcon/AccessoryGlassThreed0.png,490,122,Able Sisters,Available from Able Sisters shop only,White,Colorful,For sale,No,1x1,https://acnhcdn.com/latest/ClosetIcon/AccessoryGlassThreed0.png,All Year,Active,party,White,AccessoryEye,Yes,NA
11020,3D glasses,https://acnhcdn.com/latest/FtrIcon/AccessoryGlassThreed1.png,490,122,Able Sisters,Available from Able Sisters shop only,Black,Colorful,For sale,No,1x1,https://acnhcdn.com/latest/ClosetIcon/AccessoryGlassThreed1.png,All Year,Active,party,Black,AccessoryEye,Yes,NA
4677,bandage,https://acnhcdn.com/latest/FtrIcon/AccessoryMouthBandageSkin.png,140,35,Able Sisters,Available from either Mable's temporary shop or Able Sisters shop,Beige,White,For sale,No,1x1,https://acnhcdn.com/latest/ClosetIcon/AccessoryMouthBandageSkin.png,All Year,Active,outdoorsy; comfy; sporty,Beige,AccessoryMouth,No,NA
3549,beak,https://acnhcdn.com/latest/FtrIcon/AccessoryMouthBeakYellow.png,490,122,Able Sisters,Available from either Mable's temporary shop or Able Sisters shop,Yellow,Yellow,For sale,No,1x1,https://acnhcdn.com/latest/ClosetIcon/AccessoryMouthBeakYellow.png,All Year,Cute,fairy tale; party; theatrical,Yellow,AccessoryMouthInvisibleNose,No,NA
4510,birthday shades,https://acnhcdn.com/latest/FtrIcon/AccessoryGlassBirthday0.png,NFS,620,Birthday,,Yellow,Red,Not for sale,No,1x1,https://acnhcdn.com/latest/ClosetIcon/AccessoryGlassBirthday0.png,All Year,Gorgeous,party,Yellow,AccessoryEye,Yes,NA
11217,birthday shades,https://acnhcdn.com/latest/FtrIcon/AccessoryGlassBirthday1.png,NFS,620,Birthday,,Pink,Pink,Not for sale,No,1x1,https://acnhcdn.com/latest/ClosetIcon/AccessoryGlassBirthday1.png,All Year,Gorgeous,party,Pink,AccessoryEye,Yes,NA
11218,birthday shades,https://acnhcdn.com/latest/FtrIcon/AccessoryGlassBirthday2.png,NFS,620,Birthday,,Red,Pink,Not for sale,No,1x1,https://acnhcdn.com/latest/ClosetIcon/AccessoryGlassBirthday2.png,All Year,Gorgeous,party,Red,AccessoryEye,Yes,NA
11219,birthday shades,https://acnhcdn.com/latest/FtrIcon/AccessoryGlassBirthday3.png,NFS,620,Birthday,,Light blue,Green,Not for sale,No,1x1,https://acnhcdn.com/latest/ClosetIcon/AccessoryGlassBirthday3.png,All Year,Gorgeous,party,Blue,AccessoryEye,Yes,NA
4597,bottom-rimmed glasses,https://acnhcdn.com/latest/FtrIcon/AccessoryGlassLoose0.png,1100,275,Able Sisters,Available from Able Sisters shop only,Red,Red,For sale,No,1x1,https://acnhcdn.com/latest/ClosetIcon/AccessoryGlassLoose0.png,All Year,Simple,everyday; comfy; work,Red,AccessoryEye,Yes,NA
11081,bottom-rimmed glasses,https://acnhcdn.com/latest/FtrIcon/AccessoryGlassLoose1.png,1100,275,Able Sisters,Available from Able Sisters shop only,Purple,Purple,For sale,No,1x1,https://acnhcdn.com/latest/ClosetIcon/AccessoryGlassLoose1.png,All Year,Simple,everyday; comfy; work,Purple,AccessoryEye,Yes,NA
11082,bottom-rimmed glasses,https://acnhcdn.com/latest/FtrIcon/AccessoryGlassLoose2.png,1100,275,Able Sisters,Available from Able Sisters shop only,Green,Green,For sale,No,1x1,https://acnhcdn.com/latest/ClosetIcon/AccessoryGlassLoose2.png,All Year,Simple,everyday; comfy; work,Green,AccessoryEye,Yes,NA
11083,bottom-rimmed glasses,https://acnhcdn.com/latest/FtrIcon/AccessoryGlassLoose3.png,1100,275,Able Sisters,Available from Able Sisters shop only,Blue,Blue,For sale,No,1x1,https://acnhcdn.com/latest/ClosetIcon/AccessoryGlassLoose3.png,All Year,Simple,everyday; comfy; work,Blue,AccessoryEye,Yes,NA
11084,bottom-rimmed glasses,https://acnhcdn.com/latest/FtrIcon/AccessoryGlassLoose4.png,1100,275,Able Sisters,Available from Able Sisters shop only,Yellow,Yellow,For sale,No,1x1,https://acnhcdn.com/latest/ClosetIcon/AccessoryGlassLoose4.png,All Year,Simple,everyday; comfy; work,Yellow,AccessoryEye,Yes,NA
11085,bottom-rimmed glasses,https://acnhcdn.com/latest/FtrIcon/AccessoryGlassLoose5.png,1100,275,Able Sisters,Available from Able Sisters shop only,Pink,Pink,For sale,No,1x1,https://acnhcdn.com/latest/ClosetIcon/AccessoryGlassLoose5.png,All Year,Simple,everyday; comfy; work,Pink,AccessoryEye,Yes,NA
11086,bottom-rimmed glasses,https://acnhcdn.com/latest/FtrIcon/AccessoryGlassLoose6.png,1100,275,Able Sisters,Available from Able Sisters shop only,Black,Black,For sale,No,1x1,https://acnhcdn.com/latest/ClosetIcon/AccessoryGlassLoose6.png,All Year,Simple,everyday; comfy; work,Black,AccessoryEye,Yes,NA
4238,browline glasses,https://acnhcdn.com/latest/FtrIcon/AccessoryGlassThurmont0.png,1040,260,Able Sisters,Available from Able Sisters shop only,Black,Yellow,For sale,No,1x1,https://acnhcdn.com/latest/ClosetIcon/AccessoryGlassThurmont0.png,All Year,Simple,everyday; formal,Black,AccessoryEye,Yes,NA
11069,browline glasses,https://acnhcdn.com/latest/FtrIcon/AccessoryGlassThurmont1.png,1040,260,Able Sisters,Available from Able Sisters shop only,Brown,Yellow,For sale,No,1x1,https://acnhcdn.com/latest/ClosetIcon/AccessoryGlassThurmont1.png,All Year,Simple,everyday; formal,Brown,AccessoryEye,Yes,NA
11070,browline glasses,https://acnhcdn.com/latest/FtrIcon/AccessoryGlassThurmont2.png,1040,260,Able Sisters,Available from Able Sisters shop only,Green,Gray,For sale,No,1x1,https://acnhcdn.com/latest/ClosetIcon/AccessoryGlassThurmont2.png,All Year,Simple,everyday; formal,Green,AccessoryEye,Yes,NA
11071,browline glasses,https://acnhcdn.com/latest/FtrIcon/AccessoryGlassThurmont3.png,1040,260,Able Sisters,Available from Able Sisters shop only,Gray,Yellow,For sale,No,1x1,https://acnhcdn.com/latest/ClosetIcon/AccessoryGlassThurmont3.png,All Year,Simple,everyday; formal,Gray,AccessoryEye,Yes,NA
5738,bubblegum,https://acnhcdn.com/latest/FtrIcon/AccessoryMouthBubblegum0.png,140,35,Able Sisters,Available from either Mable's temporary shop or Able Sisters shop,Pink,Pink,For sale,No,1x1,https://acnhcdn.com/latest/ClosetIcon/AccessoryMouthBubblegum0.png,All Year,Simple,comfy,Pink,AccessoryMouth,No,NA
11027,bubblegum,https://acnhcdn.com/latest/FtrIcon/AccessoryMouthBubblegum1.png,140,35,Able Sisters,Available from either Mable's temporary shop or Able Sisters shop,Light blue,Light blue,For sale,No,1x1,https://acnhcdn.com/latest/ClosetIcon/AccessoryMouthBubblegum1.png,All Year,Simple,comfy,Blue,AccessoryMouth,No,NA
11028,bubblegum,https://acnhcdn.com/latest/FtrIcon/AccessoryMouthBubblegum2.png,140,35,Able Sisters,Available from either Mable's temporary shop or Able Sisters shop,Yellow,Yellow,For sale,No,1x1,https://acnhcdn.com/latest/ClosetIcon/AccessoryMouthBubblegum2.png,All Year,Simple,comfy,Yellow,AccessoryMouth,No,NA
11029,bubblegum,https://acnhcdn.com/latest/FtrIcon/AccessoryMouthBubblegum3.png,140,35,Able Sisters,Available from either Mable's temporary shop or Able Sisters shop,Green,Green,For sale,No,1x1,https://acnhcdn.com/latest/ClosetIcon/AccessoryMouthBubblegum3.png,All Year,Simple,comfy,Green,AccessoryMouth,No,NA
11030,bubblegum,https://acnhcdn.com/latest/FtrIcon/AccessoryMouthBubblegum4.png,140,35,Able Sisters,Available from either Mable's temporary shop or Able Sisters shop,White,White,For sale,No,1x1,https://acnhcdn.com/latest/ClosetIcon/AccessoryMouthBubblegum4.png,All Year,Simple,comfy,White,AccessoryMouth,No,NA
4600,bunny nose,https://acnhcdn.com/latest/FtrIcon/AccessoryMouthRabbit0.png,560,140,Able Sisters,Available from Able Sisters shop only,Pink,Pink,For sale,No,1x1,https://acnhcdn.com/latest/ClosetIcon/AccessoryMouthRabbit0.png,All Year,Cute,fairy tale; party; theatrical,Pink,AccessoryMouthInvisibleNose,No,NA
11023,bunny nose,https://acnhcdn.com/latest/FtrIcon/AccessoryMouthRabbit1.png,560,140,Able Sisters,Available from Able Sisters shop only,Yellow,Orange,For sale,No,1x1,https://acnhcdn.com/latest/ClosetIcon/AccessoryMouthRabbit1.png,All Year,Cute,fairy tale; party; theatrical,Yellow,AccessoryMouthInvisibleNose,No,NA
11024,bunny nose,https://acnhcdn.com/latest/FtrIcon/AccessoryMouthRabbit2.png,560,140,Able Sisters,Available from Able Sisters shop only,White,Red,For sale,No,1x1,https://acnhcdn.com/latest/ClosetIcon/AccessoryMouthRabbit2.png,All Year,Cute,fairy tale; party; theatrical,White,AccessoryMouthInvisibleNose,No,NA
4608,butterfly shades,https://acnhcdn.com/latest/FtrIcon/AccessoryGlassButterfly0.png,1040,260,Able Sisters,Available from either Mable's temporary shop or Able Sisters shop,Black,Blue,For sale,No,1x1,https://acnhcdn.com/latest/ClosetIcon/AccessoryGlassButterfly0.png,All Year,Cool,outdoorsy,Blue,AccessoryEye,Yes,NA
11503,butterfly shades,https://acnhcdn.com/latest/FtrIcon/AccessoryGlassButterfly1.png,1040,260,Able Sisters,Available from either Mable's temporary shop or Able Sisters shop,Red,Brown,For sale,No,1x1,https://acnhcdn.com/latest/ClosetIcon/AccessoryGlassButterfly1.png,All Year,Cool,outdoorsy,Red,AccessoryEye,Yes,NA
11504,butterfly shades,https://acnhcdn.com/latest/FtrIcon/AccessoryGlassButterfly2.png,1040,260,Able Sisters,Available from either Mable's temporary shop or Able Sisters shop,Brown,Brown,For sale,No,1x1,https://acnhcdn.com/latest/ClosetIcon/AccessoryGlassButterfly2.png,All Year,Cool,outdoorsy,Brown,AccessoryEye,Yes,NA
5666,candy-skull mask,https://acnhcdn.com/latest/FtrIcon/AccessoryGlassmouthCatrina0.png,NFS,800,Gulliver,,White,Purple,Not for sale,No,1x1,https://acnhcdn.com/latest/ClosetIcon/AccessoryGlassmouthCatrina0.png,All Year,Gorgeous,formal; party; theatrical,Purple,AccessoryEyeMouthInvisibleNose,No,NA
11169,candy-skull mask,https://acnhcdn.com/latest/FtrIcon/AccessoryGlassmouthCatrina1.png,NFS,800,Gulliver,,White,Orange,Not for sale,No,1x1,https://acnhcdn.com/latest/ClosetIcon/AccessoryGlassmouthCatrina1.png,All Year,Gorgeous,formal; party; theatrical,Orange,AccessoryEyeMouthInvisibleNose,No,NA
11170,candy-skull mask,https://acnhcdn.com/latest/FtrIcon/AccessoryGlassmouthCatrina2.png,NFS,800,Gulliver,,White,Light blue,Not for sale,No,1x1,https://acnhcdn.com/latest/ClosetIcon/AccessoryGlassmouthCatrina2.png,All Year,Gorgeous,formal; party; theatrical,Blue,AccessoryEyeMouthInvisibleNose,No,NA
4483,cat nose,https://acnhcdn.com/latest/FtrIcon/AccessoryMouthCat0.png,560,140,Able Sisters,Available from Able Sisters shop only,White,Pink,For sale,No,1x1,https://acnhcdn.com/latest/ClosetIcon/AccessoryMouthCat0.png,All Year,Cute,fairy tale; party; theatrical,White,AccessoryMouthInvisibleNose,No,NA
11021,cat nose,https://acnhcdn.com/latest/FtrIcon/AccessoryMouthCat1.png,560,140,Able Sisters,Available from Able Sisters shop only,Brown,Beige,For sale,No,1x1,https://acnhcdn.com/latest/ClosetIcon/AccessoryMouthCat1.png,All Year,Cute,fairy tale; party; theatrical,Brown,AccessoryMouthInvisibleNose,No,NA
11022,cat nose,https://acnhcdn.com/latest/FtrIcon/AccessoryMouthCat2.png,560,140,Able Sisters,Available from Able Sisters shop only,Blue,Black,For sale,No,1x1,https://acnhcdn.com/latest/ClosetIcon/AccessoryMouthCat2.png,All Year,Cute,fairy tale; party; theatrical,Navy blue,AccessoryMouthInvisibleNose,No,NA
4491,cucumber pack,https://acnhcdn.com/latest/FtrIcon/AccessoryMouthCucumber.png,490,122,Able Sisters,Available from either Mable's temporary shop or Able Sisters shop,Green,Green,For sale,No,1x1,https://acnhcdn.com/latest/ClosetIcon/AccessoryMouthCucumber.png,All Year,Simple,comfy,Green,AccessoryMouth,No,NA
4672,curly mustache,https://acnhcdn.com/latest/FtrIcon/AccessoryMouthRollingmustacheBlack.png,700,175,Able Sisters,Available from Able Sisters shop only,Colorful,Colorful,For sale,No,1x1,https://acnhcdn.com/latest/ClosetIcon/AccessoryMouthRollingmustacheBlack.png,All Year,Simple,fairy tale; formal; party,Black,AccessoryMouthEarJaw,No,NA
4552,cyber shades,https://acnhcdn.com/latest/FtrIcon/AccessoryGlassCyber0.png,1300,325,Able Sisters,Available from Able Sisters shop only,Red,Black,For sale,No,1x1,https://acnhcdn.com/latest/ClosetIcon/AccessoryGlassCyber0.png,All Year,Active,party; theatrical,Red,AccessoryEye,Yes,NA
11498,cyber shades,https://acnhcdn.com/latest/FtrIcon/AccessoryGlassCyber1.png,1300,325,Able Sisters,Available from Able Sisters shop only,Black,Black,For sale,No,1x1,https://acnhcdn.com/latest/ClosetIcon/AccessoryGlassCyber1.png,All Year,Active,party; theatrical,Black,AccessoryEye,Yes,NA
11499,cyber shades,https://acnhcdn.com/latest/FtrIcon/AccessoryGlassCyber2.png,1300,325,Able Sisters,Available from Able Sisters shop only,Gray,Black,For sale,No,1x1,https://acnhcdn.com/latest/ClosetIcon/AccessoryGlassCyber2.png,All Year,Active,party; theatrical,Silver,AccessoryEye,Yes,NA
11500,cyber shades,https://acnhcdn.com/latest/FtrIcon/AccessoryGlassCyber3.png,1300,325,Able Sisters,Available from Able Sisters shop only,Purple,Black,For sale,No,1x1,https://acnhcdn.com/latest/ClosetIcon/AccessoryGlassCyber3.png,All Year,Active,party; theatrical,Purple,AccessoryEye,Yes,NA
11501,cyber shades,https://acnhcdn.com/latest/FtrIcon/AccessoryGlassCyber4.png,1300,325,Able Sisters,Available from Able Sisters shop only,Green,Black,For sale,No,1x1,https://acnhcdn.com/latest/ClosetIcon/AccessoryGlassCyber4.png,All Year,Active,party; theatrical,Green,AccessoryEye,Yes,NA
11502,cyber shades,https://acnhcdn.com/latest/FtrIcon/AccessoryGlassCyber5.png,1300,325,Able Sisters,Available from Able Sisters shop only,Yellow,Black,For sale,No,1x1,https://acnhcdn.com/latest/ClosetIcon/AccessoryGlassCyber5.png,All Year,Active,party; theatrical,Yellow,AccessoryEye,Yes,NA
12128,DAL eye mask,https://acnhcdn.com/latest/FtrIcon/AccessoryGlassDalmask0.png,NFS,1010,Dodo Airlines,Received in mail from DAL after taking certain numbers of flights,Blue,Blue,Not for sale,No,1x1,https://acnhcdn.com/latest/ClosetIcon/AccessoryGlassDalmask0.png,All Year,Simple,comfy; vacation,Blue,AccessoryEye,Yes,NA
12129,DAL sunglasses,https://acnhcdn.com/latest/FtrIcon/AccessoryGlassDalglass0.png,NFS,1010,Dodo Airlines,Received in mail from DAL after taking certain numbers of flights,Yellow,Blue,Not for sale,No,1x1,https://acnhcdn.com/latest/ClosetIcon/AccessoryGlassDalglass0.png,All Year,Gorgeous,comfy; vacation,Yellow,AccessoryEye,Yes,NA
4451,doctor's mask,https://acnhcdn.com/latest/FtrIcon/AccessoryMouthMaskWhite.png,140,35,Able Sisters,Available from either Mable's temporary shop or Able Sisters shop,White,White,For sale,No,1x1,https://acnhcdn.com/latest/ClosetIcon/AccessoryMouthMaskWhite.png,All Year,Simple,everyday; goth; comfy,White,AccessoryMouthEarJaw,No,NA
5244,dog nose,https://acnhcdn.com/latest/FtrIcon/AccessoryMouthDog0.png,560,140,Able Sisters,Available from Able Sisters shop only,White,Black,For sale,No,1x1,https://acnhcdn.com/latest/ClosetIcon/AccessoryMouthDog0.png,All Year,Cute,fairy tale; party; theatrical,White,AccessoryMouthInvisibleNose,No,NA
11025,dog nose,https://acnhcdn.com/latest/FtrIcon/AccessoryMouthDog1.png,560,140,Able Sisters,Available from Able Sisters shop only,Orange,Black,For sale,No,1x1,https://acnhcdn.com/latest/ClosetIcon/AccessoryMouthDog1.png,All Year,Cute,fairy tale; party; theatrical,Beige,AccessoryMouthInvisibleNose,No,NA
11026,dog nose,https://acnhcdn.com/latest/FtrIcon/AccessoryMouthDog2.png,560,140,Able Sisters,Available from Able Sisters shop only,Black,Black,For sale,No,1x1,https://acnhcdn.com/latest/ClosetIcon/AccessoryMouthDog2.png,All Year,Cute,fairy tale; party; theatrical,Black,AccessoryMouthInvisibleNose,No,NA
4263,double-bridge glasses,https://acnhcdn.com/latest/FtrIcon/AccessoryGlassDoublebridge0.png,1100,275,Able Sisters,Available from Able Sisters shop only,Yellow,Yellow,For sale,No,1x1,https://acnhcdn.com/latest/ClosetIcon/AccessoryGlassDoublebridge0.png,All Year,Elegant,comfy; vacation; work,Gold,AccessoryEye,Yes,NA
11076,double-bridge glasses,https://acnhcdn.com/latest/FtrIcon/AccessoryGlassDoublebridge1.png,1100,275,Able Sisters,Available from Able Sisters shop only,Purple,Purple,For sale,No,1x1,https://acnhcdn.com/latest/ClosetIcon/AccessoryGlassDoublebridge1.png,All Year,Elegant,comfy; vacation; work,Purple,AccessoryEye,Yes,NA
11077,double-bridge glasses,https://acnhcdn.com/latest/FtrIcon/AccessoryGlassDoublebridge2.png,1100,275,Able Sisters,Available from Able Sisters shop only,Gray,Gray,For sale,No,1x1,https://acnhcdn.com/latest/ClosetIcon/AccessoryGlassDoublebridge2.png,All Year,Elegant,comfy; vacation; work,Silver,AccessoryEye,Yes,NA
11078,double-bridge glasses,https://acnhcdn.com/latest/FtrIcon/AccessoryGlassDoublebridge3.png,1100,275,Able Sisters,Available from Able Sisters shop only,Blue,Blue,For sale,No,1x1,https://acnhcdn.com/latest/ClosetIcon/AccessoryGlassDoublebridge3.png,All Year,Elegant,comfy; vacation; work,Blue,AccessoryEye,Yes,NA
5773,drinking-straw glasses,https://acnhcdn.com/latest/FtrIcon/AccessoryGlassmouthStraw0.png,560,140,Able Sisters,Available from either Mable's temporary shop or Able Sisters shop,Green,Green,For sale,No,1x1,https://acnhcdn.com/latest/ClosetIcon/AccessoryGlassmouthStraw0.png,All Year,Active,comfy; vacation; work,Green,AcceEyeMouth,No,NA
11010,drinking-straw glasses,https://acnhcdn.com/latest/FtrIcon/AccessoryGlassmouthStraw1.png,560,140,Able Sisters,Available from either Mable's temporary shop or Able Sisters shop,Light blue,Light blue,For sale,No,1x1,https://acnhcdn.com/latest/ClosetIcon/AccessoryGlassmouthStraw1.png,All Year,Active,comfy; vacation; work,Blue,AcceEyeMouth,No,NA
11011,drinking-straw glasses,https://acnhcdn.com/latest/FtrIcon/AccessoryGlassmouthStraw2.png,560,140,Able Sisters,Available from either Mable's temporary shop or Able Sisters shop,Pink,Pink,For sale,No,1x1,https://acnhcdn.com/latest/ClosetIcon/AccessoryGlassmouthStraw2.png,All Year,Active,comfy; vacation; work,Pink,AcceEyeMouth,No,NA
11012,drinking-straw glasses,https://acnhcdn.com/latest/FtrIcon/AccessoryGlassmouthStraw3.png,560,140,Able Sisters,Available from either Mable's temporary shop or Able Sisters shop,White,White,For sale,No,1x1,https://acnhcdn.com/latest/ClosetIcon/AccessoryGlassmouthStraw3.png,All Year,Active,comfy; vacation; work,White,AcceEyeMouth,No,NA
4425,eye mask,https://acnhcdn.com/latest/FtrIcon/AccessoryGlassMask0.png,560,140,Able Sisters,Available from either Mable's temporary shop or Able Sisters shop,Blue,Black,For sale,No,1x1,https://acnhcdn.com/latest/ClosetIcon/AccessoryGlassMask0.png,All Year,Simple,comfy,Blue,AccessoryEye,Yes,NA
11154,eye mask,https://acnhcdn.com/latest/FtrIcon/AccessoryGlassMask1.png,560,140,Able Sisters,Available from either Mable's temporary shop or Able Sisters shop,Pink,Black,For sale,No,1x1,https://acnhcdn.com/latest/ClosetIcon/AccessoryGlassMask1.png,All Year,Simple,comfy,Pink,AccessoryEye,Yes,NA
11155,eye mask,https://acnhcdn.com/latest/FtrIcon/AccessoryGlassMask2.png,560,140,Able Sisters,Available from either Mable's temporary shop or Able Sisters shop,Gray,Black,For sale,No,1x1,https://acnhcdn.com/latest/ClosetIcon/AccessoryGlassMask2.png,All Year,Simple,comfy,Gray,AccessoryEye,Yes,NA
11156,eye mask,https://acnhcdn.com/latest/FtrIcon/AccessoryGlassMask3.png,560,140,Able Sisters,Available from either Mable's temporary shop or Able Sisters shop,Green,Black,For sale,No,1x1,https://acnhcdn.com/latest/ClosetIcon/AccessoryGlassMask3.png,All Year,Simple,comfy,Green,AccessoryEye,Yes,NA
11157,eye mask,https://acnhcdn.com/latest/FtrIcon/AccessoryGlassMask4.png,560,140,Able Sisters,Available from either Mable's temporary shop or Able Sisters shop,Orange,Black,For sale,No,1x1,https://acnhcdn.com/latest/ClosetIcon/AccessoryGlassMask4.png,All Year,Simple,comfy,Orange,AccessoryEye,Yes,NA
11158,eye mask,https://acnhcdn.com/latest/FtrIcon/AccessoryGlassMask5.png,560,140,Able Sisters,Available from either Mable's temporary shop or Able Sisters shop,Red,Black,For sale,No,1x1,https://acnhcdn.com/latest/ClosetIcon/AccessoryGlassMask5.png,All Year,Simple,comfy,Red,AccessoryEye,Yes,NA
4457,eye patch,https://acnhcdn.com/latest/FtrIcon/AccessoryGlassPatchBlack.png,140,35,Able Sisters,Available from Able Sisters shop only,Black,Black,For sale,No,1x1,https://acnhcdn.com/latest/ClosetIcon/AccessoryGlassPatchBlack.png,All Year,Cool,fairy tale; goth,Black,AccessoryOneEye,Yes,NA
4512,facial mask,https://acnhcdn.com/latest/FtrIcon/AccessoryGlassmouthPackWhite.png,560,140,Able Sisters,Available from Able Sisters shop only,White,White,For sale,No,1x1,https://acnhcdn.com/latest/ClosetIcon/AccessoryGlassmouthPackWhite.png,All Year,Simple,goth; comfy,White,AcceEyeMouth,No,NA
4496,fake nose,https://acnhcdn.com/latest/FtrIcon/AccessoryGlassmouthNoseRed.png,490,122,Able Sisters,Available from Able Sisters shop only,Red,Red,For sale,No,1x1,https://acnhcdn.com/latest/ClosetIcon/AccessoryGlassmouthNoseRed.png,All Year,Cute,fairy tale; party; theatrical,Red,AcceEyeMouth,No,NA
5739,flower sunglasses,https://acnhcdn.com/latest/FtrIcon/AccessoryGlassFlower0.png,770,192,Able Sisters,Available from either Mable's temporary shop or Able Sisters shop,Red,Black,For sale,No,1x1,https://acnhcdn.com/latest/ClosetIcon/AccessoryGlassFlower0.png,All Year,Cute,party; vacation,Red,AccessoryEye,Yes,NA
11228,flower sunglasses,https://acnhcdn.com/latest/FtrIcon/AccessoryGlassFlower1.png,770,192,Able Sisters,Available from either Mable's temporary shop or Able Sisters shop,Orange,Black,For sale,No,1x1,https://acnhcdn.com/latest/ClosetIcon/AccessoryGlassFlower1.png,All Year,Cute,party; vacation,Orange,AccessoryEye,Yes,NA
11229,flower sunglasses,https://acnhcdn.com/latest/FtrIcon/AccessoryGlassFlower2.png,770,192,Able Sisters,Available from either Mable's temporary shop or Able Sisters shop,Blue,Black,For sale,No,1x1,https://acnhcdn.com/latest/ClosetIcon/AccessoryGlassFlower2.png,All Year,Cute,party; vacation,Blue,AccessoryEye,Yes,NA
11230,flower sunglasses,https://acnhcdn.com/latest/FtrIcon/AccessoryGlassFlower3.png,770,192,Able Sisters,Available from either Mable's temporary shop or Able Sisters shop,Purple,Black,For sale,No,1x1,https://acnhcdn.com/latest/ClosetIcon/AccessoryGlassFlower3.png,All Year,Cute,party; vacation,Purple,AccessoryEye,Yes,NA
11231,flower sunglasses,https://acnhcdn.com/latest/FtrIcon/AccessoryGlassFlower4.png,770,192,Able Sisters,Available from either Mable's temporary shop or Able Sisters shop,Green,Black,For sale,No,1x1,https://acnhcdn.com/latest/ClosetIcon/AccessoryGlassFlower4.png,All Year,Cute,party; vacation,Green,AccessoryEye,Yes,NA
5857,food mess,https://acnhcdn.com/latest/FtrIcon/AccessoryMouthPasta.png,490,122,Able Sisters,Available from either Mable's temporary shop or Able Sisters shop,Orange,Beige,For sale,No,1x1,https://acnhcdn.com/latest/ClosetIcon/AccessoryMouthPasta.png,All Year,Simple,comfy,Pasta,AccessoryMouth,No,NA
4513,funny glasses,https://acnhcdn.com/latest/FtrIcon/AccessoryGlassEyes0.png,1100,275,Able Sisters,Available from Able Sisters shop only,Brown,Black,For sale,No,1x1,https://acnhcdn.com/latest/ClosetIcon/AccessoryGlassEyes0.png,All Year,Cute,fairy tale; party; theatrical,Brown,AccessoryEye,Yes,NA
11008,funny glasses,https://acnhcdn.com/latest/FtrIcon/AccessoryGlassEyes1.png,1100,275,Able Sisters,Available from Able Sisters shop only,Pink,Black,For sale,No,1x1,https://acnhcdn.com/latest/ClosetIcon/AccessoryGlassEyes1.png,All Year,Cute,fairy tale; party; theatrical,Pink,AccessoryEye,Yes,NA
11009,funny glasses,https://acnhcdn.com/latest/FtrIcon/AccessoryGlassEyes2.png,1100,275,Able Sisters,Available from Able Sisters shop only,Light blue,Black,For sale,No,1x1,https://acnhcdn.com/latest/ClosetIcon/AccessoryGlassEyes2.png,All Year,Cute,fairy tale; party; theatrical,Blue,AccessoryEye,Yes,NA
4649,gas mask,https://acnhcdn.com/latest/FtrIcon/AccessoryGlassmouthGasmask0.png,1100,275,Able Sisters,Available from Able Sisters shop only,Black,Black,For sale,No,1x1,https://acnhcdn.com/latest/ClosetIcon/AccessoryGlassmouthGasmask0.png,All Year,Cool,goth; work,Black,AcceEyeMouth,No,NA
11160,gas mask,https://acnhcdn.com/latest/FtrIcon/AccessoryGlassmouthGasmask1.png,1100,275,Able Sisters,Available from Able Sisters shop only,Green,Green,For sale,No,1x1,https://acnhcdn.com/latest/ClosetIcon/AccessoryGlassmouthGasmask1.png,All Year,Cool,goth; work,Avocado,AcceEyeMouth,No,NA
4282,glass-bottle glasses,https://acnhcdn.com/latest/FtrIcon/AccessoryGlassBottleBlack.png,1100,275,Able Sisters,Available from either Mable's temporary shop or Able Sisters shop,Black,Gray,For sale,No,1x1,https://acnhcdn.com/latest/ClosetIcon/AccessoryGlassBottleBlack.png,All Year,Simple,comfy; work,Black,AccessoryEye,Yes,NA
4676,goatee,https://acnhcdn.com/latest/FtrIcon/AccessoryMouthBeardChinBlack.png,980,245,Able Sisters,Available from Able Sisters shop only,Colorful,Colorful,For sale,No,1x1,https://acnhcdn.com/latest/ClosetIcon/AccessoryMouthBeardChinBlack.png,All Year,Cool,everyday; comfy; theatrical,Black,AccessoryMouthEarJaw,No,NA
4454,goggles,https://acnhcdn.com/latest/FtrIcon/AccessoryGlassGoggles0.png,560,140,Able Sisters,Available from either Mable's temporary shop or Able Sisters shop,Black,Black,For sale,No,1x1,https://acnhcdn.com/latest/ClosetIcon/AccessoryGlassGoggles0.png,Summer,Active,outdoorsy; sporty; vacation,Black,AccessoryEye,Yes,NA
11484,goggles,https://acnhcdn.com/latest/FtrIcon/AccessoryGlassGoggles1.png,560,140,Able Sisters,Available from either Mable's temporary shop or Able Sisters shop,Blue,Blue,For sale,No,1x1,https://acnhcdn.com/latest/ClosetIcon/AccessoryGlassGoggles1.png,Summer,Active,outdoorsy; sporty; vacation,Blue,AccessoryEye,Yes,NA
11485,goggles,https://acnhcdn.com/latest/FtrIcon/AccessoryGlassGoggles2.png,560,140,Able Sisters,Available from either Mable's temporary shop or Able Sisters shop,Pink,Pink,For sale,No,1x1,https://acnhcdn.com/latest/ClosetIcon/AccessoryGlassGoggles2.png,Summer,Active,outdoorsy; sporty; vacation,Pink,AccessoryEye,Yes,NA
11486,goggles,https://acnhcdn.com/latest/FtrIcon/AccessoryGlassGoggles3.png,560,140,Able Sisters,Available from either Mable's temporary shop or Able Sisters shop,Green,Green,For sale,No,1x1,https://acnhcdn.com/latest/ClosetIcon/AccessoryGlassGoggles3.png,Summer,Active,outdoorsy; sporty; vacation,Green,AccessoryEye,Yes,NA
11487,goggles,https://acnhcdn.com/latest/FtrIcon/AccessoryGlassGoggles4.png,560,140,Able Sisters,Available from either Mable's temporary shop or Able Sisters shop,Purple,Purple,For sale,No,1x1,https://acnhcdn.com/latest/ClosetIcon/AccessoryGlassGoggles4.png,Summer,Active,outdoorsy; sporty; vacation,Purple,AccessoryEye,Yes,NA
11488,goggles,https://acnhcdn.com/latest/FtrIcon/AccessoryGlassGoggles5.png,560,140,Able Sisters,Available from either Mable's temporary shop or Able Sisters shop,Red,Red,For sale,No,1x1,https://acnhcdn.com/latest/ClosetIcon/AccessoryGlassGoggles5.png,Summer,Active,outdoorsy; sporty; vacation,Red,AccessoryEye,Yes,NA
3550,handlebar mustache,https://acnhcdn.com/latest/FtrIcon/AccessoryMouthBeardBlack.png,1120,280,Able Sisters,Available from Able Sisters shop only,Colorful,Colorful,For sale,No,1x1,https://acnhcdn.com/latest/ClosetIcon/AccessoryMouthBeardBlack.png,All Year,Elegant,fairy tale; formal; theatrical,Black,AccessoryMouth,No,NA
4237,heart shades,https://acnhcdn.com/latest/FtrIcon/AccessoryGlassHeart0.png,1040,260,Able Sisters,Available from either Mable's temporary shop or Able Sisters shop,Pink,Blue,For sale,No,1x1,https://acnhcdn.com/latest/ClosetIcon/AccessoryGlassHeart0.png,All Year,Cute,party; vacation,Pink,AccessoryEye,Yes,NA
11188,heart shades,https://acnhcdn.com/latest/FtrIcon/AccessoryGlassHeart1.png,1040,260,Able Sisters,Available from either Mable's temporary shop or Able Sisters shop,Yellow,Blue,For sale,No,1x1,https://acnhcdn.com/latest/ClosetIcon/AccessoryGlassHeart1.png,All Year,Cute,party; vacation,Yellow,AccessoryEye,Yes,NA
11189,heart shades,https://acnhcdn.com/latest/FtrIcon/AccessoryGlassHeart2.png,1040,260,Able Sisters,Available from either Mable's temporary shop or Able Sisters shop,Light blue,Blue,For sale,No,1x1,https://acnhcdn.com/latest/ClosetIcon/AccessoryGlassHeart2.png,All Year,Cute,party; vacation,Blue,AccessoryEye,Yes,NA
11190,heart shades,https://acnhcdn.com/latest/FtrIcon/AccessoryGlassHeart3.png,1040,260,Able Sisters,Available from either Mable's temporary shop or Able Sisters shop,Purple,Blue,For sale,No,1x1,https://acnhcdn.com/latest/ClosetIcon/AccessoryGlassHeart3.png,All Year,Cute,party; vacation,Purple,AccessoryEye,Yes,NA
11191,heart shades,https://acnhcdn.com/latest/FtrIcon/AccessoryGlassHeart4.png,1040,260,Able Sisters,Available from either Mable's temporary shop or Able Sisters shop,Green,Blue,For sale,No,1x1,https://acnhcdn.com/latest/ClosetIcon/AccessoryGlassHeart4.png,All Year,Cute,party; vacation,Green,AccessoryEye,Yes,NA
5182,HMD,https://acnhcdn.com/latest/FtrIcon/AccessoryGlassHmdWhite.png,2000,500,Able Sisters,Available from Able Sisters shop only,White,Black,For sale,No,1x1,https://acnhcdn.com/latest/ClosetIcon/AccessoryGlassHmdWhite.png,All Year,Cool,comfy,White,AccessoryEye,Yes,NA
4678,jester's mask,https://acnhcdn.com/latest/FtrIcon/AccessoryGlassmouthPierrot0.png,1760,440,Able Sisters,Available from Able Sisters shop only,Black,White,For sale,No,1x1,https://acnhcdn.com/latest/ClosetIcon/AccessoryGlassmouthPierrot0.png,All Year,Cool,fairy tale; goth; party; theatrical; work,Black,AccessoryEyeMouthInvisibleNose,No,NA
11166,jester's mask,https://acnhcdn.com/latest/FtrIcon/AccessoryGlassmouthPierrot1.png,1760,440,Able Sisters,Available from Able Sisters shop only,Red,White,For sale,No,1x1,https://acnhcdn.com/latest/ClosetIcon/AccessoryGlassmouthPierrot1.png,All Year,Cool,fairy tale; goth; party; theatrical; work,Red,AccessoryEyeMouthInvisibleNose,No,NA
11167,jester's mask,https://acnhcdn.com/latest/FtrIcon/AccessoryGlassmouthPierrot2.png,1760,440,Able Sisters,Available from Able Sisters shop only,Green,White,For sale,No,1x1,https://acnhcdn.com/latest/ClosetIcon/AccessoryGlassmouthPierrot2.png,All Year,Cool,fairy tale; goth; party; theatrical; work,Green,AccessoryEyeMouthInvisibleNose,No,NA
11168,jester's mask,https://acnhcdn.com/latest/FtrIcon/AccessoryGlassmouthPierrot3.png,1760,440,Able Sisters,Available from Able Sisters shop only,Blue,White,For sale,No,1x1,https://acnhcdn.com/latest/ClosetIcon/AccessoryGlassmouthPierrot3.png,All Year,Cool,fairy tale; goth; party; theatrical; work,Blue,AccessoryEyeMouthInvisibleNose,No,NA
9887,Labelle sunglasses,https://acnhcdn.com/latest/FtrIcon/AccessoryGlassKate0.png,2000,500,Labelle,,Purple,Purple,For sale,No,1x1,https://acnhcdn.com/latest/ClosetIcon/AccessoryGlassKate0.png,All Year,Gorgeous,everyday; formal; party; theatrical; vacation,Twilight,AccessoryEye,Yes,NA
11776,Labelle sunglasses,https://acnhcdn.com/latest/FtrIcon/AccessoryGlassKate1.png,2000,500,Labelle,,Black,Black,For sale,No,1x1,https://acnhcdn.com/latest/ClosetIcon/AccessoryGlassKate1.png,All Year,Gorgeous,everyday; formal; party; theatrical; vacation,Midnight,AccessoryEye,Yes,NA
11777,Labelle sunglasses,https://acnhcdn.com/latest/FtrIcon/AccessoryGlassKate2.png,2000,500,Labelle,,Red,Red,For sale,No,1x1,https://acnhcdn.com/latest/ClosetIcon/AccessoryGlassKate2.png,All Year,Gorgeous,everyday; formal; party; theatrical; vacation,Passion,AccessoryEye,Yes,NA
11778,Labelle sunglasses,https://acnhcdn.com/latest/FtrIcon/AccessoryGlassKate3.png,2000,500,Labelle,,Blue,Blue,For sale,No,1x1,https://acnhcdn.com/latest/ClosetIcon/AccessoryGlassKate3.png,All Year,Gorgeous,everyday; formal; party; theatrical; vacation,Ocean,AccessoryEye,Yes,NA
11779,Labelle sunglasses,https://acnhcdn.com/latest/FtrIcon/AccessoryGlassKate4.png,2000,500,Labelle,,Yellow,Yellow,For sale,No,1x1,https://acnhcdn.com/latest/ClosetIcon/AccessoryGlassKate4.png,All Year,Gorgeous,everyday; formal; party; theatrical; vacation,Sunset,AccessoryEye,Yes,NA
11780,Labelle sunglasses,https://acnhcdn.com/latest/FtrIcon/AccessoryGlassKate5.png,2000,500,Labelle,,Pink,Pink,For sale,No,1x1,https://acnhcdn.com/latest/ClosetIcon/AccessoryGlassKate5.png,All Year,Gorgeous,everyday; formal; party; theatrical; vacation,Love,AccessoryEye,Yes,NA
4464,ladder shades,https://acnhcdn.com/latest/FtrIcon/AccessoryGlassBlind0.png,880,220,Able Sisters,Available from Able Sisters shop only,Red,Red,For sale,No,1x1,https://acnhcdn.com/latest/ClosetIcon/AccessoryGlassBlind0.png,All Year,Active,party; theatrical,Red,AccessoryEye,Yes,NA
11002,ladder shades,https://acnhcdn.com/latest/FtrIcon/AccessoryGlassBlind1.png,880,220,Able Sisters,Available from Able Sisters shop only,Blue,Blue,For sale,No,1x1,https://acnhcdn.com/latest/ClosetIcon/AccessoryGlassBlind1.png,All Year,Active,party; theatrical,Blue,AccessoryEye,Yes,NA
11003,ladder shades,https://acnhcdn.com/latest/FtrIcon/AccessoryGlassBlind2.png,880,220,Able Sisters,Available from Able Sisters shop only,Green,Green,For sale,No,1x1,https://acnhcdn.com/latest/ClosetIcon/AccessoryGlassBlind2.png,All Year,Active,party; theatrical,Green,AccessoryEye,Yes,NA
11004,ladder shades,https://acnhcdn.com/latest/FtrIcon/AccessoryGlassBlind3.png,880,220,Able Sisters,Available from Able Sisters shop only,Pink,Pink,For sale,No,1x1,https://acnhcdn.com/latest/ClosetIcon/AccessoryGlassBlind3.png,All Year,Active,party; theatrical,Pink,AccessoryEye,Yes,NA
11005,ladder shades,https://acnhcdn.com/latest/FtrIcon/AccessoryGlassBlind4.png,880,220,Able Sisters,Available from Able Sisters shop only,Yellow,Yellow,For sale,No,1x1,https://acnhcdn.com/latest/ClosetIcon/AccessoryGlassBlind4.png,All Year,Active,party; theatrical,Yellow,AccessoryEye,Yes,NA
11006,ladder shades,https://acnhcdn.com/latest/FtrIcon/AccessoryGlassBlind5.png,880,220,Able Sisters,Available from Able Sisters shop only,Brown,Brown,For sale,No,1x1,https://acnhcdn.com/latest/ClosetIcon/AccessoryGlassBlind5.png,All Year,Active,party; theatrical,Gold,AccessoryEye,Yes,NA
4682,leaf,https://acnhcdn.com/latest/FtrIcon/AccessoryMouthLeafGreen.png,NFS,100,Crafting,,Green,Green,Not for sale,Yes,1x1,https://acnhcdn.com/latest/ClosetIcon/AccessoryMouthLeafGreen.png,All Year,Simple,outdoorsy; comfy; vacation,Green,AccessoryMouth,No,NA
4667,masquerade mask,https://acnhcdn.com/latest/FtrIcon/AccessoryGlassVenetian0.png,910,227,Able Sisters,Available from Able Sisters shop only,Pink,Yellow,For sale,No,1x1,https://acnhcdn.com/latest/ClosetIcon/AccessoryGlassVenetian0.png,All Year,Gorgeous,fairy tale; party; theatrical,Purple,AccessoryEye,Yes,NA
11161,masquerade mask,https://acnhcdn.com/latest/FtrIcon/AccessoryGlassVenetian1.png,910,227,Able Sisters,Available from Able Sisters shop only,Black,Yellow,For sale,No,1x1,https://acnhcdn.com/latest/ClosetIcon/AccessoryGlassVenetian1.png,All Year,Gorgeous,fairy tale; party; theatrical,Black,AccessoryEye,Yes,NA
11162,masquerade mask,https://acnhcdn.com/latest/FtrIcon/AccessoryGlassVenetian2.png,910,227,Able Sisters,Available from Able Sisters shop only,Blue,Yellow,For sale,No,1x1,https://acnhcdn.com/latest/ClosetIcon/AccessoryGlassVenetian2.png,All Year,Gorgeous,fairy tale; party; theatrical,Blue,AccessoryEye,Yes,NA
11163,masquerade mask,https://acnhcdn.com/latest/FtrIcon/AccessoryGlassVenetian3.png,910,227,Able Sisters,Available from Able Sisters shop only,Red,Yellow,For sale,No,1x1,https://acnhcdn.com/latest/ClosetIcon/AccessoryGlassVenetian3.png,All Year,Gorgeous,fairy tale; party; theatrical,Red,AccessoryEye,Yes,NA
11164,masquerade mask,https://acnhcdn.com/latest/FtrIcon/AccessoryGlassVenetian4.png,910,227,Able Sisters,Available from Able Sisters shop only,Green,Yellow,For sale,No,1x1,https://acnhcdn.com/latest/ClosetIcon/AccessoryGlassVenetian4.png,All Year,Gorgeous,fairy tale; party; theatrical,Green,AccessoryEye,Yes,NA
11165,masquerade mask,https://acnhcdn.com/latest/FtrIcon/AccessoryGlassVenetian5.png,910,227,Able Sisters,Available from Able Sisters shop only,Orange,Yellow,For sale,No,1x1,https://acnhcdn.com/latest/ClosetIcon/AccessoryGlassVenetian5.png,All Year,Gorgeous,fairy tale; party; theatrical,Gold,AccessoryEye,Yes,NA
4462,monocle,https://acnhcdn.com/latest/FtrIcon/AccessoryGlassMonocle0.png,1100,275,Able Sisters,Available from Able Sisters shop only,Black,Black,For sale,No,1x1,https://acnhcdn.com/latest/ClosetIcon/AccessoryGlassMonocle0.png,All Year,Elegant,fairy tale; formal; work,Black,AccessoryOneEye,Yes,NA
11000,monocle,https://acnhcdn.com/latest/FtrIcon/AccessoryGlassMonocle1.png,1100,275,Able Sisters,Available from Able Sisters shop only,Yellow,Yellow,For sale,No,1x1,https://acnhcdn.com/latest/ClosetIcon/AccessoryGlassMonocle1.png,All Year,Elegant,fairy tale; formal; work,Gold,AccessoryOneEye,Yes,NA
11001,monocle,https://acnhcdn.com/latest/FtrIcon/AccessoryGlassMonocle2.png,1100,275,Able Sisters,Available from Able Sisters shop only,Gray,Gray,For sale,No,1x1,https://acnhcdn.com/latest/ClosetIcon/AccessoryGlassMonocle2.png,All Year,Elegant,fairy tale; formal; work,Silver,AccessoryOneEye,Yes,NA
5261,night-vision goggles,https://acnhcdn.com/latest/FtrIcon/AccessoryGlassNightvisionBlack.png,1560,390,Able Sisters,Available from Able Sisters shop only,Black,Green,For sale,No,1x1,https://acnhcdn.com/latest/ClosetIcon/AccessoryGlassNightvisionBlack.png,All Year,Active,outdoorsy,Black,AccessoryEye,Yes,NA
9654,Nook Inc. eye mask,https://acnhcdn.com/latest/FtrIcon/AccessoryGlassNook0.png,NFS,2000,Nook Miles Shop,,Green,White,Not for sale,No,1x1,https://acnhcdn.com/latest/ClosetIcon/AccessoryGlassNook0.png,All Year,Simple,comfy,Green,AccessoryEye,Yes,400
5833,nose drip,https://acnhcdn.com/latest/FtrIcon/AccessoryMouthJokeDripCyan.png,490,122,Able Sisters,Available from either Mable's temporary shop or Able Sisters shop,Light blue,Light blue,For sale,No,1x1,https://acnhcdn.com/latest/ClosetIcon/AccessoryMouthJokeDripCyan.png,All Year,Simple,comfy,Light blue,AccessoryMouth,No,NA
4239,octagonal glasses,https://acnhcdn.com/latest/FtrIcon/AccessoryGlassOctagon0.png,1100,275,Able Sisters,Available from Able Sisters shop only,Gray,Gray,For sale,No,1x1,https://acnhcdn.com/latest/ClosetIcon/AccessoryGlassOctagon0.png,All Year,Cute,comfy; vacation; work,Gray,AccessoryEye,Yes,NA
11072,octagonal glasses,https://acnhcdn.com/latest/FtrIcon/AccessoryGlassOctagon1.png,1100,275,Able Sisters,Available from Able Sisters shop only,Green,Green,For sale,No,1x1,https://acnhcdn.com/latest/ClosetIcon/AccessoryGlassOctagon1.png,All Year,Cute,comfy; vacation; work,Green,AccessoryEye,Yes,NA
11073,octagonal glasses,https://acnhcdn.com/latest/FtrIcon/AccessoryGlassOctagon2.png,1100,275,Able Sisters,Available from Able Sisters shop only,Purple,Purple,For sale,No,1x1,https://acnhcdn.com/latest/ClosetIcon/AccessoryGlassOctagon2.png,All Year,Cute,comfy; vacation; work,Purple,AccessoryEye,Yes,NA
11074,octagonal glasses,https://acnhcdn.com/latest/FtrIcon/AccessoryGlassOctagon3.png,1100,275,Able Sisters,Available from Able Sisters shop only,Beige,Beige,For sale,No,1x1,https://acnhcdn.com/latest/ClosetIcon/AccessoryGlassOctagon3.png,All Year,Cute,comfy; vacation; work,Gold,AccessoryEye,Yes,NA
11075,octagonal glasses,https://acnhcdn.com/latest/FtrIcon/AccessoryGlassOctagon4.png,1100,275,Able Sisters,Available from Able Sisters shop only,Black,Black,For sale,No,1x1,https://acnhcdn.com/latest/ClosetIcon/AccessoryGlassOctagon4.png,All Year,Cute,comfy; vacation; work,Black,AccessoryEye,Yes,NA
4609,oval glasses,https://acnhcdn.com/latest/FtrIcon/AccessoryGlassOval0.png,880,220,Able Sisters,Available from either Mable's temporary shop or Able Sisters shop,Green,Green,For sale,No,1x1,https://acnhcdn.com/latest/ClosetIcon/AccessoryGlassOval0.png,All Year,Simple,everyday; work,Green,AccessoryEye,Yes,NA
11087,oval glasses,https://acnhcdn.com/latest/FtrIcon/AccessoryGlassOval1.png,880,220,Able Sisters,Available from either Mable's temporary shop or Able Sisters shop,Orange,Orange,For sale,No,1x1,https://acnhcdn.com/latest/ClosetIcon/AccessoryGlassOval1.png,All Year,Simple,everyday; work,Orange,AccessoryEye,Yes,NA
11088,oval glasses,https://acnhcdn.com/latest/FtrIcon/AccessoryGlassOval2.png,880,220,Able Sisters,Available from either Mable's temporary shop or Able Sisters shop,Light blue,Light blue,For sale,No,1x1,https://acnhcdn.com/latest/ClosetIcon/AccessoryGlassOval2.png,All Year,Simple,everyday; work,Blue,AccessoryEye,Yes,NA
11089,oval glasses,https://acnhcdn.com/latest/FtrIcon/AccessoryGlassOval3.png,880,220,Able Sisters,Available from either Mable's temporary shop or Able Sisters shop,Purple,Purple,For sale,No,1x1,https://acnhcdn.com/latest/ClosetIcon/AccessoryGlassOval3.png,All Year,Simple,everyday; work,Purple,AccessoryEye,Yes,NA
11090,oval glasses,https://acnhcdn.com/latest/FtrIcon/AccessoryGlassOval4.png,880,220,Able Sisters,Available from either Mable's temporary shop or Able Sisters shop,Red,Red,For sale,No,1x1,https://acnhcdn.com/latest/ClosetIcon/AccessoryGlassOval4.png,All Year,Simple,everyday; work,Magenta,AccessoryEye,Yes,NA
11091,oval glasses,https://acnhcdn.com/latest/FtrIcon/AccessoryGlassOval5.png,880,220,Able Sisters,Available from either Mable's temporary shop or Able Sisters shop,Yellow,Yellow,For sale,No,1x1,https://acnhcdn.com/latest/ClosetIcon/AccessoryGlassOval5.png,All Year,Simple,everyday; work,Mustard,AccessoryEye,Yes,NA
11092,oval glasses,https://acnhcdn.com/latest/FtrIcon/AccessoryGlassOval6.png,880,220,Able Sisters,Available from either Mable's temporary shop or Able Sisters shop,Black,Black,For sale,No,1x1,https://acnhcdn.com/latest/ClosetIcon/AccessoryGlassOval6.png,All Year,Simple,everyday; work,Black,AccessoryEye,Yes,NA
2298,pacifier,https://acnhcdn.com/latest/FtrIcon/AccessoryMouthPacifier0.png,560,140,Able Sisters,Available from either Mable's temporary shop or Able Sisters shop,Pink,Pink,For sale,No,1x1,https://acnhcdn.com/latest/ClosetIcon/AccessoryMouthPacifier0.png,All Year,Cute,comfy,Baby purple,AccessoryMouth,No,NA
11013,pacifier,https://acnhcdn.com/latest/FtrIcon/AccessoryMouthPacifier1.png,560,140,Able Sisters,Available from either Mable's temporary shop or Able Sisters shop,Light blue,Light blue,For sale,No,1x1,https://acnhcdn.com/latest/ClosetIcon/AccessoryMouthPacifier1.png,All Year,Cute,comfy,Baby mint,AccessoryMouth,No,NA
11014,pacifier,https://acnhcdn.com/latest/FtrIcon/AccessoryMouthPacifier2.png,560,140,Able Sisters,Available from either Mable's temporary shop or Able Sisters shop,Yellow,Yellow,For sale,No,1x1,https://acnhcdn.com/latest/ClosetIcon/AccessoryMouthPacifier2.png,All Year,Cute,comfy,Baby yellow,AccessoryMouth,No,NA
11015,pacifier,https://acnhcdn.com/latest/FtrIcon/AccessoryMouthPacifier3.png,560,140,Able Sisters,Available from either Mable's temporary shop or Able Sisters shop,Green,Green,For sale,No,1x1,https://acnhcdn.com/latest/ClosetIcon/AccessoryMouthPacifier3.png,All Year,Cute,comfy,Baby green,AccessoryMouth,No,NA
11016,pacifier,https://acnhcdn.com/latest/FtrIcon/AccessoryMouthPacifier4.png,560,140,Able Sisters,Available from either Mable's temporary shop or Able Sisters shop,Red,Red,For sale,No,1x1,https://acnhcdn.com/latest/ClosetIcon/AccessoryMouthPacifier4.png,All Year,Cute,comfy,Baby pink,AccessoryMouth,No,NA
11017,pacifier,https://acnhcdn.com/latest/FtrIcon/AccessoryMouthPacifier5.png,560,140,Able Sisters,Available from either Mable's temporary shop or Able Sisters shop,Gray,Gray,For sale,No,1x1,https://acnhcdn.com/latest/ClosetIcon/AccessoryMouthPacifier5.png,All Year,Cute,comfy,Baby gray,AccessoryMouth,No,NA
11018,pacifier,https://acnhcdn.com/latest/FtrIcon/AccessoryMouthPacifier6.png,560,140,Able Sisters,Available from either Mable's temporary shop or Able Sisters shop,Purple,Purple,For sale,No,1x1,https://acnhcdn.com/latest/ClosetIcon/AccessoryMouthPacifier6.png,All Year,Cute,comfy,Baby blue,AccessoryMouth,No,NA
11019,pacifier,https://acnhcdn.com/latest/FtrIcon/AccessoryMouthPacifier7.png,560,140,Able Sisters,Available from either Mable's temporary shop or Able Sisters shop,Orange,Orange,For sale,No,1x1,https://acnhcdn.com/latest/ClosetIcon/AccessoryMouthPacifier7.png,All Year,Cute,comfy,Baby orange,AccessoryMouth,No,NA
4647,pig nose,https://acnhcdn.com/latest/FtrIcon/AccessoryMouthPigPink.png,560,140,Able Sisters,Available from Able Sisters shop only,Pink,Pink,For sale,No,1x1,https://acnhcdn.com/latest/ClosetIcon/AccessoryMouthPigPink.png,All Year,Cute,fairy tale; party; theatrical,Pink,AccessoryMouthInvisibleNose,No,NA
4459,pilot shades,https://acnhcdn.com/latest/FtrIcon/AccessoryGlassPilot0.png,1300,325,Able Sisters,Available from either Mable's temporary shop or Able Sisters shop,Black,Brown,For sale,No,1x1,https://acnhcdn.com/latest/ClosetIcon/AccessoryGlassPilot0.png,All Year,Cool,sporty; work,Black,AccessoryEye,Yes,NA
11214,pilot shades,https://acnhcdn.com/latest/FtrIcon/AccessoryGlassPilot1.png,1300,325,Able Sisters,Available from either Mable's temporary shop or Able Sisters shop,Yellow,Black,For sale,No,1x1,https://acnhcdn.com/latest/ClosetIcon/AccessoryGlassPilot1.png,All Year,Cool,sporty; work,Gold,AccessoryEye,Yes,NA
4646,pixel shades,https://acnhcdn.com/latest/FtrIcon/AccessoryGlassDot0.png,1320,330,Able Sisters,Available from Able Sisters shop only,Red,Black,For sale,No,1x1,https://acnhcdn.com/latest/ClosetIcon/AccessoryGlassDot0.png,All Year,Cool,party; vacation,Red,AccessoryEye,Yes,NA
11223,pixel shades,https://acnhcdn.com/latest/FtrIcon/AccessoryGlassDot1.png,1320,330,Able Sisters,Available from Able Sisters shop only,Green,Black,For sale,No,1x1,https://acnhcdn.com/latest/ClosetIcon/AccessoryGlassDot1.png,All Year,Cool,party; vacation,Green,AccessoryEye,Yes,NA
11224,pixel shades,https://acnhcdn.com/latest/FtrIcon/AccessoryGlassDot2.png,1320,330,Able Sisters,Available from Able Sisters shop only,Blue,Black,For sale,No,1x1,https://acnhcdn.com/latest/ClosetIcon/AccessoryGlassDot2.png,All Year,Cool,party; vacation,Blue,AccessoryEye,Yes,NA
11225,pixel shades,https://acnhcdn.com/latest/FtrIcon/AccessoryGlassDot3.png,1320,330,Able Sisters,Available from Able Sisters shop only,Black,Black,For sale,No,1x1,https://acnhcdn.com/latest/ClosetIcon/AccessoryGlassDot3.png,All Year,Cool,party; vacation,Black,AccessoryEye,Yes,NA
6040,pleather mask,https://acnhcdn.com/latest/FtrIcon/AccessoryMouthLeatherBlack.png,770,192,Able Sisters,Available from Able Sisters shop only,Black,Gray,For sale,No,1x1,https://acnhcdn.com/latest/ClosetIcon/AccessoryMouthLeatherBlack.png,All Year,Cool,goth,Black,AccessoryMouthEarJaw,No,NA
4452,post-op patch,https://acnhcdn.com/latest/FtrIcon/AccessoryGlassEyepatchWhite.png,490,122,Able Sisters,Available from either Mable's temporary shop or Able Sisters shop,White,White,For sale,No,1x1,https://acnhcdn.com/latest/ClosetIcon/AccessoryGlassEyepatchWhite.png,All Year,Simple,goth,White,AccessoryOneEye,Yes,NA
4671,privacy mask,https://acnhcdn.com/latest/FtrIcon/AccessoryMouthCrowBlack.png,560,140,Able Sisters,Available from Able Sisters shop only,Black,Black,For sale,No,1x1,https://acnhcdn.com/latest/ClosetIcon/AccessoryMouthCrowBlack.png,All Year,Cool,everyday; goth; comfy,Black,AccessoryMouthEarJaw,No,NA
6039,reflector,https://acnhcdn.com/latest/FtrIcon/AccessoryGlassMirrorGray.png,560,140,Able Sisters,Available from Able Sisters shop only,Gray,Black,For sale,No,1x1,https://acnhcdn.com/latest/ClosetIcon/AccessoryGlassMirrorGray.png,All Year,Cool,work,Gray,AccessoryEye,Yes,NA
4456,retro shades,https://acnhcdn.com/latest/FtrIcon/AccessoryGlassRetro0.png,1560,390,Able Sisters,Available from Able Sisters shop only,White,Orange,For sale,No,1x1,https://acnhcdn.com/latest/ClosetIcon/AccessoryGlassRetro0.png,All Year,Elegant,everyday; party; vacation,Yellow,AccessoryEye,Yes,NA
11209,retro shades,https://acnhcdn.com/latest/FtrIcon/AccessoryGlassRetro1.png,1560,390,Able Sisters,Available from Able Sisters shop only,Green,Green,For sale,No,1x1,https://acnhcdn.com/latest/ClosetIcon/AccessoryGlassRetro1.png,All Year,Elegant,everyday; party; vacation,Green,AccessoryEye,Yes,NA
11210,retro shades,https://acnhcdn.com/latest/FtrIcon/AccessoryGlassRetro2.png,1560,390,Able Sisters,Available from Able Sisters shop only,Pink,Red,For sale,No,1x1,https://acnhcdn.com/latest/ClosetIcon/AccessoryGlassRetro2.png,All Year,Elegant,everyday; party; vacation,Red,AccessoryEye,Yes,NA
11211,retro shades,https://acnhcdn.com/latest/FtrIcon/AccessoryGlassRetro3.png,1560,390,Able Sisters,Available from Able Sisters shop only,Pink,Purple,For sale,No,1x1,https://acnhcdn.com/latest/ClosetIcon/AccessoryGlassRetro3.png,All Year,Elegant,everyday; party; vacation,Purple,AccessoryEye,Yes,NA
11212,retro shades,https://acnhcdn.com/latest/FtrIcon/AccessoryGlassRetro4.png,1560,390,Able Sisters,Available from Able Sisters shop only,Light blue,Green,For sale,No,1x1,https://acnhcdn.com/latest/ClosetIcon/AccessoryGlassRetro4.png,All Year,Elegant,everyday; party; vacation,Blue,AccessoryEye,Yes,NA
11213,retro shades,https://acnhcdn.com/latest/FtrIcon/AccessoryGlassRetro5.png,1560,390,Able Sisters,Available from Able Sisters shop only,Gray,Black,For sale,No,1x1,https://acnhcdn.com/latest/ClosetIcon/AccessoryGlassRetro5.png,All Year,Elegant,everyday; party; vacation,Gray,AccessoryEye,Yes,NA
4683,rhinestone shades,https://acnhcdn.com/latest/FtrIcon/AccessoryGlassRhinestone0.png,1040,260,Able Sisters,Available from Able Sisters shop only,Red,Red,For sale,No,1x1,https://acnhcdn.com/latest/ClosetIcon/AccessoryGlassRhinestone0.png,All Year,Gorgeous,party; theatrical; vacation,Red,AccessoryEye,Yes,NA
11226,rhinestone shades,https://acnhcdn.com/latest/FtrIcon/AccessoryGlassRhinestone1.png,1040,260,Able Sisters,Available from Able Sisters shop only,Brown,Black,For sale,No,1x1,https://acnhcdn.com/latest/ClosetIcon/AccessoryGlassRhinestone1.png,All Year,Gorgeous,party; theatrical; vacation,Ochre,AccessoryEye,Yes,NA
11227,rhinestone shades,https://acnhcdn.com/latest/FtrIcon/AccessoryGlassRhinestone2.png,1040,260,Able Sisters,Available from Able Sisters shop only,Purple,Black,For sale,No,1x1,https://acnhcdn.com/latest/ClosetIcon/AccessoryGlassRhinestone2.png,All Year,Gorgeous,party; theatrical; vacation,Purple,AccessoryEye,Yes,NA
4235,rimmed glasses,https://acnhcdn.com/latest/FtrIcon/AccessoryGlassCircle0.png,630,157,Able Sisters,Available from either Mable's temporary shop or Able Sisters shop,Black,Black,For sale,No,1x1,https://acnhcdn.com/latest/ClosetIcon/AccessoryGlassCircle0.png,All Year,Elegant,everyday; formal; work,Black,AccessoryEye,Yes,NA
11184,rimmed glasses,https://acnhcdn.com/latest/FtrIcon/AccessoryGlassCircle1.png,630,157,Able Sisters,Available from either Mable's temporary shop or Able Sisters shop,Yellow,Yellow,For sale,No,1x1,https://acnhcdn.com/latest/ClosetIcon/AccessoryGlassCircle1.png,All Year,Elegant,everyday; formal; work,Gold,AccessoryEye,Yes,NA
11185,rimmed glasses,https://acnhcdn.com/latest/FtrIcon/AccessoryGlassCircle2.png,630,157,Able Sisters,Available from either Mable's temporary shop or Able Sisters shop,Gray,Gray,For sale,No,1x1,https://acnhcdn.com/latest/ClosetIcon/AccessoryGlassCircle2.png,All Year,Elegant,everyday; formal; work,Gray,AccessoryEye,Yes,NA
11186,rimmed glasses,https://acnhcdn.com/latest/FtrIcon/AccessoryGlassCircle3.png,630,157,Able Sisters,Available from either Mable's temporary shop or Able Sisters shop,Brown,Brown,For sale,No,1x1,https://acnhcdn.com/latest/ClosetIcon/AccessoryGlassCircle3.png,All Year,Elegant,everyday; formal; work,Brown,AccessoryEye,Yes,NA
11187,rimmed glasses,https://acnhcdn.com/latest/FtrIcon/AccessoryGlassCircle4.png,630,157,Able Sisters,Available from either Mable's temporary shop or Able Sisters shop,Purple,Purple,For sale,No,1x1,https://acnhcdn.com/latest/ClosetIcon/AccessoryGlassCircle4.png,All Year,Elegant,everyday; formal; work,Purple,AccessoryEye,Yes,NA
4241,round shades,https://acnhcdn.com/latest/FtrIcon/AccessoryGlassBoston0.png,1560,390,Able Sisters,Available from Able Sisters shop only,Black,Black,For sale,No,1x1,https://acnhcdn.com/latest/ClosetIcon/AccessoryGlassBoston0.png,All Year,Cool,everyday; party; vacation,Black,AccessoryEye,Yes,NA
11196,round shades,https://acnhcdn.com/latest/FtrIcon/AccessoryGlassBoston1.png,1560,390,Able Sisters,Available from Able Sisters shop only,Green,Black,For sale,No,1x1,https://acnhcdn.com/latest/ClosetIcon/AccessoryGlassBoston1.png,All Year,Cool,everyday; party; vacation,Green,AccessoryEye,Yes,NA
11197,round shades,https://acnhcdn.com/latest/FtrIcon/AccessoryGlassBoston2.png,1560,390,Able Sisters,Available from Able Sisters shop only,Blue,Black,For sale,No,1x1,https://acnhcdn.com/latest/ClosetIcon/AccessoryGlassBoston2.png,All Year,Cool,everyday; party; vacation,Blue,AccessoryEye,Yes,NA
11198,round shades,https://acnhcdn.com/latest/FtrIcon/AccessoryGlassBoston3.png,1560,390,Able Sisters,Available from Able Sisters shop only,Yellow,Black,For sale,No,1x1,https://acnhcdn.com/latest/ClosetIcon/AccessoryGlassBoston3.png,All Year,Cool,everyday; party; vacation,Yellow,AccessoryEye,Yes,NA
11199,round shades,https://acnhcdn.com/latest/FtrIcon/AccessoryGlassBoston4.png,1560,390,Able Sisters,Available from Able Sisters shop only,Pink,Black,For sale,No,1x1,https://acnhcdn.com/latest/ClosetIcon/AccessoryGlassBoston4.png,All Year,Cool,everyday; party; vacation,Pink,AccessoryEye,Yes,NA
11200,round shades,https://acnhcdn.com/latest/FtrIcon/AccessoryGlassBoston5.png,1560,390,Able Sisters,Available from Able Sisters shop only,Red,Black,For sale,No,1x1,https://acnhcdn.com/latest/ClosetIcon/AccessoryGlassBoston5.png,All Year,Cool,everyday; party; vacation,Red,AccessoryEye,Yes,NA
11201,round shades,https://acnhcdn.com/latest/FtrIcon/AccessoryGlassBoston6.png,1560,390,Able Sisters,Available from Able Sisters shop only,White,Black,For sale,No,1x1,https://acnhcdn.com/latest/ClosetIcon/AccessoryGlassBoston6.png,All Year,Cool,everyday; party; vacation,White,AccessoryEye,Yes,NA
11202,round shades,https://acnhcdn.com/latest/FtrIcon/AccessoryGlassBoston7.png,1560,390,Able Sisters,Available from Able Sisters shop only,Purple,Black,For sale,No,1x1,https://acnhcdn.com/latest/ClosetIcon/AccessoryGlassBoston7.png,All Year,Cool,everyday; party; vacation,Purple,AccessoryEye,Yes,NA
4607,round tinted shades,https://acnhcdn.com/latest/FtrIcon/AccessoryGlassRound0.png,880,220,Able Sisters,Available from either Mable's temporary shop or Able Sisters shop,Orange,Brown,For sale,No,1x1,https://acnhcdn.com/latest/ClosetIcon/AccessoryGlassRound0.png,All Year,Simple,everyday; formal,Brown,AccessoryEye,Yes,NA
11220,round tinted shades,https://acnhcdn.com/latest/FtrIcon/AccessoryGlassRound1.png,880,220,Able Sisters,Available from either Mable's temporary shop or Able Sisters shop,Orange,Brown,For sale,No,1x1,https://acnhcdn.com/latest/ClosetIcon/AccessoryGlassRound1.png,All Year,Simple,everyday; formal,Light brown,AccessoryEye,Yes,NA
11221,round tinted shades,https://acnhcdn.com/latest/FtrIcon/AccessoryGlassRound2.png,880,220,Able Sisters,Available from either Mable's temporary shop or Able Sisters shop,Brown,Brown,For sale,No,1x1,https://acnhcdn.com/latest/ClosetIcon/AccessoryGlassRound2.png,All Year,Simple,everyday; formal,Dark brown,AccessoryEye,Yes,NA
11222,round tinted shades,https://acnhcdn.com/latest/FtrIcon/AccessoryGlassRound3.png,880,220,Able Sisters,Available from either Mable's temporary shop or Able Sisters shop,Green,Brown,For sale,No,1x1,https://acnhcdn.com/latest/ClosetIcon/AccessoryGlassRound3.png,All Year,Simple,everyday; formal,Green,AccessoryEye,Yes,NA
4679,rounded beard,https://acnhcdn.com/latest/FtrIcon/AccessoryMouthBeardRoundBlack.png,980,245,Able Sisters,Available from Able Sisters shop only,Colorful,Colorful,For sale,No,1x1,https://acnhcdn.com/latest/ClosetIcon/AccessoryMouthBeardRoundBlack.png,All Year,Cool,everyday; comfy; theatrical,Black,AccessoryMouthEarJaw,No,NA
4337,shattered glasses,https://acnhcdn.com/latest/FtrIcon/AccessoryGlassCrackBlack.png,NFS,10,Recycle bin,,Black,Light blue,Not for sale,No,1x1,https://acnhcdn.com/latest/ClosetIcon/AccessoryGlassCrackBlack.png,All Year,Simple,goth,Black,AccessoryEye,Yes,NA
4453,ski goggles,https://acnhcdn.com/latest/FtrIcon/AccessoryGlassGogglesski0.png,980,245,Able Sisters,Available from Able Sisters shop only,Orange,White,For sale,No,1x1,https://acnhcdn.com/latest/ClosetIcon/AccessoryGlassGogglesski0.png,Winter,Active,outdoorsy; sporty,White,AccessoryEye,Yes,NA
11479,ski goggles,https://acnhcdn.com/latest/FtrIcon/AccessoryGlassGogglesski1.png,980,245,Able Sisters,Available from Able Sisters shop only,Pink,Yellow,For sale,No,1x1,https://acnhcdn.com/latest/ClosetIcon/AccessoryGlassGogglesski1.png,Winter,Active,outdoorsy; sporty,Yellow,AccessoryEye,Yes,NA
11480,ski goggles,https://acnhcdn.com/latest/FtrIcon/AccessoryGlassGogglesski2.png,980,245,Able Sisters,Available from Able Sisters shop only,Green,Blue,For sale,No,1x1,https://acnhcdn.com/latest/ClosetIcon/AccessoryGlassGogglesski2.png,Winter,Active,outdoorsy; sporty,Purple,AccessoryEye,Yes,NA
11481,ski goggles,https://acnhcdn.com/latest/FtrIcon/AccessoryGlassGogglesski3.png,980,245,Able Sisters,Available from Able Sisters shop only,Purple,Pink,For sale,No,1x1,https://acnhcdn.com/latest/ClosetIcon/AccessoryGlassGogglesski3.png,Winter,Active,outdoorsy; sporty,Pink,AccessoryEye,Yes,NA
11482,ski goggles,https://acnhcdn.com/latest/FtrIcon/AccessoryGlassGogglesski4.png,980,245,Able Sisters,Available from Able Sisters shop only,Blue,Green,For sale,No,1x1,https://acnhcdn.com/latest/ClosetIcon/AccessoryGlassGogglesski4.png,Winter,Active,outdoorsy; sporty,Green,AccessoryEye,Yes,NA
11483,ski goggles,https://acnhcdn.com/latest/FtrIcon/AccessoryGlassGogglesski5.png,980,245,Able Sisters,Available from Able Sisters shop only,Light blue,Orange,For sale,No,1x1,https://acnhcdn.com/latest/ClosetIcon/AccessoryGlassGogglesski5.png,Winter,Active,outdoorsy; sporty,Orange,AccessoryEye,Yes,NA
4458,sporty shades,https://acnhcdn.com/latest/FtrIcon/AccessoryGlassSports0.png,1300,325,Able Sisters,Available from either Mable's temporary shop or Able Sisters shop,Black,Orange,For sale,No,1x1,https://acnhcdn.com/latest/ClosetIcon/AccessoryGlassSports0.png,All Year,Active,outdoorsy; sporty,Black,AccessoryEye,Yes,NA
11489,sporty shades,https://acnhcdn.com/latest/FtrIcon/AccessoryGlassSports1.png,1300,325,Able Sisters,Available from either Mable's temporary shop or Able Sisters shop,White,Orange,For sale,No,1x1,https://acnhcdn.com/latest/ClosetIcon/AccessoryGlassSports1.png,All Year,Active,outdoorsy; sporty,White,AccessoryEye,Yes,NA
11490,sporty shades,https://acnhcdn.com/latest/FtrIcon/AccessoryGlassSports2.png,1300,325,Able Sisters,Available from either Mable's temporary shop or Able Sisters shop,Pink,Pink,For sale,No,1x1,https://acnhcdn.com/latest/ClosetIcon/AccessoryGlassSports2.png,All Year,Active,outdoorsy; sporty,Pink,AccessoryEye,Yes,NA
11491,sporty shades,https://acnhcdn.com/latest/FtrIcon/AccessoryGlassSports3.png,1300,325,Able Sisters,Available from either Mable's temporary shop or Able Sisters shop,Green,Light blue,For sale,No,1x1,https://acnhcdn.com/latest/ClosetIcon/AccessoryGlassSports3.png,All Year,Active,outdoorsy; sporty,Lime,AccessoryEye,Yes,NA
11492,sporty shades,https://acnhcdn.com/latest/FtrIcon/AccessoryGlassSports4.png,1300,325,Able Sisters,Available from either Mable's temporary shop or Able Sisters shop,Light blue,Blue,For sale,No,1x1,https://acnhcdn.com/latest/ClosetIcon/AccessoryGlassSports4.png,All Year,Active,outdoorsy; sporty,Light blue,AccessoryEye,Yes,NA
4236,square glasses,https://acnhcdn.com/latest/FtrIcon/AccessoryGlassSquare0.png,880,220,Able Sisters,Available from either Mable's temporary shop or Able Sisters shop,Brown,Brown,For sale,No,1x1,https://acnhcdn.com/latest/ClosetIcon/AccessoryGlassSquare0.png,All Year,Simple,everyday; formal; work,Brown,AccessoryEye,Yes,NA
11066,square glasses,https://acnhcdn.com/latest/FtrIcon/AccessoryGlassSquare1.png,880,220,Able Sisters,Available from either Mable's temporary shop or Able Sisters shop,Black,Black,For sale,No,1x1,https://acnhcdn.com/latest/ClosetIcon/AccessoryGlassSquare1.png,All Year,Simple,everyday; formal; work,Black,AccessoryEye,Yes,NA
11067,square glasses,https://acnhcdn.com/latest/FtrIcon/AccessoryGlassSquare2.png,880,220,Able Sisters,Available from either Mable's temporary shop or Able Sisters shop,Gray,Gray,For sale,No,1x1,https://acnhcdn.com/latest/ClosetIcon/AccessoryGlassSquare2.png,All Year,Simple,everyday; formal; work,Gray,AccessoryEye,Yes,NA
11068,square glasses,https://acnhcdn.com/latest/FtrIcon/AccessoryGlassSquare3.png,880,220,Able Sisters,Available from either Mable's temporary shop or Able Sisters shop,Blue,Blue,For sale,No,1x1,https://acnhcdn.com/latest/ClosetIcon/AccessoryGlassSquare3.png,All Year,Simple,everyday; formal; work,Blue,AccessoryEye,Yes,NA
4501,stache & glasses,https://acnhcdn.com/latest/FtrIcon/AccessoryGlassmouthBeard0.png,770,192,Able Sisters,Available from Able Sisters shop only,Black,Orange,For sale,No,1x1,https://acnhcdn.com/latest/ClosetIcon/AccessoryGlassmouthBeard0.png,All Year,Cute,party; theatrical,Black,AcceEyeMouth,Yes,NA
11007,stache & glasses,https://acnhcdn.com/latest/FtrIcon/AccessoryGlassmouthBeard1.png,770,192,Able Sisters,Available from Able Sisters shop only,Red,Black,For sale,No,1x1,https://acnhcdn.com/latest/ClosetIcon/AccessoryGlassmouthBeard1.png,All Year,Cute,party; theatrical,Red,AcceEyeMouth,Yes,NA
4240,star shades,https://acnhcdn.com/latest/FtrIcon/AccessoryGlassStar0.png,880,220,Able Sisters,Available from either Mable's temporary shop or Able Sisters shop,Yellow,Black,For sale,No,1x1,https://acnhcdn.com/latest/ClosetIcon/AccessoryGlassStar0.png,All Year,Cute,party; vacation,Yellow,AccessoryEye,Yes,NA
11192,star shades,https://acnhcdn.com/latest/FtrIcon/AccessoryGlassStar1.png,880,220,Able Sisters,Available from either Mable's temporary shop or Able Sisters shop,Pink,Black,For sale,No,1x1,https://acnhcdn.com/latest/ClosetIcon/AccessoryGlassStar1.png,All Year,Cute,party; vacation,Pink,AccessoryEye,Yes,NA
11193,star shades,https://acnhcdn.com/latest/FtrIcon/AccessoryGlassStar2.png,880,220,Able Sisters,Available from either Mable's temporary shop or Able Sisters shop,Light blue,Black,For sale,No,1x1,https://acnhcdn.com/latest/ClosetIcon/AccessoryGlassStar2.png,All Year,Cute,party; vacation,Blue,AccessoryEye,Yes,NA
11194,star shades,https://acnhcdn.com/latest/FtrIcon/AccessoryGlassStar3.png,880,220,Able Sisters,Available from either Mable's temporary shop or Able Sisters shop,Purple,Black,For sale,No,1x1,https://acnhcdn.com/latest/ClosetIcon/AccessoryGlassStar3.png,All Year,Cute,party; vacation,Purple,AccessoryEye,Yes,NA
11195,star shades,https://acnhcdn.com/latest/FtrIcon/AccessoryGlassStar4.png,880,220,Able Sisters,Available from either Mable's temporary shop or Able Sisters shop,Green,Black,For sale,No,1x1,https://acnhcdn.com/latest/ClosetIcon/AccessoryGlassStar4.png,All Year,Cute,party; vacation,Green,AccessoryEye,Yes,NA
4685,steampunk glasses,https://acnhcdn.com/latest/FtrIcon/AccessoryGlassSteampunk0.png,1300,325,Able Sisters,Available from Able Sisters shop only,Brown,Green,For sale,No,1x1,https://acnhcdn.com/latest/ClosetIcon/AccessoryGlassSteampunk0.png,All Year,Gorgeous,fairy tale; theatrical,Green,AccessoryEye,Yes,NA
11505,steampunk glasses,https://acnhcdn.com/latest/FtrIcon/AccessoryGlassSteampunk1.png,1300,325,Able Sisters,Available from Able Sisters shop only,Brown,Purple,For sale,No,1x1,https://acnhcdn.com/latest/ClosetIcon/AccessoryGlassSteampunk1.png,All Year,Gorgeous,fairy tale; theatrical,Purple,AccessoryEye,Yes,NA
4652,sticky rice,https://acnhcdn.com/latest/FtrIcon/AccessoryMouthRice.png,490,122,Able Sisters,Available from either Mable's temporary shop or Able Sisters shop,White,White,For sale,No,1x1,https://acnhcdn.com/latest/ClosetIcon/AccessoryMouthRice.png,All Year,Simple,comfy,White,AccessoryMouth,No,NA
4684,superhero mask,https://acnhcdn.com/latest/FtrIcon/AccessoryGlassHeromaskBlack.png,1040,260,Able Sisters,Available from Able Sisters shop only,Black,Black,For sale,No,1x1,https://acnhcdn.com/latest/ClosetIcon/AccessoryGlassHeromaskBlack.png,All Year,Cool,fairy tale; theatrical; work,Black,AccessoryEye,Yes,NA
4461,tiny shades,https://acnhcdn.com/latest/FtrIcon/AccessoryGlassMini0.png,1100,275,Able Sisters,Available from either Mable's temporary shop or Able Sisters shop,Yellow,Black,For sale,No,1x1,https://acnhcdn.com/latest/ClosetIcon/AccessoryGlassMini0.png,All Year,Cool,fairy tale; formal,Gold,AccessoryEye,Yes,NA
11215,tiny shades,https://acnhcdn.com/latest/FtrIcon/AccessoryGlassMini1.png,1100,275,Able Sisters,Available from either Mable's temporary shop or Able Sisters shop,Black,Black,For sale,No,1x1,https://acnhcdn.com/latest/ClosetIcon/AccessoryGlassMini1.png,All Year,Cool,fairy tale; formal,Black,AccessoryEye,Yes,NA
11216,tiny shades,https://acnhcdn.com/latest/FtrIcon/AccessoryGlassMini2.png,1100,275,Able Sisters,Available from either Mable's temporary shop or Able Sisters shop,Red,Black,For sale,No,1x1,https://acnhcdn.com/latest/ClosetIcon/AccessoryGlassMini2.png,All Year,Cool,fairy tale; formal,Berry red,AccessoryEye,Yes,NA
4460,tortoise specs,https://acnhcdn.com/latest/FtrIcon/AccessoryGlassTortoiseshell0.png,1040,260,Able Sisters,Available from either Mable's temporary shop or Able Sisters shop,Brown,Orange,For sale,No,1x1,https://acnhcdn.com/latest/ClosetIcon/AccessoryGlassTortoiseshell0.png,All Year,Simple,everyday; formal,Brown,AccessoryEye,Yes,NA
11079,tortoise specs,https://acnhcdn.com/latest/FtrIcon/AccessoryGlassTortoiseshell1.png,1040,260,Able Sisters,Available from either Mable's temporary shop or Able Sisters shop,Orange,Beige,For sale,No,1x1,https://acnhcdn.com/latest/ClosetIcon/AccessoryGlassTortoiseshell1.png,All Year,Simple,everyday; formal,Beige,AccessoryEye,Yes,NA
11080,tortoise specs,https://acnhcdn.com/latest/FtrIcon/AccessoryGlassTortoiseshell2.png,1040,260,Able Sisters,Available from either Mable's temporary shop or Able Sisters shop,Black,Beige,For sale,No,1x1,https://acnhcdn.com/latest/ClosetIcon/AccessoryGlassTortoiseshell2.png,All Year,Simple,everyday; formal,Black,AccessoryEye,Yes,NA
4242,triangle shades,https://acnhcdn.com/latest/FtrIcon/AccessoryGlassTriangle0.png,880,220,Able Sisters,Available from either Mable's temporary shop or Able Sisters shop,Red,Purple,For sale,No,1x1,https://acnhcdn.com/latest/ClosetIcon/AccessoryGlassTriangle0.png,All Year,Cute,party; vacation,Red,AccessoryEye,Yes,NA
11203,triangle shades,https://acnhcdn.com/latest/FtrIcon/AccessoryGlassTriangle1.png,880,220,Able Sisters,Available from either Mable's temporary shop or Able Sisters shop,Orange,Purple,For sale,No,1x1,https://acnhcdn.com/latest/ClosetIcon/AccessoryGlassTriangle1.png,All Year,Cute,party; vacation,Orange,AccessoryEye,Yes,NA
11204,triangle shades,https://acnhcdn.com/latest/FtrIcon/AccessoryGlassTriangle2.png,880,220,Able Sisters,Available from either Mable's temporary shop or Able Sisters shop,Light blue,Purple,For sale,No,1x1,https://acnhcdn.com/latest/ClosetIcon/AccessoryGlassTriangle2.png,All Year,Cute,party; vacation,Blue,AccessoryEye,Yes,NA
11205,triangle shades,https://acnhcdn.com/latest/FtrIcon/AccessoryGlassTriangle3.png,880,220,Able Sisters,Available from either Mable's temporary shop or Able Sisters shop,Purple,Purple,For sale,No,1x1,https://acnhcdn.com/latest/ClosetIcon/AccessoryGlassTriangle3.png,All Year,Cute,party; vacation,Purple,AccessoryEye,Yes,NA
11206,triangle shades,https://acnhcdn.com/latest/FtrIcon/AccessoryGlassTriangle4.png,880,220,Able Sisters,Available from either Mable's temporary shop or Able Sisters shop,Green,Purple,For sale,No,1x1,https://acnhcdn.com/latest/ClosetIcon/AccessoryGlassTriangle4.png,All Year,Cute,party; vacation,Green,AccessoryEye,Yes,NA
11207,triangle shades,https://acnhcdn.com/latest/FtrIcon/AccessoryGlassTriangle5.png,880,220,Able Sisters,Available from either Mable's temporary shop or Able Sisters shop,White,Purple,For sale,No,1x1,https://acnhcdn.com/latest/ClosetIcon/AccessoryGlassTriangle5.png,All Year,Cute,party; vacation,White,AccessoryEye,Yes,NA
11208,triangle shades,https://acnhcdn.com/latest/FtrIcon/AccessoryGlassTriangle6.png,880,220,Able Sisters,Available from either Mable's temporary shop or Able Sisters shop,Black,Purple,For sale,No,1x1,https://acnhcdn.com/latest/ClosetIcon/AccessoryGlassTriangle6.png,All Year,Cute,party; vacation,Black,AccessoryEye,Yes,NA
4669,wooden-frame glasses,https://acnhcdn.com/latest/FtrIcon/AccessoryGlassWood0.png,1560,390,Able Sisters,Available from either Mable's temporary shop or Able Sisters shop,Brown,Gray,For sale,No,1x1,https://acnhcdn.com/latest/ClosetIcon/AccessoryGlassWood0.png,All Year,Simple,everyday; formal; work,Brown,AccessoryEye,Yes,NA
11093,wooden-frame glasses,https://acnhcdn.com/latest/FtrIcon/AccessoryGlassWood1.png,1560,390,Able Sisters,Available from either Mable's temporary shop or Able Sisters shop,Brown,Yellow,For sale,No,1x1,https://acnhcdn.com/latest/ClosetIcon/AccessoryGlassWood1.png,All Year,Simple,everyday; formal; work,Dark brown,AccessoryEye,Yes,NA
