Name,Album Image,Buy,Sell,Size,Source,Source Notes,Catalog
Agent K.K.,https://acnhcdn.com/latest/Audio/mjk_Keiji.png,3200,800,1x1,"K.K. concert, Nook Shopping Catalog","Possible song KK will play when choosing ""It's hard to say."" as your mood",For sale
Aloha K.K.,https://acnhcdn.com/latest/Audio/mjk_Aloha.png,3200,800,1x1,"K.K. concert, Nook Shopping Catalog","Possible song KK will play when choosing ""Laid-back."" as your mood",For sale
Animal City,https://acnhcdn.com/latest/Audio/mjk_DoubutuNoMachi.png,NFS,800,1x1,K.K. concert,Hidden song - only by request,Not for sale
Bubblegum K.K.,https://acnhcdn.com/latest/Audio/mjk_Idol.png,3200,800,1x1,"K.K. concert, Nook Shopping Catalog","Possible song KK will play when choosing ""I feel good!"" as your mood",For sale
Caf? K.K.,https://acnhcdn.com/latest/Audio/mjk_Paris.png,3200,800,1x1,"K.K. concert, Nook Shopping Catalog","Possible song KK will play when choosing ""I feel good!"" as your mood",For sale
Comrade K.K.,https://acnhcdn.com/latest/Audio/mjk_ShowaKayo.png,3200,800,1x1,"K.K. concert, Nook Shopping Catalog","Possible song KK will play when choosing ""A little blue..."" as your mood",For sale
DJ K.K.,https://acnhcdn.com/latest/Audio/mjk_EuroBeat.png,3200,800,1x1,"K.K. concert, Nook Shopping Catalog","Possible song KK will play when choosing ""A little grumpy..."" as your mood",For sale
Drivin',https://acnhcdn.com/latest/Audio/mjk_Drive.png,NFS,800,1x1,K.K. concert,Hidden song - only by request,Not for sale
Farewell,https://acnhcdn.com/latest/Audio/mjk_Sayonara.png,NFS,800,1x1,K.K. concert,Hidden song - only by request,Not for sale
Forest Life,https://acnhcdn.com/latest/Audio/mjk_MoriNoSeikatsu.png,3200,800,1x1,"K.K. concert, Nook Shopping Catalog","Possible song KK will play when choosing ""Laid-back."" as your mood",For sale
Go K.K. Rider,https://acnhcdn.com/latest/Audio/mjk_KekeRider.png,3200,800,1x1,"K.K. concert, Nook Shopping Catalog","Possible song KK will play when choosing ""A little grumpy..."" as your mood",For sale
Hypno K.K.,https://acnhcdn.com/latest/Audio/mjk_UtataneNoYume.png,3200,800,1x1,"K.K. concert, Nook Shopping Catalog","Possible song KK will play when choosing ""It's hard to say."" as your mood",For sale
I Love You,https://acnhcdn.com/latest/Audio/mjk_Daisuki.png,3200,800,1x1,"K.K. concert, Nook Shopping Catalog","Possible song KK will play when choosing ""Laid-back."" as your mood",For sale
Imperial K.K.,https://acnhcdn.com/latest/Audio/mjk_China.png,3200,800,1x1,"K.K. concert, Nook Shopping Catalog","Possible song KK will play when choosing ""A little grumpy..."" as your mood",For sale
K.K. Adventure,https://acnhcdn.com/latest/Audio/mjk_Hollywood.png,3200,800,1x1,"K.K. concert, Nook Shopping Catalog","Possible song KK will play when choosing ""A little grumpy..."" as your mood",For sale
K.K. Aria,https://acnhcdn.com/latest/Audio/mjk_Maria.png,3200,800,1x1,"K.K. concert, Nook Shopping Catalog","Possible song KK will play when choosing ""Laid-back."" as your mood",For sale
K.K. Ballad,https://acnhcdn.com/latest/Audio/mjk_Ballad.png,3200,800,1x1,"K.K. concert, Nook Shopping Catalog","Possible song KK will play when choosing ""A little blue..."" as your mood",For sale
K.K. Bazaar,https://acnhcdn.com/latest/Audio/mjk_Roma.png,3200,800,1x1,"K.K. concert, Nook Shopping Catalog","Possible song KK will play when choosing ""A little grumpy..."" as your mood",For sale
K.K. Birthday,https://acnhcdn.com/latest/Audio/mjk_BirthdaySong.png,NFS,800,1x1,K.K. concert,Received on your first time seeing KK perform during your birthday,Not for sale
K.K. Blues,https://acnhcdn.com/latest/Audio/mjk_Blues.png,3200,800,1x1,"K.K. concert, Nook Shopping Catalog","Possible song KK will play when choosing ""It's hard to say."" as your mood",For sale
K.K. Bossa,https://acnhcdn.com/latest/Audio/mjk_Bossa.png,3200,800,1x1,"K.K. concert, Nook Shopping Catalog","Possible song KK will play when choosing ""Laid-back."" as your mood",For sale
K.K. Calypso,https://acnhcdn.com/latest/Audio/mjk_Caripso.png,3200,800,1x1,"K.K. concert, Nook Shopping Catalog","Possible song KK will play when choosing ""I feel good!"" as your mood",For sale
K.K. Casbah,https://acnhcdn.com/latest/Audio/mjk_Turkey.png,3200,800,1x1,"K.K. concert, Nook Shopping Catalog","Possible song KK will play when choosing ""A little grumpy..."" as your mood",For sale
K.K. Chorale,https://acnhcdn.com/latest/Audio/mjk_Sanbika.png,3200,800,1x1,"K.K. concert, Nook Shopping Catalog","Possible song KK will play when choosing ""A little blue..."" as your mood",For sale
K.K. Condor,https://acnhcdn.com/latest/Audio/mjk_Peru.png,3200,800,1x1,"K.K. concert, Nook Shopping Catalog","Possible song KK will play when choosing ""A little blue..."" as your mood",For sale
K.K. Country,https://acnhcdn.com/latest/Audio/mjk_Country.png,3200,800,1x1,"K.K. concert, Nook Shopping Catalog","Possible song KK will play when choosing ""I feel good!"" as your mood",For sale
K.K. Cruisin',https://acnhcdn.com/latest/Audio/mjk_Urban.png,3200,800,1x1,"K.K. concert, Nook Shopping Catalog","Possible song KK will play when choosing ""A little grumpy..."" as your mood",For sale
K.K. D&B,https://acnhcdn.com/latest/Audio/mjk_Drumnbass.png,3200,800,1x1,"K.K. concert, Nook Shopping Catalog","Possible song KK will play when choosing ""It's hard to say."" as your mood",For sale
K.K. Dirge,https://acnhcdn.com/latest/Audio/mjk_KowaiUta.png,3200,800,1x1,"K.K. concert, Nook Shopping Catalog","Possible song KK will play when choosing ""A little blue..."" as your mood",For sale
K.K. Disco,https://acnhcdn.com/latest/Audio/mjk_Disco.png,3200,800,1x1,"K.K. concert, Nook Shopping Catalog","Possible song KK will play when choosing ""I feel good!"" as your mood",For sale
K.K. Dixie,https://acnhcdn.com/latest/Audio/mjk_Dixie.png,3200,800,1x1,"K.K. concert, Nook Shopping Catalog","Possible song KK will play when choosing ""I feel good!"" as your mood",For sale
K.K. ?tude,https://acnhcdn.com/latest/Audio/mjk_Etude.png,3200,800,1x1,"K.K. concert, Nook Shopping Catalog","Possible song KK will play when choosing ""A little blue..."" as your mood",For sale
K.K. Faire,https://acnhcdn.com/latest/Audio/mjk_Haisai.png,3200,800,1x1,"K.K. concert, Nook Shopping Catalog","Possible song KK will play when choosing ""Laid-back."" as your mood",For sale
K.K. Flamenco,https://acnhcdn.com/latest/Audio/mjk_Flamenco.png,3200,800,1x1,"K.K. concert, Nook Shopping Catalog","Possible song KK will play when choosing ""A little grumpy..."" as your mood",For sale
K.K. Folk,https://acnhcdn.com/latest/Audio/mjk_Minyo.png,3200,800,1x1,"K.K. concert, Nook Shopping Catalog","Possible song KK will play when choosing ""It's hard to say."" as your mood",For sale
K.K. Fusion,https://acnhcdn.com/latest/Audio/mjk_Fusion.png,3200,800,1x1,"K.K. concert, Nook Shopping Catalog","Possible song KK will play when choosing ""Laid-back."" as your mood",For sale
K.K. Groove,https://acnhcdn.com/latest/Audio/mjk_Raregroove.png,3200,800,1x1,"K.K. concert, Nook Shopping Catalog","Possible song KK will play when choosing ""I feel good!"" as your mood",For sale
K.K. Gumbo,https://acnhcdn.com/latest/Audio/mjk_NewOrleans.png,3200,800,1x1,"K.K. concert, Nook Shopping Catalog","Possible song KK will play when choosing ""It's hard to say."" as your mood",For sale
K.K. House,https://acnhcdn.com/latest/Audio/mjk_House.png,3200,800,1x1,"K.K. concert, Nook Shopping Catalog","Possible song KK will play when choosing ""A little grumpy..."" as your mood",For sale
K.K. Island,https://acnhcdn.com/latest/Audio/mjk_DoubutsuNoShima.png,3200,800,1x1,"K.K. concert, Nook Shopping Catalog","Possible song KK will play when choosing ""Laid-back."" as your mood",For sale
K.K. Jazz,https://acnhcdn.com/latest/Audio/mjk_Jazz.png,3200,800,1x1,"K.K. concert, Nook Shopping Catalog","Possible song KK will play when choosing ""Laid-back."" as your mood",For sale
K.K. Jongara,https://acnhcdn.com/latest/Audio/mjk_Jongara.png,3200,800,1x1,"K.K. concert, Nook Shopping Catalog","Possible song KK will play when choosing ""A little grumpy..."" as your mood",For sale
K.K. Lament,https://acnhcdn.com/latest/Audio/mjk_Enka.png,3200,800,1x1,"K.K. concert, Nook Shopping Catalog","Possible song KK will play when choosing ""A little blue..."" as your mood",For sale
K.K. Love Song,https://acnhcdn.com/latest/Audio/mjk_LoveSong.png,3200,800,1x1,"K.K. concert, Nook Shopping Catalog","Possible song KK will play when choosing ""Laid-back."" as your mood",For sale
K.K. Lullaby,https://acnhcdn.com/latest/Audio/mjk_Lullaby.png,3200,800,1x1,"K.K. concert, Nook Shopping Catalog","Possible song KK will play when choosing ""A little blue..."" as your mood",For sale
K.K. Mambo,https://acnhcdn.com/latest/Audio/mjk_Mambo.png,3200,800,1x1,"K.K. concert, Nook Shopping Catalog","Possible song KK will play when choosing ""I feel good!"" as your mood",For sale
K.K. Marathon,https://acnhcdn.com/latest/Audio/mjk_Gamelan.png,3200,800,1x1,"K.K. concert, Nook Shopping Catalog","Possible song KK will play when choosing ""It's hard to say."" as your mood",For sale
K.K. March,https://acnhcdn.com/latest/Audio/mjk_March.png,3200,800,1x1,"K.K. concert, Nook Shopping Catalog","Possible song KK will play when choosing ""I feel good!"" as your mood",For sale
K.K. Mariachi,https://acnhcdn.com/latest/Audio/mjk_Senor.png,3200,800,1x1,"K.K. concert, Nook Shopping Catalog","Possible song KK will play when choosing ""I feel good!"" as your mood",For sale
K.K. Metal,https://acnhcdn.com/latest/Audio/mjk_Metal.png,3200,800,1x1,"K.K. concert, Nook Shopping Catalog","Possible song KK will play when choosing ""A little grumpy..."" as your mood",For sale
K.K. Milonga,https://acnhcdn.com/latest/Audio/mjk_Milonga.png,3200,800,1x1,"K.K. concert, Nook Shopping Catalog","Possible song KK will play when choosing ""A little blue..."" as your mood",For sale
K.K. Moody,https://acnhcdn.com/latest/Audio/mjk_Bolero.png,3200,800,1x1,"K.K. concert, Nook Shopping Catalog","Possible song KK will play when choosing ""Laid-back."" as your mood",For sale
K.K. Oasis,https://acnhcdn.com/latest/Audio/mjk_Maharaja.png,3200,800,1x1,"K.K. concert, Nook Shopping Catalog","Possible song KK will play when choosing ""It's hard to say."" as your mood",For sale
K.K. Parade,https://acnhcdn.com/latest/Audio/mjk_Parade.png,3200,800,1x1,"K.K. concert, Nook Shopping Catalog","Possible song KK will play when choosing ""I feel good!"" as your mood",For sale
K.K. Ragtime,https://acnhcdn.com/latest/Audio/mjk_RagTime.png,3200,800,1x1,"K.K. concert, Nook Shopping Catalog","Possible song KK will play when choosing ""I feel good!"" as your mood",For sale
K.K. Rally,https://acnhcdn.com/latest/Audio/mjk_Ondo.png,3200,800,1x1,"K.K. concert, Nook Shopping Catalog","Possible song KK will play when choosing ""It's hard to say."" as your mood",For sale
K.K. Reggae,https://acnhcdn.com/latest/Audio/mjk_Reggae.png,3200,800,1x1,"K.K. concert, Nook Shopping Catalog","Possible song KK will play when choosing ""Laid-back."" as your mood",For sale
K.K. Rock,https://acnhcdn.com/latest/Audio/mjk_Rock.png,3200,800,1x1,"K.K. concert, Nook Shopping Catalog","Possible song KK will play when choosing ""A little grumpy..."" as your mood",For sale
K.K. Rockabilly,https://acnhcdn.com/latest/Audio/mjk_KekeBilly.png,3200,800,1x1,"K.K. concert, Nook Shopping Catalog","Possible song KK will play when choosing ""I feel good!"" as your mood",For sale
K.K. Safari,https://acnhcdn.com/latest/Audio/mjk_Afro.png,3200,800,1x1,"K.K. concert, Nook Shopping Catalog","Possible song KK will play when choosing ""A little grumpy..."" as your mood",For sale
K.K. Salsa,https://acnhcdn.com/latest/Audio/mjk_Salsa.png,3200,800,1x1,"K.K. concert, Nook Shopping Catalog","Possible song KK will play when choosing ""I feel good!"" as your mood",For sale
K.K. Samba,https://acnhcdn.com/latest/Audio/mjk_Samba.png,3200,800,1x1,"K.K. concert, Nook Shopping Catalog","Possible song KK will play when choosing ""I feel good!"" as your mood",For sale
K.K. Ska,https://acnhcdn.com/latest/Audio/mjk_Ska.png,3200,800,1x1,"K.K. concert, Nook Shopping Catalog","Possible song KK will play when choosing ""I feel good!"" as your mood",For sale
K.K. Sonata,https://acnhcdn.com/latest/Audio/mjk_Sonata.png,3200,800,1x1,"K.K. concert, Nook Shopping Catalog","Possible song KK will play when choosing ""A little blue..."" as your mood",For sale
K.K. Song,https://acnhcdn.com/latest/Audio/mjk_KekeSong.png,3200,800,1x1,"K.K. concert, Nook Shopping Catalog","Possible song KK will play when choosing ""It's hard to say."" as your mood",For sale
K.K. Soul,https://acnhcdn.com/latest/Audio/mjk_Soul.png,3200,800,1x1,"K.K. concert, Nook Shopping Catalog","Possible song KK will play when choosing ""It's hard to say."" as your mood",For sale
K.K. Steppe,https://acnhcdn.com/latest/Audio/mjk_Cossack.png,3200,800,1x1,"K.K. concert, Nook Shopping Catalog","Possible song KK will play when choosing ""A little grumpy..."" as your mood",For sale
K.K. Stroll,https://acnhcdn.com/latest/Audio/mjk_Osanpo.png,3200,800,1x1,"K.K. concert, Nook Shopping Catalog","Possible song KK will play when choosing ""Laid-back."" as your mood",For sale
K.K. Swing,https://acnhcdn.com/latest/Audio/mjk_Swing.png,3200,800,1x1,"K.K. concert, Nook Shopping Catalog","Possible song KK will play when choosing ""Laid-back."" as your mood",For sale
K.K. Synth,https://acnhcdn.com/latest/Audio/mjk_Electronica.png,3200,800,1x1,"K.K. concert, Nook Shopping Catalog","Possible song KK will play when choosing ""Laid-back."" as your mood",For sale
K.K. Tango,https://acnhcdn.com/latest/Audio/mjk_Tango.png,3200,800,1x1,"K.K. concert, Nook Shopping Catalog","Possible song KK will play when choosing ""A little grumpy..."" as your mood",For sale
K.K. Technopop,https://acnhcdn.com/latest/Audio/mjk_TechnoBeat.png,3200,800,1x1,"K.K. concert, Nook Shopping Catalog","Possible song KK will play when choosing ""It's hard to say."" as your mood",For sale
K.K. Waltz,https://acnhcdn.com/latest/Audio/mjk_Waltz.png,3200,800,1x1,"K.K. concert, Nook Shopping Catalog","Possible song KK will play when choosing ""A little blue..."" as your mood",For sale
K.K. Western,https://acnhcdn.com/latest/Audio/mjk_Western.png,3200,800,1x1,"K.K. concert, Nook Shopping Catalog","Possible song KK will play when choosing ""A little blue..."" as your mood",For sale
King K.K.,https://acnhcdn.com/latest/Audio/mjk_Daimyo.png,3200,800,1x1,"K.K. concert, Nook Shopping Catalog","Possible song KK will play when choosing ""A little blue..."" as your mood",For sale
Lucky K.K.,https://acnhcdn.com/latest/Audio/mjk_Irish.png,3200,800,1x1,"K.K. concert, Nook Shopping Catalog","Possible song KK will play when choosing ""A little grumpy..."" as your mood",For sale
Marine Song 2001,https://acnhcdn.com/latest/Audio/mjk_HunaUta2001.png,3200,800,1x1,"K.K. concert, Nook Shopping Catalog","Possible song KK will play when choosing ""Laid-back."" as your mood",For sale
Mountain Song,https://acnhcdn.com/latest/Audio/mjk_Alpine.png,3200,800,1x1,"K.K. concert, Nook Shopping Catalog","Possible song KK will play when choosing ""I feel good!"" as your mood",For sale
Mr. K.K.,https://acnhcdn.com/latest/Audio/mjk_Sensei.png,3200,800,1x1,"K.K. concert, Nook Shopping Catalog","Possible song KK will play when choosing ""Laid-back."" as your mood",For sale
My Place,https://acnhcdn.com/latest/Audio/mjk_BokuNoBasho.png,3200,800,1x1,"K.K. concert, Nook Shopping Catalog","Possible song KK will play when choosing ""Laid-back."" as your mood",For sale
Neapolitan,https://acnhcdn.com/latest/Audio/mjk_Napolitan.png,3200,800,1x1,"K.K. concert, Nook Shopping Catalog","Possible song KK will play when choosing ""I feel good!"" as your mood",For sale
Only Me,https://acnhcdn.com/latest/Audio/mjk_OnlyMe.png,3200,800,1x1,"K.K. concert, Nook Shopping Catalog","Possible song KK will play when choosing ""A little blue..."" as your mood",For sale
Pondering,https://acnhcdn.com/latest/Audio/mjk_KangaeChu.png,3200,800,1x1,"K.K. concert, Nook Shopping Catalog","Possible song KK will play when choosing ""Laid-back."" as your mood",For sale
Rockin' K.K.,https://acnhcdn.com/latest/Audio/mjk_RocknRoll.png,3200,800,1x1,"K.K. concert, Nook Shopping Catalog","Possible song KK will play when choosing ""A little grumpy..."" as your mood",For sale
Soulful K.K.,https://acnhcdn.com/latest/Audio/mjk_Gospel.png,3200,800,1x1,"K.K. concert, Nook Shopping Catalog","Possible song KK will play when choosing ""Laid-back."" as your mood",For sale
Space K.K.,https://acnhcdn.com/latest/Audio/mjk_Minimal.png,3200,800,1x1,"K.K. concert, Nook Shopping Catalog","Possible song KK will play when choosing ""It's hard to say."" as your mood",For sale
Spring Blossoms,https://acnhcdn.com/latest/Audio/mjk_HaruNoKomorebi.png,3200,800,1x1,"K.K. concert, Nook Shopping Catalog","Possible song KK will play when choosing ""I feel good!"" as your mood",For sale
Stale Cupcakes,https://acnhcdn.com/latest/Audio/mjk_BlueOnigiri.png,3200,800,1x1,"K.K. concert, Nook Shopping Catalog","Possible song KK will play when choosing ""A little blue..."" as your mood",For sale
Steep Hill,https://acnhcdn.com/latest/Audio/mjk_NiDanZaka.png,3200,800,1x1,"K.K. concert, Nook Shopping Catalog","Possible song KK will play when choosing ""A little blue..."" as your mood",For sale
Surfin' K.K.,https://acnhcdn.com/latest/Audio/mjk_Eleki.png,3200,800,1x1,"K.K. concert, Nook Shopping Catalog","Possible song KK will play when choosing ""A little grumpy..."" as your mood",For sale
The K. Funk,https://acnhcdn.com/latest/Audio/mjk_Funk.png,3200,800,1x1,"K.K. concert, Nook Shopping Catalog","Possible song KK will play when choosing ""It's hard to say."" as your mood",For sale
To the Edge,https://acnhcdn.com/latest/Audio/mjk_NamiNami.png,3200,800,1x1,"K.K. concert, Nook Shopping Catalog","Possible song KK will play when choosing ""It's hard to say."" as your mood",For sale
Two Days Ago,https://acnhcdn.com/latest/Audio/mjk_Ototoi.png,3200,800,1x1,"K.K. concert, Nook Shopping Catalog","Possible song KK will play when choosing ""A little blue..."" as your mood",For sale
Wandering,https://acnhcdn.com/latest/Audio/mjk_Horo.png,3200,800,1x1,"K.K. concert, Nook Shopping Catalog","Possible song KK will play when choosing ""Laid-back."" as your mood",For sale
Welcome Horizons,https://acnhcdn.com/latest/Audio/mjk_MainTheme.png,NFS,800,1x1,K.K. concert,Received on your first time seeing KK perform,Not for sale
Hazure01,,3200,800,1x1,K.K. concert,Played by K.K. if you request something he doesn't have (does not give take-home track),Not in catalog
Hazure02,,3200,800,1x1,K.K. concert,Played by K.K. if you request something he doesn't have (does not give take-home track),Not in catalog
Hazure03,,3200,800,1x2,K.K. concert,Played by K.K. if you request something he doesn't have (does not give take-home track),Not in catalog
