Name,Image,Variation,Body Title,DIY,Customize,Kit Cost,Uses,Stack Size,Buy,Sell,Size,Set,Source,Source Notes
axe,https://acnhcdn.com/latest/FtrIcon/ToolAxe.png,NA,NA,Yes,No,NA,100,1,2500,625,1x1,None,Nook's Cranny; Crafting,
bamboo wand,https://acnhcdn.com/latest/FtrIcon/ToolStickBamboo.png,NA,NA,Yes,No,NA,Unlimited,1,NFS,3900,1x1,None,Crafting,
bug wand,https://acnhcdn.com/latest/FtrIcon/ToolStcikInsect.png,NA,NA,No,No,NA,Unlimited,1,NFS,1500,1x1,None,Bug-Off,
Bunny Day wand,https://acnhcdn.com/latest/FtrIcon/ToolStickEgg.png,NA,NA,Yes,No,NA,Unlimited,1,NFS,11100,1x1,None,Crafting,
cherry-blossom wand,https://acnhcdn.com/latest/FtrIcon/ToolStickCherryblossom.png,NA,NA,Yes,No,NA,Unlimited,1,NFS,2700,1x1,None,Crafting,
colorful fishing rod,https://acnhcdn.com/latest/FtrIcon/ToolFishingrodDuck_Remake_0_0.png,Yellow,Color,No,Yes,1,30,1,2500,625,1x1,Colorful Tools,Nook's Cranny,Available in Nook's Cranny (upgraded only)
colorful fishing rod,https://acnhcdn.com/latest/FtrIcon/ToolFishingrodDuck_Remake_1_0.png,Orange,Color,No,Yes,1,30,1,2500,625,1x1,Colorful Tools,Nook's Cranny,Available in Nook's Cranny (upgraded only)
colorful fishing rod,https://acnhcdn.com/latest/FtrIcon/ToolFishingrodDuck_Remake_2_0.png,Light blue,Color,No,Yes,1,30,1,2500,625,1x1,Colorful Tools,Nook's Cranny,Available in Nook's Cranny (upgraded only)
colorful fishing rod,https://acnhcdn.com/latest/FtrIcon/ToolFishingrodDuck_Remake_3_0.png,Pink,Color,No,Yes,1,30,1,2500,625,1x1,Colorful Tools,Nook's Cranny,Available in Nook's Cranny (upgraded only)
colorful fishing rod,https://acnhcdn.com/latest/FtrIcon/ToolFishingrodDuck_Remake_4_0.png,Green,Color,No,Yes,1,30,1,2500,625,1x1,Colorful Tools,Nook's Cranny,Available in Nook's Cranny (upgraded only)
colorful fishing rod,https://acnhcdn.com/latest/FtrIcon/ToolFishingrodDuck_Remake_5_0.png,Purple,Color,No,Yes,1,30,1,2500,625,1x1,Colorful Tools,Nook's Cranny,Available in Nook's Cranny (upgraded only)
colorful fishing rod,https://acnhcdn.com/latest/FtrIcon/ToolFishingrodDuck_Remake_6_0.png,White,Color,No,Yes,1,30,1,2500,625,1x1,Colorful Tools,Nook's Cranny,Available in Nook's Cranny (upgraded only)
colorful fishing rod,https://acnhcdn.com/latest/FtrIcon/ToolFishingrodDuck_Remake_7_0.png,Gray,Color,No,Yes,1,30,1,2500,625,1x1,Colorful Tools,Nook's Cranny,Available in Nook's Cranny (upgraded only)
colorful net,https://acnhcdn.com/latest/FtrIcon/ToolNetPattern_Remake_0_0.png,Yellow & orange,Color,No,Yes,1,30,1,2500,625,1x1,Colorful Tools,Nook's Cranny,Available in Nook's Cranny (upgraded only)
colorful net,https://acnhcdn.com/latest/FtrIcon/ToolNetPattern_Remake_1_0.png,Red & yellow,Color,No,Yes,1,30,1,2500,625,1x1,Colorful Tools,Nook's Cranny,Available in Nook's Cranny (upgraded only)
colorful net,https://acnhcdn.com/latest/FtrIcon/ToolNetPattern_Remake_2_0.png,Orange & blue,Color,No,Yes,1,30,1,2500,625,1x1,Colorful Tools,Nook's Cranny,Available in Nook's Cranny (upgraded only)
colorful net,https://acnhcdn.com/latest/FtrIcon/ToolNetPattern_Remake_3_0.png,Pink & yellow,Color,No,Yes,1,30,1,2500,625,1x1,Colorful Tools,Nook's Cranny,Available in Nook's Cranny (upgraded only)
colorful net,https://acnhcdn.com/latest/FtrIcon/ToolNetPattern_Remake_4_0.png,Green & blue,Color,No,Yes,1,30,1,2500,625,1x1,Colorful Tools,Nook's Cranny,Available in Nook's Cranny (upgraded only)
colorful net,https://acnhcdn.com/latest/FtrIcon/ToolNetPattern_Remake_5_0.png,Purple & pink,Color,No,Yes,1,30,1,2500,625,1x1,Colorful Tools,Nook's Cranny,Available in Nook's Cranny (upgraded only)
colorful net,https://acnhcdn.com/latest/FtrIcon/ToolNetPattern_Remake_6_0.png,White & blue,Color,No,Yes,1,30,1,2500,625,1x1,Colorful Tools,Nook's Cranny,Available in Nook's Cranny (upgraded only)
colorful net,https://acnhcdn.com/latest/FtrIcon/ToolNetPattern_Remake_7_0.png,Gray & green,Color,No,Yes,1,30,1,2500,625,1x1,Colorful Tools,Nook's Cranny,Available in Nook's Cranny (upgraded only)
colorful shovel,https://acnhcdn.com/latest/FtrIcon/ToolScoopColorful_Remake_0_0.png,Yellow,Color,No,Yes,1,100,1,2500,625,1x1,Colorful Tools,Nook's Cranny,Available in Nook's Cranny (upgraded only)
colorful shovel,https://acnhcdn.com/latest/FtrIcon/ToolScoopColorful_Remake_1_0.png,Red,Color,No,Yes,1,100,1,2500,625,1x1,Colorful Tools,Nook's Cranny,Available in Nook's Cranny (upgraded only)
colorful shovel,https://acnhcdn.com/latest/FtrIcon/ToolScoopColorful_Remake_2_0.png,Blue,Color,No,Yes,1,100,1,2500,625,1x1,Colorful Tools,Nook's Cranny,Available in Nook's Cranny (upgraded only)
colorful shovel,https://acnhcdn.com/latest/FtrIcon/ToolScoopColorful_Remake_3_0.png,Pink,Color,No,Yes,1,100,1,2500,625,1x1,Colorful Tools,Nook's Cranny,Available in Nook's Cranny (upgraded only)
colorful shovel,https://acnhcdn.com/latest/FtrIcon/ToolScoopColorful_Remake_4_0.png,Green,Color,No,Yes,1,100,1,2500,625,1x1,Colorful Tools,Nook's Cranny,Available in Nook's Cranny (upgraded only)
colorful shovel,https://acnhcdn.com/latest/FtrIcon/ToolScoopColorful_Remake_5_0.png,Purple,Color,No,Yes,1,100,1,2500,625,1x1,Colorful Tools,Nook's Cranny,Available in Nook's Cranny (upgraded only)
colorful shovel,https://acnhcdn.com/latest/FtrIcon/ToolScoopColorful_Remake_6_0.png,White,Color,No,Yes,1,100,1,2500,625,1x1,Colorful Tools,Nook's Cranny,Available in Nook's Cranny (upgraded only)
colorful shovel,https://acnhcdn.com/latest/FtrIcon/ToolScoopColorful_Remake_7_0.png,Black,Color,No,Yes,1,100,1,2500,625,1x1,Colorful Tools,Nook's Cranny,Available in Nook's Cranny (upgraded only)
colorful slingshot,https://acnhcdn.com/latest/FtrIcon/ToolSlingshotColorful_Remake_0_0.png,Yellow,Color,No,Yes,1,20,1,2500,625,1x1,Colorful Tools,Nook's Cranny,Available in Nook's Cranny (upgraded only)
colorful slingshot,https://acnhcdn.com/latest/FtrIcon/ToolSlingshotColorful_Remake_1_0.png,Red,Color,No,Yes,1,20,1,2500,625,1x1,Colorful Tools,Nook's Cranny,Available in Nook's Cranny (upgraded only)
colorful slingshot,https://acnhcdn.com/latest/FtrIcon/ToolSlingshotColorful_Remake_2_0.png,Blue,Color,No,Yes,1,20,1,2500,625,1x1,Colorful Tools,Nook's Cranny,Available in Nook's Cranny (upgraded only)
colorful slingshot,https://acnhcdn.com/latest/FtrIcon/ToolSlingshotColorful_Remake_3_0.png,Pink,Color,No,Yes,1,20,1,2500,625,1x1,Colorful Tools,Nook's Cranny,Available in Nook's Cranny (upgraded only)
colorful slingshot,https://acnhcdn.com/latest/FtrIcon/ToolSlingshotColorful_Remake_4_0.png,Green,Color,No,Yes,1,20,1,2500,625,1x1,Colorful Tools,Nook's Cranny,Available in Nook's Cranny (upgraded only)
colorful slingshot,https://acnhcdn.com/latest/FtrIcon/ToolSlingshotColorful_Remake_5_0.png,Purple,Color,No,Yes,1,20,1,2500,625,1x1,Colorful Tools,Nook's Cranny,Available in Nook's Cranny (upgraded only)
colorful slingshot,https://acnhcdn.com/latest/FtrIcon/ToolSlingshotColorful_Remake_6_0.png,White,Color,No,Yes,1,20,1,2500,625,1x1,Colorful Tools,Nook's Cranny,Available in Nook's Cranny (upgraded only)
colorful slingshot,https://acnhcdn.com/latest/FtrIcon/ToolSlingshotColorful_Remake_7_0.png,Black,Color,No,Yes,1,20,1,2500,625,1x1,Colorful Tools,Nook's Cranny,Available in Nook's Cranny (upgraded only)
colorful watering can,https://acnhcdn.com/latest/FtrIcon/ToolWateringColorful_Remake_0_0.png,Yellow,Color,No,Yes,1,60,1,2500,625,1x1,Colorful Tools,Nook's Cranny,Available in Nook's Cranny (upgraded only)
colorful watering can,https://acnhcdn.com/latest/FtrIcon/ToolWateringColorful_Remake_1_0.png,Red,Color,No,Yes,1,60,1,2500,625,1x1,Colorful Tools,Nook's Cranny,Available in Nook's Cranny (upgraded only)
colorful watering can,https://acnhcdn.com/latest/FtrIcon/ToolWateringColorful_Remake_2_0.png,Blue,Color,No,Yes,1,60,1,2500,625,1x1,Colorful Tools,Nook's Cranny,Available in Nook's Cranny (upgraded only)
colorful watering can,https://acnhcdn.com/latest/FtrIcon/ToolWateringColorful_Remake_3_0.png,Pink,Color,No,Yes,1,60,1,2500,625,1x1,Colorful Tools,Nook's Cranny,Available in Nook's Cranny (upgraded only)
colorful watering can,https://acnhcdn.com/latest/FtrIcon/ToolWateringColorful_Remake_4_0.png,Green,Color,No,Yes,1,60,1,2500,625,1x1,Colorful Tools,Nook's Cranny,Available in Nook's Cranny (upgraded only)
colorful watering can,https://acnhcdn.com/latest/FtrIcon/ToolWateringColorful_Remake_5_0.png,Purple,Color,No,Yes,1,60,1,2500,625,1x1,Colorful Tools,Nook's Cranny,Available in Nook's Cranny (upgraded only)
colorful watering can,https://acnhcdn.com/latest/FtrIcon/ToolWateringColorful_Remake_6_0.png,White,Color,No,Yes,1,60,1,2500,625,1x1,Colorful Tools,Nook's Cranny,Available in Nook's Cranny (upgraded only)
colorful watering can,https://acnhcdn.com/latest/FtrIcon/ToolWateringColorful_Remake_7_0.png,Black,Color,No,Yes,1,60,1,2500,625,1x1,Colorful Tools,Nook's Cranny,Available in Nook's Cranny (upgraded only)
cosmos wand,https://acnhcdn.com/latest/FtrIcon/ToolStickCosmos.png,NA,NA,Yes,No,NA,Unlimited,1,NFS,1580,1x1,None,Crafting,
elephant watering can,https://acnhcdn.com/latest/FtrIcon/ToolWateringElephant_Remake_0_0.png,Gray,Color,No,Yes,1,60,1,2500,625,1x1,None,Nook's Cranny,Available in Nook's Cranny (upgraded only)
elephant watering can,https://acnhcdn.com/latest/FtrIcon/ToolWateringElephant_Remake_1_0.png,Green,Color,No,Yes,1,60,1,2500,625,1x1,None,Nook's Cranny,Available in Nook's Cranny (upgraded only)
elephant watering can,https://acnhcdn.com/latest/FtrIcon/ToolWateringElephant_Remake_2_0.png,Blue,Color,No,Yes,1,60,1,2500,625,1x1,None,Nook's Cranny,Available in Nook's Cranny (upgraded only)
elephant watering can,https://acnhcdn.com/latest/FtrIcon/ToolWateringElephant_Remake_3_0.png,Pink,Color,No,Yes,1,60,1,2500,625,1x1,None,Nook's Cranny,Available in Nook's Cranny (upgraded only)
elephant watering can,https://acnhcdn.com/latest/FtrIcon/ToolWateringElephant_Remake_4_0.png,Red,Color,No,Yes,1,60,1,2500,625,1x1,None,Nook's Cranny,Available in Nook's Cranny (upgraded only)
elephant watering can,https://acnhcdn.com/latest/FtrIcon/ToolWateringElephant_Remake_5_0.png,Yellow,Color,No,Yes,1,60,1,2500,625,1x1,None,Nook's Cranny,Available in Nook's Cranny (upgraded only)
elephant watering can,https://acnhcdn.com/latest/FtrIcon/ToolWateringElephant_Remake_6_0.png,Light blue,Color,No,Yes,1,60,1,2500,625,1x1,None,Nook's Cranny,Available in Nook's Cranny (upgraded only)
elephant watering can,https://acnhcdn.com/latest/FtrIcon/ToolWateringElephant_Remake_7_0.png,Black,Color,No,Yes,1,60,1,2500,625,1x1,None,Nook's Cranny,Available in Nook's Cranny (upgraded only)
fish fishing rod,https://acnhcdn.com/latest/FtrIcon/ToolFishingrodColorful_Remake_0_0.png,Green,Color,No,Yes,1,30,1,2500,625,1x1,None,Nook's Cranny,Available in Nook's Cranny (upgraded only)
fish fishing rod,https://acnhcdn.com/latest/FtrIcon/ToolFishingrodColorful_Remake_1_0.png,Yellow,Color,No,Yes,1,30,1,2500,625,1x1,None,Nook's Cranny,Available in Nook's Cranny (upgraded only)
fish fishing rod,https://acnhcdn.com/latest/FtrIcon/ToolFishingrodColorful_Remake_2_0.png,Orange,Color,No,Yes,1,30,1,2500,625,1x1,None,Nook's Cranny,Available in Nook's Cranny (upgraded only)
fish fishing rod,https://acnhcdn.com/latest/FtrIcon/ToolFishingrodColorful_Remake_3_0.png,Light blue,Color,No,Yes,1,30,1,2500,625,1x1,None,Nook's Cranny,Available in Nook's Cranny (upgraded only)
fish fishing rod,https://acnhcdn.com/latest/FtrIcon/ToolFishingrodColorful_Remake_4_0.png,Blue,Color,No,Yes,1,30,1,2500,625,1x1,None,Nook's Cranny,Available in Nook's Cranny (upgraded only)
fish fishing rod,https://acnhcdn.com/latest/FtrIcon/ToolFishingrodColorful_Remake_5_0.png,Purple,Color,No,Yes,1,30,1,2500,625,1x1,None,Nook's Cranny,Available in Nook's Cranny (upgraded only)
fish fishing rod,https://acnhcdn.com/latest/FtrIcon/ToolFishingrodColorful_Remake_6_0.png,Pink,Color,No,Yes,1,30,1,2500,625,1x1,None,Nook's Cranny,Available in Nook's Cranny (upgraded only)
fish fishing rod,https://acnhcdn.com/latest/FtrIcon/ToolFishingrodColorful_Remake_7_0.png,Red,Color,No,Yes,1,30,1,2500,625,1x1,None,Nook's Cranny,Available in Nook's Cranny (upgraded only)
fish wand,https://acnhcdn.com/latest/FtrIcon/ToolStickFish.png,NA,NA,No,No,NA,Unlimited,1,NFS,1500,1x1,None,Fishing Tourney,
fishing rod,https://acnhcdn.com/latest/FtrIcon/ToolAngling_Remake_0_0.png,Blue,Color,Yes,Yes,1,30,1,NFS,600,1x1,None,Crafting,
fishing rod,https://acnhcdn.com/latest/FtrIcon/ToolAngling_Remake_1_0.png,Yellow,Color,Yes,Yes,1,30,1,NFS,600,1x1,None,Crafting,
fishing rod,https://acnhcdn.com/latest/FtrIcon/ToolAngling_Remake_2_0.png,Green,Color,Yes,Yes,1,30,1,NFS,600,1x1,None,Crafting,
fishing rod,https://acnhcdn.com/latest/FtrIcon/ToolAngling_Remake_3_0.png,Red,Color,Yes,Yes,1,30,1,NFS,600,1x1,None,Crafting,
fishing rod,https://acnhcdn.com/latest/FtrIcon/ToolAngling_Remake_4_0.png,Purple,Color,Yes,Yes,1,30,1,NFS,600,1x1,None,Crafting,
fishing rod,https://acnhcdn.com/latest/FtrIcon/ToolAngling_Remake_5_0.png,Pink,Color,Yes,Yes,1,30,1,NFS,600,1x1,None,Crafting,
fishing rod,https://acnhcdn.com/latest/FtrIcon/ToolAngling_Remake_6_0.png,White,Color,Yes,Yes,1,30,1,NFS,600,1x1,None,Crafting,
fishing rod,https://acnhcdn.com/latest/FtrIcon/ToolAngling_Remake_7_0.png,Black,Color,Yes,Yes,1,30,1,NFS,600,1x1,None,Crafting,
flimsy axe,https://acnhcdn.com/latest/FtrIcon/ToolAxeStone.png,NA,NA,Yes,No,NA,40,1,800,200,1x1,None,Nook's Cranny; Crafting,Available after unlocking the axe in the story
flimsy fishing rod,https://acnhcdn.com/latest/FtrIcon/ToolFishingrodWood.png,NA,NA,Yes,No,NA,9.5,1,NFS,100,1x1,None,Nook's Cranny; Crafting,"Available in all tiers of shops, including Timmy & Tommy before the shop is opened"
flimsy net,https://acnhcdn.com/latest/FtrIcon/ToolNet.png,NA,NA,Yes,No,NA,10,1,NFS,100,1x1,None,Nook's Cranny; Crafting,"Available in all tiers of shops, including Timmy & Tommy before the shop is opened"
flimsy shovel,https://acnhcdn.com/latest/FtrIcon/ToolShovelWood.png,NA,NA,Yes,No,NA,40,1,800,200,1x1,None,Nook's Cranny; Crafting,Available after unlocking the shovel in the story
flimsy watering can,https://acnhcdn.com/latest/FtrIcon/ToolWateringWood.png,NA,NA,Yes,No,NA,20,1,800,200,1x1,None,Nook's Cranny; Crafting,"Available in all tiers of shops, including Timmy & Tommy before the shop is opened"
golden axe,https://acnhcdn.com/latest/FtrIcon/ToolAxeGold.png,NA,NA,Yes,No,NA,200,1,NFS,10655,1x1,None,Crafting,
golden net,https://acnhcdn.com/latest/FtrIcon/ToolNetGold.png,NA,NA,Yes,No,NA,90,1,NFS,10400,1x1,None,Crafting,
golden rod,https://acnhcdn.com/latest/FtrIcon/ToolFishingrodGold.png,NA,NA,Yes,No,NA,90,1,NFS,10400,1x1,None,Crafting,
golden shovel,https://acnhcdn.com/latest/FtrIcon/ToolScoopGold.png,NA,NA,Yes,No,NA,200,1,NFS,10675,1x1,None,Crafting,
golden slingshot,https://acnhcdn.com/latest/FtrIcon/ToolSlingshotGold.png,NA,NA,Yes,No,NA,60,1,NFS,10300,1x1,None,Crafting,
golden wand,https://acnhcdn.com/latest/FtrIcon/ToolStickGolden.png,NA,NA,Yes,No,NA,Unlimited,1,NFS,20750,1x1,None,Crafting,
golden watering can,https://acnhcdn.com/latest/FtrIcon/ToolWateringGold.png,NA,NA,Yes,No,NA,180,1,NFS,10675,1x1,None,Crafting,
hyacinth wand,https://acnhcdn.com/latest/FtrIcon/ToolStickHyacinth.png,NA,NA,Yes,No,NA,Unlimited,1,NFS,1660,1x1,None,Crafting,
ice wand,https://acnhcdn.com/latest/FtrIcon/ToolStickSnow.png,NA,NA,Yes,No,NA,Unlimited,1,NFS,6500,1x1,None,Crafting,
iron wand,https://acnhcdn.com/latest/FtrIcon/ToolStickIron.png,NA,NA,Yes,No,NA,Unlimited,1,NFS,3750,1x1,None,Crafting,
ladder,https://acnhcdn.com/latest/FtrIcon/ToolLadder.png,NA,NA,Yes,No,NA,Unlimited,1,NFS,1440,1x1,None,Crafting,
light stick,https://acnhcdn.com/latest/FtrIcon/ToolSticklight.png,NA,NA,No,No,NA,Unlimited,1,1500,375,1x1,None,Isabelle,Obtained by speaking to Isabelle on New Year's Eve
lily wand,https://acnhcdn.com/latest/FtrIcon/ToolStickYuri.png,NA,NA,Yes,No,NA,Unlimited,1,NFS,1580,1x1,None,Crafting,
mums wand,https://acnhcdn.com/latest/FtrIcon/ToolStickChrysanthemum.png,NA,NA,Yes,No,NA,Unlimited,1,NFS,1580,1x1,None,Crafting,
mushroom wand,https://acnhcdn.com/latest/FtrIcon/ToolStickMushroom_Remake_0_0.png,Ordinary mushroom,Mushroom type,Yes,Yes,1,Unlimited,1,NFS,3300,1x1,None,Crafting,
mushroom wand,https://acnhcdn.com/latest/FtrIcon/ToolStickMushroom_Remake_1_0.png,White mushroom,Mushroom type,Yes,Yes,1,Unlimited,1,NFS,3300,1x1,None,Crafting,
mushroom wand,https://acnhcdn.com/latest/FtrIcon/ToolStickMushroom_Remake_2_0.png,Strange mushroom,Mushroom type,Yes,Yes,1,Unlimited,1,NFS,3300,1x1,None,Crafting,
mushroom wand,https://acnhcdn.com/latest/FtrIcon/ToolStickMushroom_Remake_3_0.png,Red mushroom,Mushroom type,Yes,Yes,1,Unlimited,1,NFS,3300,1x1,None,Crafting,
mushroom wand,https://acnhcdn.com/latest/FtrIcon/ToolStickMushroom_Remake_4_0.png,Yellow mushroom,Mushroom type,Yes,Yes,1,Unlimited,1,NFS,3300,1x1,None,Crafting,
net,https://acnhcdn.com/latest/FtrIcon/ToolNetNormal_Remake_0_0.png,Red,Color,Yes,Yes,1,20,1,900,225,1x1,None,Nook's Cranny; Crafting,"Available in all tiers of shops, including Timmy & Tommy before the shop is opened"
net,https://acnhcdn.com/latest/FtrIcon/ToolNetNormal_Remake_1_0.png,Yellow,Color,Yes,Yes,1,20,1,900,225,1x1,None,Nook's Cranny; Crafting,"Available in all tiers of shops, including Timmy & Tommy before the shop is opened"
net,https://acnhcdn.com/latest/FtrIcon/ToolNetNormal_Remake_2_0.png,Green,Color,Yes,Yes,1,20,1,900,225,1x1,None,Nook's Cranny; Crafting,"Available in all tiers of shops, including Timmy & Tommy before the shop is opened"
net,https://acnhcdn.com/latest/FtrIcon/ToolNetNormal_Remake_3_0.png,Blue,Color,Yes,Yes,1,20,1,900,225,1x1,None,Nook's Cranny; Crafting,"Available in all tiers of shops, including Timmy & Tommy before the shop is opened"
net,https://acnhcdn.com/latest/FtrIcon/ToolNetNormal_Remake_4_0.png,Purple,Color,Yes,Yes,1,20,1,900,225,1x1,None,Nook's Cranny; Crafting,"Available in all tiers of shops, including Timmy & Tommy before the shop is opened"
net,https://acnhcdn.com/latest/FtrIcon/ToolNetNormal_Remake_5_0.png,Pink,Color,Yes,Yes,1,20,1,900,225,1x1,None,Nook's Cranny; Crafting,"Available in all tiers of shops, including Timmy & Tommy before the shop is opened"
net,https://acnhcdn.com/latest/FtrIcon/ToolNetNormal_Remake_6_0.png,White,Color,Yes,Yes,1,20,1,900,225,1x1,None,Nook's Cranny; Crafting,"Available in all tiers of shops, including Timmy & Tommy before the shop is opened"
net,https://acnhcdn.com/latest/FtrIcon/ToolNetNormal_Remake_7_0.png,Black,Color,Yes,Yes,1,20,1,900,225,1x1,None,Nook's Cranny; Crafting,"Available in all tiers of shops, including Timmy & Tommy before the shop is opened"
Nook Inc. uchiwa fan,https://acnhcdn.com/latest/FtrIcon/ToolFanNook0.png,NA,NA,No,No,NA,Unlimited,1,8000,2000,1x1,None,Nook Miles Shop,
ocarina,https://acnhcdn.com/latest/FtrIcon/ToolOcarina.png,NA,NA,Yes,No,NA,Unlimited,1,NFS,1000,1x1,None,Crafting,
outdoorsy fishing rod,https://acnhcdn.com/latest/FtrIcon/ToolFishingrodOutdoor_Remake_0_0.png,Avocado,Color,No,Yes,1,30,1,2500,625,1x1,Outdoor Tools,Nook's Cranny,Available in Nook's Cranny (upgraded only)
outdoorsy fishing rod,https://acnhcdn.com/latest/FtrIcon/ToolFishingrodOutdoor_Remake_1_0.png,Orange,Color,No,Yes,1,30,1,2500,625,1x1,Outdoor Tools,Nook's Cranny,Available in Nook's Cranny (upgraded only)
outdoorsy fishing rod,https://acnhcdn.com/latest/FtrIcon/ToolFishingrodOutdoor_Remake_2_0.png,Light blue,Color,No,Yes,1,30,1,2500,625,1x1,Outdoor Tools,Nook's Cranny,Available in Nook's Cranny (upgraded only)
outdoorsy fishing rod,https://acnhcdn.com/latest/FtrIcon/ToolFishingrodOutdoor_Remake_3_0.png,Red,Color,No,Yes,1,30,1,2500,625,1x1,Outdoor Tools,Nook's Cranny,Available in Nook's Cranny (upgraded only)
outdoorsy fishing rod,https://acnhcdn.com/latest/FtrIcon/ToolFishingrodOutdoor_Remake_4_0.png,Beige,Color,No,Yes,1,30,1,2500,625,1x1,Outdoor Tools,Nook's Cranny,Available in Nook's Cranny (upgraded only)
outdoorsy fishing rod,https://acnhcdn.com/latest/FtrIcon/ToolFishingrodOutdoor_Remake_5_0.png,Pink,Color,No,Yes,1,30,1,2500,625,1x1,Outdoor Tools,Nook's Cranny,Available in Nook's Cranny (upgraded only)
outdoorsy fishing rod,https://acnhcdn.com/latest/FtrIcon/ToolFishingrodOutdoor_Remake_6_0.png,Yellow,Color,No,Yes,1,30,1,2500,625,1x1,Outdoor Tools,Nook's Cranny,Available in Nook's Cranny (upgraded only)
outdoorsy fishing rod,https://acnhcdn.com/latest/FtrIcon/ToolFishingrodOutdoor_Remake_7_0.png,Black,Color,No,Yes,1,30,1,2500,625,1x1,Outdoor Tools,Nook's Cranny,Available in Nook's Cranny (upgraded only)
outdoorsy net,https://acnhcdn.com/latest/FtrIcon/ToolNetOutdoor_Remake_0_0.png,Avocado,Color,No,Yes,1,30,1,2500,625,1x1,Outdoor Tools,Nook's Cranny,Available in Nook's Cranny (upgraded only)
outdoorsy net,https://acnhcdn.com/latest/FtrIcon/ToolNetOutdoor_Remake_1_0.png,Orange,Color,No,Yes,1,30,1,2500,625,1x1,Outdoor Tools,Nook's Cranny,Available in Nook's Cranny (upgraded only)
outdoorsy net,https://acnhcdn.com/latest/FtrIcon/ToolNetOutdoor_Remake_2_0.png,Light blue,Color,No,Yes,1,30,1,2500,625,1x1,Outdoor Tools,Nook's Cranny,Available in Nook's Cranny (upgraded only)
outdoorsy net,https://acnhcdn.com/latest/FtrIcon/ToolNetOutdoor_Remake_3_0.png,Red,Color,No,Yes,1,30,1,2500,625,1x1,Outdoor Tools,Nook's Cranny,Available in Nook's Cranny (upgraded only)
outdoorsy net,https://acnhcdn.com/latest/FtrIcon/ToolNetOutdoor_Remake_4_0.png,Beige,Color,No,Yes,1,30,1,2500,625,1x1,Outdoor Tools,Nook's Cranny,Available in Nook's Cranny (upgraded only)
outdoorsy net,https://acnhcdn.com/latest/FtrIcon/ToolNetOutdoor_Remake_5_0.png,Pink,Color,No,Yes,1,30,1,2500,625,1x1,Outdoor Tools,Nook's Cranny,Available in Nook's Cranny (upgraded only)
outdoorsy net,https://acnhcdn.com/latest/FtrIcon/ToolNetOutdoor_Remake_6_0.png,Yellow,Color,No,Yes,1,30,1,2500,625,1x1,Outdoor Tools,Nook's Cranny,Available in Nook's Cranny (upgraded only)
outdoorsy net,https://acnhcdn.com/latest/FtrIcon/ToolNetOutdoor_Remake_7_0.png,Black,Color,No,Yes,1,30,1,2500,625,1x1,Outdoor Tools,Nook's Cranny,Available in Nook's Cranny (upgraded only)
outdoorsy shovel,https://acnhcdn.com/latest/FtrIcon/ToolScoopOutdoor_Remake_0_0.png,Avocado,Color,No,Yes,1,100,1,2500,625,1x1,Outdoor Tools,Nook's Cranny,Available in Nook's Cranny (upgraded only)
outdoorsy shovel,https://acnhcdn.com/latest/FtrIcon/ToolScoopOutdoor_Remake_1_0.png,Orange,Color,No,Yes,1,100,1,2500,625,1x1,Outdoor Tools,Nook's Cranny,Available in Nook's Cranny (upgraded only)
outdoorsy shovel,https://acnhcdn.com/latest/FtrIcon/ToolScoopOutdoor_Remake_2_0.png,Light blue,Color,No,Yes,1,100,1,2500,625,1x1,Outdoor Tools,Nook's Cranny,Available in Nook's Cranny (upgraded only)
outdoorsy shovel,https://acnhcdn.com/latest/FtrIcon/ToolScoopOutdoor_Remake_3_0.png,Red,Color,No,Yes,1,100,1,2500,625,1x1,Outdoor Tools,Nook's Cranny,Available in Nook's Cranny (upgraded only)
outdoorsy shovel,https://acnhcdn.com/latest/FtrIcon/ToolScoopOutdoor_Remake_4_0.png,Beige,Color,No,Yes,1,100,1,2500,625,1x1,Outdoor Tools,Nook's Cranny,Available in Nook's Cranny (upgraded only)
outdoorsy shovel,https://acnhcdn.com/latest/FtrIcon/ToolScoopOutdoor_Remake_5_0.png,Pink,Color,No,Yes,1,100,1,2500,625,1x1,Outdoor Tools,Nook's Cranny,Available in Nook's Cranny (upgraded only)
outdoorsy shovel,https://acnhcdn.com/latest/FtrIcon/ToolScoopOutdoor_Remake_6_0.png,Yellow,Color,No,Yes,1,100,1,2500,625,1x1,Outdoor Tools,Nook's Cranny,Available in Nook's Cranny (upgraded only)
outdoorsy shovel,https://acnhcdn.com/latest/FtrIcon/ToolScoopOutdoor_Remake_7_0.png,Black,Color,No,Yes,1,100,1,2500,625,1x1,Outdoor Tools,Nook's Cranny,Available in Nook's Cranny (upgraded only)
outdoorsy slingshot,https://acnhcdn.com/latest/FtrIcon/ToolSlingshotOutdoor_Remake_0_0.png,Avocado,Color,No,Yes,1,20,1,2500,625,1x1,Outdoor Tools,Nook's Cranny,Available in Nook's Cranny (upgraded only)
outdoorsy slingshot,https://acnhcdn.com/latest/FtrIcon/ToolSlingshotOutdoor_Remake_1_0.png,Orange,Color,No,Yes,1,20,1,2500,625,1x1,Outdoor Tools,Nook's Cranny,Available in Nook's Cranny (upgraded only)
outdoorsy slingshot,https://acnhcdn.com/latest/FtrIcon/ToolSlingshotOutdoor_Remake_2_0.png,Light blue,Color,No,Yes,1,20,1,2500,625,1x1,Outdoor Tools,Nook's Cranny,Available in Nook's Cranny (upgraded only)
outdoorsy slingshot,https://acnhcdn.com/latest/FtrIcon/ToolSlingshotOutdoor_Remake_3_0.png,Red,Color,No,Yes,1,20,1,2500,625,1x1,Outdoor Tools,Nook's Cranny,Available in Nook's Cranny (upgraded only)
outdoorsy slingshot,https://acnhcdn.com/latest/FtrIcon/ToolSlingshotOutdoor_Remake_4_0.png,Beige,Color,No,Yes,1,20,1,2500,625,1x1,Outdoor Tools,Nook's Cranny,Available in Nook's Cranny (upgraded only)
outdoorsy slingshot,https://acnhcdn.com/latest/FtrIcon/ToolSlingshotOutdoor_Remake_5_0.png,Pink,Color,No,Yes,1,20,1,2500,625,1x1,Outdoor Tools,Nook's Cranny,Available in Nook's Cranny (upgraded only)
outdoorsy slingshot,https://acnhcdn.com/latest/FtrIcon/ToolSlingshotOutdoor_Remake_6_0.png,Yellow,Color,No,Yes,1,20,1,2500,625,1x1,Outdoor Tools,Nook's Cranny,Available in Nook's Cranny (upgraded only)
outdoorsy slingshot,https://acnhcdn.com/latest/FtrIcon/ToolSlingshotOutdoor_Remake_7_0.png,Black,Color,No,Yes,1,20,1,2500,625,1x1,Outdoor Tools,Nook's Cranny,Available in Nook's Cranny (upgraded only)
outdoorsy watering can,https://acnhcdn.com/latest/FtrIcon/ToolWateringOutdoor_Remake_0_0.png,Avocado,Color,No,Yes,1,60,1,2500,625,1x1,Outdoor Tools,Nook's Cranny,Available in Nook's Cranny (upgraded only)
outdoorsy watering can,https://acnhcdn.com/latest/FtrIcon/ToolWateringOutdoor_Remake_1_0.png,Orange,Color,No,Yes,1,60,1,2500,625,1x1,Outdoor Tools,Nook's Cranny,Available in Nook's Cranny (upgraded only)
outdoorsy watering can,https://acnhcdn.com/latest/FtrIcon/ToolWateringOutdoor_Remake_2_0.png,Light blue,Color,No,Yes,1,60,1,2500,625,1x1,Outdoor Tools,Nook's Cranny,Available in Nook's Cranny (upgraded only)
outdoorsy watering can,https://acnhcdn.com/latest/FtrIcon/ToolWateringOutdoor_Remake_3_0.png,Red,Color,No,Yes,1,60,1,2500,625,1x1,Outdoor Tools,Nook's Cranny,Available in Nook's Cranny (upgraded only)
outdoorsy watering can,https://acnhcdn.com/latest/FtrIcon/ToolWateringOutdoor_Remake_4_0.png,Beige,Color,No,Yes,1,60,1,2500,625,1x1,Outdoor Tools,Nook's Cranny,Available in Nook's Cranny (upgraded only)
outdoorsy watering can,https://acnhcdn.com/latest/FtrIcon/ToolWateringOutdoor_Remake_5_0.png,Pink,Color,No,Yes,1,60,1,2500,625,1x1,Outdoor Tools,Nook's Cranny,Available in Nook's Cranny (upgraded only)
outdoorsy watering can,https://acnhcdn.com/latest/FtrIcon/ToolWateringOutdoor_Remake_6_0.png,Yellow,Color,No,Yes,1,60,1,2500,625,1x1,Outdoor Tools,Nook's Cranny,Available in Nook's Cranny (upgraded only)
outdoorsy watering can,https://acnhcdn.com/latest/FtrIcon/ToolWateringOutdoor_Remake_7_0.png,Black,Color,No,Yes,1,60,1,2500,625,1x1,Outdoor Tools,Nook's Cranny,Available in Nook's Cranny (upgraded only)
pan flute,https://acnhcdn.com/latest/FtrIcon/ToolPanpipe.png,NA,NA,Yes,No,NA,Unlimited,1,NFS,2800,1x1,None,Crafting,
pansy wand,https://acnhcdn.com/latest/FtrIcon/ToolStickPansy.png,NA,NA,Yes,No,NA,Unlimited,1,NFS,1580,1x1,None,Crafting,
party popper,https://acnhcdn.com/latest/FtrIcon/ToolCracker.png,NA,NA,No,No,NA,1,10,100,25,1x1,None,Nook's Cranny,Only available close to new year holiday
printed-design shovel,https://acnhcdn.com/latest/FtrIcon/ToolScoopPattern_Remake_0_0.png,Light blue,Color,No,Yes,1,100,1,2500,625,1x1,None,Nook's Cranny,Available in Nook's Cranny (upgraded only)
printed-design shovel,https://acnhcdn.com/latest/FtrIcon/ToolScoopPattern_Remake_1_0.png,White,Color,No,Yes,1,100,1,2500,625,1x1,None,Nook's Cranny,Available in Nook's Cranny (upgraded only)
printed-design shovel,https://acnhcdn.com/latest/FtrIcon/ToolScoopPattern_Remake_2_0.png,Yellow,Color,No,Yes,1,100,1,2500,625,1x1,None,Nook's Cranny,Available in Nook's Cranny (upgraded only)
printed-design shovel,https://acnhcdn.com/latest/FtrIcon/ToolScoopPattern_Remake_3_0.png,Pink,Color,No,Yes,1,100,1,2500,625,1x1,None,Nook's Cranny,Available in Nook's Cranny (upgraded only)
printed-design shovel,https://acnhcdn.com/latest/FtrIcon/ToolScoopPattern_Remake_4_0.png,Green,Color,No,Yes,1,100,1,2500,625,1x1,None,Nook's Cranny,Available in Nook's Cranny (upgraded only)
printed-design shovel,https://acnhcdn.com/latest/FtrIcon/ToolScoopPattern_Remake_5_0.png,Blue,Color,No,Yes,1,100,1,2500,625,1x1,None,Nook's Cranny,Available in Nook's Cranny (upgraded only)
printed-design shovel,https://acnhcdn.com/latest/FtrIcon/ToolScoopPattern_Remake_6_0.png,Purple,Color,No,Yes,1,100,1,2500,625,1x1,None,Nook's Cranny,Available in Nook's Cranny (upgraded only)
printed-design shovel,https://acnhcdn.com/latest/FtrIcon/ToolScoopPattern_Remake_7_0.png,Black,Color,No,Yes,1,100,1,2500,625,1x1,None,Nook's Cranny,Available in Nook's Cranny (upgraded only)
rose wand,https://acnhcdn.com/latest/FtrIcon/ToolStickRose.png,NA,NA,Yes,No,NA,Unlimited,1,NFS,1580,1x1,None,Crafting,
shell wand,https://acnhcdn.com/latest/FtrIcon/ToolStickShell.png,NA,NA,Yes,No,NA,Unlimited,1,NFS,5100,1x1,None,Crafting,
shovel,https://acnhcdn.com/latest/FtrIcon/ToolScoop_Remake_0_0.png,Red,Color,Yes,Yes,1,100,1,2400,600,1x1,None,Crafting,
shovel,https://acnhcdn.com/latest/FtrIcon/ToolScoop_Remake_1_0.png,Yellow,Color,Yes,Yes,1,100,1,2400,600,1x1,None,Crafting,
shovel,https://acnhcdn.com/latest/FtrIcon/ToolScoop_Remake_2_0.png,Green,Color,Yes,Yes,1,100,1,2400,600,1x1,None,Crafting,
shovel,https://acnhcdn.com/latest/FtrIcon/ToolScoop_Remake_3_0.png,Blue,Color,Yes,Yes,1,100,1,2400,600,1x1,None,Crafting,
shovel,https://acnhcdn.com/latest/FtrIcon/ToolScoop_Remake_4_0.png,Purple,Color,Yes,Yes,1,100,1,2400,600,1x1,None,Crafting,
shovel,https://acnhcdn.com/latest/FtrIcon/ToolScoop_Remake_5_0.png,Pink,Color,Yes,Yes,1,100,1,2400,600,1x1,None,Crafting,
shovel,https://acnhcdn.com/latest/FtrIcon/ToolScoop_Remake_6_0.png,White,Color,Yes,Yes,1,100,1,2400,600,1x1,None,Crafting,
shovel,https://acnhcdn.com/latest/FtrIcon/ToolScoop_Remake_7_0.png,Black,Color,Yes,Yes,1,100,1,2400,600,1x1,None,Crafting,
slingshot,https://acnhcdn.com/latest/FtrIcon/ToolSlingshot_Remake_0_0.png,Red,Color,Yes,Yes,1,20,1,900,225,1x1,None,Nook's Cranny Crafting,"Available in all tiers of shops, including Timmy & Tommy before the shop is opened"
slingshot,https://acnhcdn.com/latest/FtrIcon/ToolSlingshot_Remake_1_0.png,Yellow,Color,Yes,Yes,1,20,1,900,225,1x1,None,Nook's Cranny Crafting,"Available in all tiers of shops, including Timmy & Tommy before the shop is opened"
slingshot,https://acnhcdn.com/latest/FtrIcon/ToolSlingshot_Remake_2_0.png,Green,Color,Yes,Yes,1,20,1,900,225,1x1,None,Nook's Cranny Crafting,"Available in all tiers of shops, including Timmy & Tommy before the shop is opened"
slingshot,https://acnhcdn.com/latest/FtrIcon/ToolSlingshot_Remake_3_0.png,Blue,Color,Yes,Yes,1,20,1,900,225,1x1,None,Nook's Cranny Crafting,"Available in all tiers of shops, including Timmy & Tommy before the shop is opened"
slingshot,https://acnhcdn.com/latest/FtrIcon/ToolSlingshot_Remake_4_0.png,Purple,Color,Yes,Yes,1,20,1,900,225,1x1,None,Nook's Cranny Crafting,"Available in all tiers of shops, including Timmy & Tommy before the shop is opened"
slingshot,https://acnhcdn.com/latest/FtrIcon/ToolSlingshot_Remake_5_0.png,Pink,Color,Yes,Yes,1,20,1,900,225,1x1,None,Nook's Cranny Crafting,"Available in all tiers of shops, including Timmy & Tommy before the shop is opened"
slingshot,https://acnhcdn.com/latest/FtrIcon/ToolSlingshot_Remake_6_0.png,White,Color,Yes,Yes,1,20,1,900,225,1x1,None,Nook's Cranny Crafting,"Available in all tiers of shops, including Timmy & Tommy before the shop is opened"
slingshot,https://acnhcdn.com/latest/FtrIcon/ToolSlingshot_Remake_7_0.png,Gray,Color,Yes,Yes,1,20,1,900,225,1x1,None,Nook's Cranny Crafting,"Available in all tiers of shops, including Timmy & Tommy before the shop is opened"
star net,https://acnhcdn.com/latest/FtrIcon/ToolNetStar_Remake_0_0.png,Yellow,Color,No,Yes,1,30,1,2500,625,1x1,None,Nook's Cranny,Available in Nook's Cranny (upgraded only)
star net,https://acnhcdn.com/latest/FtrIcon/ToolNetStar_Remake_1_0.png,Red,Color,No,Yes,1,30,1,2500,625,1x1,None,Nook's Cranny,Available in Nook's Cranny (upgraded only)
star net,https://acnhcdn.com/latest/FtrIcon/ToolNetStar_Remake_2_0.png,Blue,Color,No,Yes,1,30,1,2500,625,1x1,None,Nook's Cranny,Available in Nook's Cranny (upgraded only)
star net,https://acnhcdn.com/latest/FtrIcon/ToolNetStar_Remake_3_0.png,Light green,Color,No,Yes,1,30,1,2500,625,1x1,None,Nook's Cranny,Available in Nook's Cranny (upgraded only)
star net,https://acnhcdn.com/latest/FtrIcon/ToolNetStar_Remake_4_0.png,Pink,Color,No,Yes,1,30,1,2500,625,1x1,None,Nook's Cranny,Available in Nook's Cranny (upgraded only)
star net,https://acnhcdn.com/latest/FtrIcon/ToolNetStar_Remake_5_0.png,Purple,Color,No,Yes,1,30,1,2500,625,1x1,None,Nook's Cranny,Available in Nook's Cranny (upgraded only)
star net,https://acnhcdn.com/latest/FtrIcon/ToolNetStar_Remake_6_0.png,Light blue,Color,No,Yes,1,30,1,2500,625,1x1,None,Nook's Cranny,Available in Nook's Cranny (upgraded only)
star net,https://acnhcdn.com/latest/FtrIcon/ToolNetStar_Remake_7_0.png,Green,Color,No,Yes,1,30,1,2500,625,1x1,None,Nook's Cranny,Available in Nook's Cranny (upgraded only)
star wand,https://acnhcdn.com/latest/FtrIcon/ToolChangeStick.png,NA,NA,Yes,No,NA,Unlimited,1,NFS,6500,1x1,None,Crafting,
stone axe,https://acnhcdn.com/latest/FtrIcon/ToolAxeStoneNormal.png,NA,NA,Yes,No,NA,100,1,NFS,560,1x1,None,Crafting,
tambourine,https://acnhcdn.com/latest/FtrIcon/ToolTambourine.png,NA,NA,No,No,NA,Unlimited,1,1500,375,1x1,None,Nook's Cranny,Available in the re-buyable slot in Nook's Cranny
timer,https://acnhcdn.com/latest/FtrIcon/ToolTimer.png,NA,NA,No,No,NA,Unlimited,1,840,210,1x1,None,Nook's Cranny,
tree-branch wand,https://acnhcdn.com/latest/FtrIcon/ToolStickTree.png,NA,NA,Yes,No,NA,Unlimited,1,NFS,1550,1x1,None,Crafting,
tulip wand,https://acnhcdn.com/latest/FtrIcon/ToolStickTulip.png,NA,NA,Yes,No,NA,Unlimited,1,NFS,1580,1x1,None,Crafting,
vaulting pole,https://acnhcdn.com/latest/FtrIcon/LongWoodenStick.png,NA,NA,Yes,No,NA,Unlimited,1,NFS,600,1x1,None,Crafting,
wand,https://acnhcdn.com/latest/FtrIcon/ToolStickWood.png,NA,NA,Yes,No,NA,Unlimited,1,NFS,1000,1x1,None,Crafting,
watering can,https://acnhcdn.com/latest/FtrIcon/ToolWatering_Remake_0_0.png,Blue,Color,Yes,Yes,1,60,1,2400,600,1x1,None,Crafting,
watering can,https://acnhcdn.com/latest/FtrIcon/ToolWatering_Remake_1_0.png,Orange,Color,Yes,Yes,1,60,1,2400,600,1x1,None,Crafting,
watering can,https://acnhcdn.com/latest/FtrIcon/ToolWatering_Remake_2_0.png,Green,Color,Yes,Yes,1,60,1,2400,600,1x1,None,Crafting,
watering can,https://acnhcdn.com/latest/FtrIcon/ToolWatering_Remake_3_0.png,Red,Color,Yes,Yes,1,60,1,2400,600,1x1,None,Crafting,
watering can,https://acnhcdn.com/latest/FtrIcon/ToolWatering_Remake_4_0.png,Purple,Color,Yes,Yes,1,60,1,2400,600,1x1,None,Crafting,
watering can,https://acnhcdn.com/latest/FtrIcon/ToolWatering_Remake_6_0.png,White,Color,Yes,Yes,1,60,1,2400,600,1x1,None,Crafting,
watering can,https://acnhcdn.com/latest/FtrIcon/ToolWatering_Remake_7_0.png,Black,Color,Yes,Yes,1,60,1,2400,600,1x1,None,Crafting,
wedding wand,https://acnhcdn.com/latest/FtrIcon/ToolStickJune.png,NA,NA,Yes,No,NA,Unlimited,1,NFS,3500,1x1,,Wedding Season,
windflower wand,https://acnhcdn.com/latest/FtrIcon/ToolStickAnemones.png,NA,NA,Yes,No,NA,Unlimited,1,NFS,1580,1x1,None,Crafting,
worn axe,https://acnhcdn.com/latest/FtrIcon/ToolAxeFragile.png,NA,NA,No,No,NA,3,1,40,10,1x1,None,May Day Tour,Only available during May Day Tour
