Internal ID,Name,Storage Image,Buy,Sell,Source,Source Notes,Color 1,Color 2,Catalog,DIY,Size,Closet Image,Seasonal Availability,Style,Label Themes,Variation,Villager Equippable,Miles Price
5197,aerobics leggings,https://acnhcdn.com/latest/FtrIcon/SocksTexAerobics0.png,700,175,패트릭,,분홍색,빨간색,구매가능,No,1x1,https://acnhcdn.com/latest/ClosetIcon/SocksTexAerobics0.png,일 년 내내,활동적인,스포츠,Red & pink,No,NA
9794,aerobics leggings,https://acnhcdn.com/latest/FtrIcon/SocksTexAerobics1.png,700,175,패트릭,,초록색,하늘색,구매가능,No,1x1,https://acnhcdn.com/latest/ClosetIcon/SocksTexAerobics1.png,일 년 내내,활동적인,스포츠,Emerald & lime,No,NA
9795,aerobics leggings,https://acnhcdn.com/latest/FtrIcon/SocksTexAerobics2.png,700,175,패트릭,,주황색,보라색,구매가능,No,1x1,https://acnhcdn.com/latest/ClosetIcon/SocksTexAerobics2.png,일 년 내내,활동적인,스포츠,Purple & orange,No,NA
9796,aerobics leggings,https://acnhcdn.com/latest/FtrIcon/SocksTexAerobics3.png,700,175,패트릭,,분홍색,하늘색,구매가능,No,1x1,https://acnhcdn.com/latest/ClosetIcon/SocksTexAerobics3.png,일 년 내내,활동적인,스포츠,Light blue & salmon pink,No,NA
9797,aerobics leggings,https://acnhcdn.com/latest/FtrIcon/SocksTexAerobics4.png,700,175,패트릭,,파란색,노란색,구매가능,No,1x1,https://acnhcdn.com/latest/ClosetIcon/SocksTexAerobics4.png,일 년 내내,활동적인,스포츠,Yellow & blue,No,NA
4742,Aran-knit socks,https://acnhcdn.com/latest/FtrIcon/SocksTexAlan0.png,720,180,에이블 시스터즈,고순이 임시 상점 또는 에이블 시스터즈,베이지색,베이지색,구매가능,No,1x1,https://acnhcdn.com/latest/ClosetIcon/SocksTexAlan0.png,겨울,심플한,데일리; 릴렉스,Beige,No,NA
9058,Aran-knit socks,https://acnhcdn.com/latest/FtrIcon/SocksTexAlan1.png,720,180,에이블 시스터즈,고순이 임시 상점 또는 에이블 시스터즈,하얀색,하얀색,구매가능,No,1x1,https://acnhcdn.com/latest/ClosetIcon/SocksTexAlan1.png,겨울,심플한,데일리; 릴렉스,White,No,NA
9059,Aran-knit socks,https://acnhcdn.com/latest/FtrIcon/SocksTexAlan2.png,720,180,에이블 시스터즈,고순이 임시 상점 또는 에이블 시스터즈,빨간색,빨간색,구매가능,No,1x1,https://acnhcdn.com/latest/ClosetIcon/SocksTexAlan2.png,겨울,심플한,데일리; 릴렉스,Red,No,NA
9060,Aran-knit socks,https://acnhcdn.com/latest/FtrIcon/SocksTexAlan3.png,720,180,에이블 시스터즈,고순이 임시 상점 또는 에이블 시스터즈,초록색,초록색,구매가능,No,1x1,https://acnhcdn.com/latest/ClosetIcon/SocksTexAlan3.png,겨울,심플한,데일리; 릴렉스,Green,No,NA
9061,Aran-knit socks,https://acnhcdn.com/latest/FtrIcon/SocksTexAlan4.png,720,180,에이블 시스터즈,고순이 임시 상점 또는 에이블 시스터즈,파란색,파란색,구매가능,No,1x1,https://acnhcdn.com/latest/ClosetIcon/SocksTexAlan4.png,겨울,심플한,데일리; 릴렉스,Blue,No,NA
9062,Aran-knit socks,https://acnhcdn.com/latest/FtrIcon/SocksTexAlan5.png,720,180,에이블 시스터즈,고순이 임시 상점 또는 에이블 시스터즈,검정색,검정색,구매가능,No,1x1,https://acnhcdn.com/latest/ClosetIcon/SocksTexAlan5.png,겨울,심플한,데일리; 릴렉스,Black,No,NA
5806,argyle crew socks,https://acnhcdn.com/latest/FtrIcon/SocksTexArgyle0.png,720,180,에이블 시스터즈,에이블 시스터즈에만,파란색,하늘색,구매가능,No,1x1,https://acnhcdn.com/latest/ClosetIcon/SocksTexArgyle0.png,일 년 내내,우아한,데일리; 포멀; 비즈니스,Blue,No,NA
9921,argyle crew socks,https://acnhcdn.com/latest/FtrIcon/SocksTexArgyle1.png,720,180,에이블 시스터즈,에이블 시스터즈에만,빨간색,하얀색,구매가능,No,1x1,https://acnhcdn.com/latest/ClosetIcon/SocksTexArgyle1.png,일 년 내내,우아한,데일리; 포멀; 비즈니스,Red,No,NA
9922,argyle crew socks,https://acnhcdn.com/latest/FtrIcon/SocksTexArgyle2.png,720,180,에이블 시스터즈,에이블 시스터즈에만,초록색,노란색,구매가능,No,1x1,https://acnhcdn.com/latest/ClosetIcon/SocksTexArgyle2.png,일 년 내내,우아한,데일리; 포멀; 비즈니스,Green,No,NA
9923,argyle crew socks,https://acnhcdn.com/latest/FtrIcon/SocksTexArgyle3.png,720,180,에이블 시스터즈,에이블 시스터즈에만,베이지색,갈색,구매가능,No,1x1,https://acnhcdn.com/latest/ClosetIcon/SocksTexArgyle3.png,일 년 내내,우아한,데일리; 포멀; 비즈니스,Beige,No,NA
9924,argyle crew socks,https://acnhcdn.com/latest/FtrIcon/SocksTexArgyle4.png,720,180,에이블 시스터즈,에이블 시스터즈에만,회색,분홍색,구매가능,No,1x1,https://acnhcdn.com/latest/ClosetIcon/SocksTexArgyle4.png,일 년 내내,우아한,데일리; 포멀; 비즈니스,Gray,No,NA
9925,argyle crew socks,https://acnhcdn.com/latest/FtrIcon/SocksTexArgyle5.png,720,180,에이블 시스터즈,에이블 시스터즈에만,하얀색,빨간색,구매가능,No,1x1,https://acnhcdn.com/latest/ClosetIcon/SocksTexArgyle5.png,일 년 내내,우아한,데일리; 포멀; 비즈니스,White,No,NA
9926,argyle crew socks,https://acnhcdn.com/latest/FtrIcon/SocksTexArgyle6.png,720,180,에이블 시스터즈,에이블 시스터즈에만,주황색,하얀색,구매가능,No,1x1,https://acnhcdn.com/latest/ClosetIcon/SocksTexArgyle6.png,일 년 내내,우아한,데일리; 포멀; 비즈니스,Orange,No,NA
9927,argyle crew socks,https://acnhcdn.com/latest/FtrIcon/SocksTexArgyle7.png,720,180,에이블 시스터즈,에이블 시스터즈에만,분홍색,하얀색,구매가능,No,1x1,https://acnhcdn.com/latest/ClosetIcon/SocksTexArgyle7.png,일 년 내내,우아한,데일리; 포멀; 비즈니스,Pink,No,NA
4718,back-bow socks,https://acnhcdn.com/latest/FtrIcon/SocksTexRibbon0.png,600,150,패트릭,,분홍색,검정색,구매가능,No,1x1,https://acnhcdn.com/latest/ClosetIcon/SocksTexRibbon0.png,일 년 내내,귀여운,데일리; 메르헨; 파티; 바캉스,Pink,No,NA
9053,back-bow socks,https://acnhcdn.com/latest/FtrIcon/SocksTexRibbon1.png,600,150,패트릭,,노란색,초록색,구매가능,No,1x1,https://acnhcdn.com/latest/ClosetIcon/SocksTexRibbon1.png,일 년 내내,귀여운,데일리; 메르헨; 파티; 바캉스,Yellow,No,NA
9054,back-bow socks,https://acnhcdn.com/latest/FtrIcon/SocksTexRibbon2.png,600,150,패트릭,,검정색,하얀색,구매가능,No,1x1,https://acnhcdn.com/latest/ClosetIcon/SocksTexRibbon2.png,일 년 내내,귀여운,데일리; 메르헨; 파티; 바캉스,Black,No,NA
9055,back-bow socks,https://acnhcdn.com/latest/FtrIcon/SocksTexRibbon3.png,600,150,패트릭,,하얀색,분홍색,구매가능,No,1x1,https://acnhcdn.com/latest/ClosetIcon/SocksTexRibbon3.png,일 년 내내,귀여운,데일리; 메르헨; 파티; 바캉스,White,No,NA
9056,back-bow socks,https://acnhcdn.com/latest/FtrIcon/SocksTexRibbon4.png,600,150,패트릭,,하늘색,노란색,구매가능,No,1x1,https://acnhcdn.com/latest/ClosetIcon/SocksTexRibbon4.png,일 년 내내,귀여운,데일리; 메르헨; 파티; 바캉스,Blue,No,NA
9057,back-bow socks,https://acnhcdn.com/latest/FtrIcon/SocksTexRibbon5.png,600,150,패트릭,,초록색,분홍색,구매가능,No,1x1,https://acnhcdn.com/latest/ClosetIcon/SocksTexRibbon5.png,일 년 내내,귀여운,데일리; 메르헨; 파티; 바캉스,Peacock blue,No,NA
5171,bobby socks,https://acnhcdn.com/latest/FtrIcon/SocksTexFolded0.png,480,120,에이블 시스터즈,고순이 임시 상점 또는 에이블 시스터즈,하얀색,하얀색,구매가능,No,1x1,https://acnhcdn.com/latest/ClosetIcon/SocksTexFolded0.png,일 년 내내,우아한,포멀; 비즈니스,White,No,NA
10017,bobby socks,https://acnhcdn.com/latest/FtrIcon/SocksTexFolded1.png,480,120,에이블 시스터즈,고순이 임시 상점 또는 에이블 시스터즈,회색,회색,구매가능,No,1x1,https://acnhcdn.com/latest/ClosetIcon/SocksTexFolded1.png,일 년 내내,우아한,포멀; 비즈니스,Gray,No,NA
10018,bobby socks,https://acnhcdn.com/latest/FtrIcon/SocksTexFolded2.png,480,120,에이블 시스터즈,고순이 임시 상점 또는 에이블 시스터즈,검정색,검정색,구매가능,No,1x1,https://acnhcdn.com/latest/ClosetIcon/SocksTexFolded2.png,일 년 내내,우아한,포멀; 비즈니스,Black,No,NA
10019,bobby socks,https://acnhcdn.com/latest/FtrIcon/SocksTexFolded3.png,480,120,에이블 시스터즈,고순이 임시 상점 또는 에이블 시스터즈,갈색,갈색,구매가능,No,1x1,https://acnhcdn.com/latest/ClosetIcon/SocksTexFolded3.png,일 년 내내,우아한,포멀; 비즈니스,Brown,No,NA
5180,color-blocked socks,https://acnhcdn.com/latest/FtrIcon/SocksTexMultiblock0.png,840,210,패트릭,,보라색,컬러풀,구매가능,No,1x1,https://acnhcdn.com/latest/ClosetIcon/SocksTexMultiblock0.png,일 년 내내,귀여운,데일리,Purple,No,NA
9895,color-blocked socks,https://acnhcdn.com/latest/FtrIcon/SocksTexMultiblock1.png,840,210,패트릭,,초록색,컬러풀,구매가능,No,1x1,https://acnhcdn.com/latest/ClosetIcon/SocksTexMultiblock1.png,일 년 내내,귀여운,데일리,Green,No,NA
9896,color-blocked socks,https://acnhcdn.com/latest/FtrIcon/SocksTexMultiblock2.png,840,210,패트릭,,갈색,컬러풀,구매가능,No,1x1,https://acnhcdn.com/latest/ClosetIcon/SocksTexMultiblock2.png,일 년 내내,귀여운,데일리,Brown,No,NA
9897,color-blocked socks,https://acnhcdn.com/latest/FtrIcon/SocksTexMultiblock3.png,840,210,패트릭,,파란색,컬러풀,구매가능,No,1x1,https://acnhcdn.com/latest/ClosetIcon/SocksTexMultiblock3.png,일 년 내내,귀여운,데일리,Blue,No,NA
9898,color-blocked socks,https://acnhcdn.com/latest/FtrIcon/SocksTexMultiblock4.png,840,210,패트릭,,베이지색,컬러풀,구매가능,No,1x1,https://acnhcdn.com/latest/ClosetIcon/SocksTexMultiblock4.png,일 년 내내,귀여운,데일리,Beige,No,NA
9899,color-blocked socks,https://acnhcdn.com/latest/FtrIcon/SocksTexMultiblock5.png,840,210,패트릭,,하얀색,컬러풀,구매가능,No,1x1,https://acnhcdn.com/latest/ClosetIcon/SocksTexMultiblock5.png,일 년 내내,귀여운,데일리,White,No,NA
9900,color-blocked socks,https://acnhcdn.com/latest/FtrIcon/SocksTexMultiblock6.png,840,210,패트릭,,초록색,컬러풀,구매가능,No,1x1,https://acnhcdn.com/latest/ClosetIcon/SocksTexMultiblock6.png,일 년 내내,귀여운,데일리,Lime,No,NA
9901,color-blocked socks,https://acnhcdn.com/latest/FtrIcon/SocksTexMultiblock7.png,840,210,패트릭,,분홍색,컬러풀,구매가능,No,1x1,https://acnhcdn.com/latest/ClosetIcon/SocksTexMultiblock7.png,일 년 내내,귀여운,데일리,Pink,No,NA
5170,compression tights,https://acnhcdn.com/latest/FtrIcon/SocksTexCompression0.png,600,150,패트릭,,검정색,파란색,구매가능,No,1x1,https://acnhcdn.com/latest/ClosetIcon/SocksTexCompression0.png,일 년 내내,활동적인,아웃도어; 스포츠; 비즈니스,Blue,No,NA
9790,compression tights,https://acnhcdn.com/latest/FtrIcon/SocksTexCompression1.png,600,150,패트릭,,검정색,노란색,구매가능,No,1x1,https://acnhcdn.com/latest/ClosetIcon/SocksTexCompression1.png,일 년 내내,활동적인,아웃도어; 스포츠; 비즈니스,Yellow,No,NA
9791,compression tights,https://acnhcdn.com/latest/FtrIcon/SocksTexCompression2.png,600,150,패트릭,,검정색,분홍색,구매가능,No,1x1,https://acnhcdn.com/latest/ClosetIcon/SocksTexCompression2.png,일 년 내내,활동적인,아웃도어; 스포츠; 비즈니스,Pink,No,NA
9792,compression tights,https://acnhcdn.com/latest/FtrIcon/SocksTexCompression3.png,600,150,패트릭,,검정색,초록색,구매가능,No,1x1,https://acnhcdn.com/latest/ClosetIcon/SocksTexCompression3.png,일 년 내내,활동적인,아웃도어; 스포츠; 비즈니스,Mint,No,NA
9793,compression tights,https://acnhcdn.com/latest/FtrIcon/SocksTexCompression4.png,600,150,패트릭,,검정색,빨간색,구매가능,No,1x1,https://acnhcdn.com/latest/ClosetIcon/SocksTexCompression4.png,일 년 내내,활동적인,아웃도어; 스포츠; 비즈니스,Red,No,NA
6044,country socks,https://acnhcdn.com/latest/FtrIcon/SocksTexCountry0.png,720,180,에이블 시스터즈,에이블 시스터즈에만,하얀색,빨간색,구매가능,No,1x1,https://acnhcdn.com/latest/ClosetIcon/SocksTexCountry0.png,일 년 내내,우아한,포멀; 비즈니스,Red ribbons,No,NA
8942,country socks,https://acnhcdn.com/latest/FtrIcon/SocksTexCountry1.png,720,180,에이블 시스터즈,에이블 시스터즈에만,하얀색,초록색,구매가능,No,1x1,https://acnhcdn.com/latest/ClosetIcon/SocksTexCountry1.png,일 년 내내,우아한,포멀; 비즈니스,Green ribbons,No,NA
8943,country socks,https://acnhcdn.com/latest/FtrIcon/SocksTexCountry2.png,720,180,에이블 시스터즈,에이블 시스터즈에만,하얀색,파란색,구매가능,No,1x1,https://acnhcdn.com/latest/ClosetIcon/SocksTexCountry2.png,일 년 내내,우아한,포멀; 비즈니스,Blue ribbons,No,NA
8944,country socks,https://acnhcdn.com/latest/FtrIcon/SocksTexCountry3.png,720,180,에이블 시스터즈,에이블 시스터즈에만,하얀색,검정색,구매가능,No,1x1,https://acnhcdn.com/latest/ClosetIcon/SocksTexCountry3.png,일 년 내내,우아한,포멀; 비즈니스,Black ribbons,No,NA
5202,crocheted socks,https://acnhcdn.com/latest/FtrIcon/SocksTexCrocheting0.png,600,150,에이블 시스터즈,고순이 임시 상점 또는 에이블 시스터즈,베이지색,베이지색,구매가능,No,1x1,https://acnhcdn.com/latest/ClosetIcon/SocksTexCrocheting0.png,일 년 내내,우아한,데일리; 릴렉스,Beige,No,NA
8939,crocheted socks,https://acnhcdn.com/latest/FtrIcon/SocksTexCrocheting1.png,600,150,에이블 시스터즈,고순이 임시 상점 또는 에이블 시스터즈,회색,회색,구매가능,No,1x1,https://acnhcdn.com/latest/ClosetIcon/SocksTexCrocheting1.png,일 년 내내,우아한,데일리; 릴렉스,Gray,No,NA
8940,crocheted socks,https://acnhcdn.com/latest/FtrIcon/SocksTexCrocheting2.png,600,150,에이블 시스터즈,고순이 임시 상점 또는 에이블 시스터즈,분홍색,분홍색,구매가능,No,1x1,https://acnhcdn.com/latest/ClosetIcon/SocksTexCrocheting2.png,일 년 내내,우아한,데일리; 릴렉스,Purple,No,NA
8941,crocheted socks,https://acnhcdn.com/latest/FtrIcon/SocksTexCrocheting3.png,600,150,에이블 시스터즈,고순이 임시 상점 또는 에이블 시스터즈,하늘색,하늘색,구매가능,No,1x1,https://acnhcdn.com/latest/ClosetIcon/SocksTexCrocheting3.png,일 년 내내,우아한,데일리; 릴렉스,Blue,No,NA
4745,denim leggings,https://acnhcdn.com/latest/FtrIcon/SocksTexDenimleggings0.png,540,135,에이블 시스터즈,고순이 임시 상점 또는 에이블 시스터즈,파란색,파란색,구매가능,No,1x1,https://acnhcdn.com/latest/ClosetIcon/SocksTexDenimleggings0.png,일 년 내내,심플한,데일리; 아웃도어; 스포츠,Blue,No,NA
9782,denim leggings,https://acnhcdn.com/latest/FtrIcon/SocksTexDenimleggings1.png,540,135,에이블 시스터즈,고순이 임시 상점 또는 에이블 시스터즈,파란색,파란색,구매가능,No,1x1,https://acnhcdn.com/latest/ClosetIcon/SocksTexDenimleggings1.png,일 년 내내,심플한,데일리; 아웃도어; 스포츠,Indigo blue,No,NA
9783,denim leggings,https://acnhcdn.com/latest/FtrIcon/SocksTexDenimleggings2.png,540,135,에이블 시스터즈,고순이 임시 상점 또는 에이블 시스터즈,하늘색,하늘색,구매가능,No,1x1,https://acnhcdn.com/latest/ClosetIcon/SocksTexDenimleggings2.png,일 년 내내,심플한,데일리; 아웃도어; 스포츠,Saxon blue,No,NA
9784,denim leggings,https://acnhcdn.com/latest/FtrIcon/SocksTexDenimleggings3.png,540,135,에이블 시스터즈,고순이 임시 상점 또는 에이블 시스터즈,하늘색,하늘색,구매가능,No,1x1,https://acnhcdn.com/latest/ClosetIcon/SocksTexDenimleggings3.png,일 년 내내,심플한,데일리; 아웃도어; 스포츠,Light blue,No,NA
12174,dotted knee-high socks,https://acnhcdn.com/latest/FtrIcon/SocksTexDotknee0.png,720,180,에이블 시스터즈,에이블 시스터즈에만,검정색,검정색,구매가능,No,1x1,https://acnhcdn.com/latest/ClosetIcon/SocksTexDotknee0.png,일 년 내내,귀여운,데일리,Black,No,NA
12179,dotted knee-high socks,https://acnhcdn.com/latest/FtrIcon/SocksTexDotknee1.png,720,180,에이블 시스터즈,에이블 시스터즈에만,노란색,노란색,구매가능,No,1x1,https://acnhcdn.com/latest/ClosetIcon/SocksTexDotknee1.png,일 년 내내,귀여운,데일리,Yellow,No,NA
12180,dotted knee-high socks,https://acnhcdn.com/latest/FtrIcon/SocksTexDotknee2.png,720,180,에이블 시스터즈,에이블 시스터즈에만,초록색,초록색,구매가능,No,1x1,https://acnhcdn.com/latest/ClosetIcon/SocksTexDotknee2.png,일 년 내내,귀여운,데일리,Cyan,No,NA
12181,dotted knee-high socks,https://acnhcdn.com/latest/FtrIcon/SocksTexDotknee3.png,720,180,에이블 시스터즈,에이블 시스터즈에만,회색,회색,구매가능,No,1x1,https://acnhcdn.com/latest/ClosetIcon/SocksTexDotknee3.png,일 년 내내,귀여운,데일리,Gray,No,NA
5204,embroidered-flower tights,https://acnhcdn.com/latest/FtrIcon/SocksTexEmbroidery0.png,1000,250,에이블 시스터즈,에이블 시스터즈에만,갈색,빨간색,구매가능,No,1x1,https://acnhcdn.com/latest/ClosetIcon/SocksTexEmbroidery0.png,일 년 내내,귀여운,데일리; 메르헨; 파티,Brown,No,NA
9907,embroidered-flower tights,https://acnhcdn.com/latest/FtrIcon/SocksTexEmbroidery1.png,1000,250,에이블 시스터즈,에이블 시스터즈에만,검정색,하얀색,구매가능,No,1x1,https://acnhcdn.com/latest/ClosetIcon/SocksTexEmbroidery1.png,일 년 내내,귀여운,데일리; 메르헨; 파티,Black,No,NA
9908,embroidered-flower tights,https://acnhcdn.com/latest/FtrIcon/SocksTexEmbroidery2.png,1000,250,에이블 시스터즈,에이블 시스터즈에만,초록색,노란색,구매가능,No,1x1,https://acnhcdn.com/latest/ClosetIcon/SocksTexEmbroidery2.png,일 년 내내,귀여운,데일리; 메르헨; 파티,Green,No,NA
9909,embroidered-flower tights,https://acnhcdn.com/latest/FtrIcon/SocksTexEmbroidery3.png,1000,250,에이블 시스터즈,에이블 시스터즈에만,베이지색,빨간색,구매가능,No,1x1,https://acnhcdn.com/latest/ClosetIcon/SocksTexEmbroidery3.png,일 년 내내,귀여운,데일리; 메르헨; 파티,Beige,No,NA
9910,embroidered-flower tights,https://acnhcdn.com/latest/FtrIcon/SocksTexEmbroidery4.png,1000,250,에이블 시스터즈,에이블 시스터즈에만,파란색,주황색,구매가능,No,1x1,https://acnhcdn.com/latest/ClosetIcon/SocksTexEmbroidery4.png,일 년 내내,귀여운,데일리; 메르헨; 파티,Blue,No,NA
9911,embroidered-flower tights,https://acnhcdn.com/latest/FtrIcon/SocksTexEmbroidery5.png,1000,250,에이블 시스터즈,에이블 시스터즈에만,보라색,분홍색,구매가능,No,1x1,https://acnhcdn.com/latest/ClosetIcon/SocksTexEmbroidery5.png,일 년 내내,귀여운,데일리; 메르헨; 파티,Purple,No,NA
9645,everyday socks,https://acnhcdn.com/latest/FtrIcon/SocksTexDailysocks0.png,600,150,에이블 시스터즈,고순이 임시 상점 또는 에이블 시스터즈,갈색,갈색,구매가능,No,1x1,https://acnhcdn.com/latest/ClosetIcon/SocksTexDailysocks0.png,일 년 내내,심플한,데일리; 비즈니스,Brown,No,NA
10034,everyday socks,https://acnhcdn.com/latest/FtrIcon/SocksTexDailysocks1.png,600,150,에이블 시스터즈,고순이 임시 상점 또는 에이블 시스터즈,검정색,검정색,구매가능,No,1x1,https://acnhcdn.com/latest/ClosetIcon/SocksTexDailysocks1.png,일 년 내내,심플한,데일리; 비즈니스,Black,No,NA
10035,everyday socks,https://acnhcdn.com/latest/FtrIcon/SocksTexDailysocks2.png,600,150,에이블 시스터즈,고순이 임시 상점 또는 에이블 시스터즈,파란색,파란색,구매가능,No,1x1,https://acnhcdn.com/latest/ClosetIcon/SocksTexDailysocks2.png,일 년 내내,심플한,데일리; 비즈니스,Navy blue,No,NA
10036,everyday socks,https://acnhcdn.com/latest/FtrIcon/SocksTexDailysocks3.png,600,150,에이블 시스터즈,고순이 임시 상점 또는 에이블 시스터즈,회색,회색,구매가능,No,1x1,https://acnhcdn.com/latest/ClosetIcon/SocksTexDailysocks3.png,일 년 내내,심플한,데일리; 비즈니스,Gray,No,NA
10037,everyday socks,https://acnhcdn.com/latest/FtrIcon/SocksTexDailysocks4.png,600,150,에이블 시스터즈,고순이 임시 상점 또는 에이블 시스터즈,베이지색,베이지색,구매가능,No,1x1,https://acnhcdn.com/latest/ClosetIcon/SocksTexDailysocks4.png,일 년 내내,심플한,데일리; 비즈니스,Beige,No,NA
10038,everyday socks,https://acnhcdn.com/latest/FtrIcon/SocksTexDailysocks5.png,600,150,에이블 시스터즈,고순이 임시 상점 또는 에이블 시스터즈,하얀색,하얀색,구매가능,No,1x1,https://acnhcdn.com/latest/ClosetIcon/SocksTexDailysocks5.png,일 년 내내,심플한,데일리; 비즈니스,White,No,NA
9581,everyday tights,https://acnhcdn.com/latest/FtrIcon/SocksTexDailytights0.png,720,180,에이블 시스터즈,고순이 임시 상점 또는 에이블 시스터즈,검정색,검정색,구매가능,No,1x1,https://acnhcdn.com/latest/ClosetIcon/SocksTexDailytights0.png,일 년 내내,심플한,데일리; 비즈니스,Black,No,NA
9682,everyday tights,https://acnhcdn.com/latest/FtrIcon/SocksTexDailytights1.png,720,180,에이블 시스터즈,고순이 임시 상점 또는 에이블 시스터즈,회색,회색,구매가능,No,1x1,https://acnhcdn.com/latest/ClosetIcon/SocksTexDailytights1.png,일 년 내내,심플한,데일리; 비즈니스,Light gray,No,NA
9683,everyday tights,https://acnhcdn.com/latest/FtrIcon/SocksTexDailytights2.png,720,180,에이블 시스터즈,고순이 임시 상점 또는 에이블 시스터즈,회색,회색,구매가능,No,1x1,https://acnhcdn.com/latest/ClosetIcon/SocksTexDailytights2.png,일 년 내내,심플한,데일리; 비즈니스,Gray,No,NA
9684,everyday tights,https://acnhcdn.com/latest/FtrIcon/SocksTexDailytights3.png,720,180,에이블 시스터즈,고순이 임시 상점 또는 에이블 시스터즈,하얀색,하얀색,구매가능,No,1x1,https://acnhcdn.com/latest/ClosetIcon/SocksTexDailytights3.png,일 년 내내,심플한,데일리; 비즈니스,White,No,NA
9685,everyday tights,https://acnhcdn.com/latest/FtrIcon/SocksTexDailytights4.png,720,180,에이블 시스터즈,고순이 임시 상점 또는 에이블 시스터즈,파란색,파란색,구매가능,No,1x1,https://acnhcdn.com/latest/ClosetIcon/SocksTexDailytights4.png,일 년 내내,심플한,데일리; 비즈니스,Navy blue,No,NA
9686,everyday tights,https://acnhcdn.com/latest/FtrIcon/SocksTexDailytights5.png,720,180,에이블 시스터즈,고순이 임시 상점 또는 에이블 시스터즈,베이지색,베이지색,구매가능,No,1x1,https://acnhcdn.com/latest/ClosetIcon/SocksTexDailytights5.png,일 년 내내,심플한,데일리; 비즈니스,Beige,No,NA
3096,fishnet tights,https://acnhcdn.com/latest/FtrIcon/SocksTexAmitights0.png,480,120,에이블 시스터즈,에이블 시스터즈에만,검정색,검정색,구매가능,No,1x1,https://acnhcdn.com/latest/ClosetIcon/SocksTexAmitights0.png,일 년 내내,우아한,파티; 스테이지,Black,No,NA
9659,fishnet tights,https://acnhcdn.com/latest/FtrIcon/SocksTexAmitights1.png,480,120,에이블 시스터즈,에이블 시스터즈에만,하얀색,하얀색,구매가능,No,1x1,https://acnhcdn.com/latest/ClosetIcon/SocksTexAmitights1.png,일 년 내내,우아한,파티; 스테이지,White,No,NA
9660,fishnet tights,https://acnhcdn.com/latest/FtrIcon/SocksTexAmitights2.png,480,120,에이블 시스터즈,에이블 시스터즈에만,빨간색,빨간색,구매가능,No,1x1,https://acnhcdn.com/latest/ClosetIcon/SocksTexAmitights2.png,일 년 내내,우아한,파티; 스테이지,Red,No,NA
5804,flowery-dot tights,https://acnhcdn.com/latest/FtrIcon/SocksTexFlowerdot0.png,720,180,에이블 시스터즈,에이블 시스터즈에만,하얀색,하얀색,구매가능,No,1x1,https://acnhcdn.com/latest/ClosetIcon/SocksTexFlowerdot0.png,일 년 내내,우아한,메르헨; 포멀; 파티; 스테이지,White,No,NA
9917,flowery-dot tights,https://acnhcdn.com/latest/FtrIcon/SocksTexFlowerdot1.png,720,180,에이블 시스터즈,에이블 시스터즈에만,분홍색,하얀색,구매가능,No,1x1,https://acnhcdn.com/latest/ClosetIcon/SocksTexFlowerdot1.png,일 년 내내,우아한,메르헨; 포멀; 파티; 스테이지,Pink,No,NA
9918,flowery-dot tights,https://acnhcdn.com/latest/FtrIcon/SocksTexFlowerdot2.png,720,180,에이블 시스터즈,에이블 시스터즈에만,하늘색,하얀색,구매가능,No,1x1,https://acnhcdn.com/latest/ClosetIcon/SocksTexFlowerdot2.png,일 년 내내,우아한,메르헨; 포멀; 파티; 스테이지,Blue,No,NA
9919,flowery-dot tights,https://acnhcdn.com/latest/FtrIcon/SocksTexFlowerdot3.png,720,180,에이블 시스터즈,에이블 시스터즈에만,노란색,하얀색,구매가능,No,1x1,https://acnhcdn.com/latest/ClosetIcon/SocksTexFlowerdot3.png,일 년 내내,우아한,메르헨; 포멀; 파티; 스테이지,Yellow,No,NA
9920,flowery-dot tights,https://acnhcdn.com/latest/FtrIcon/SocksTexFlowerdot4.png,720,180,에이블 시스터즈,에이블 시스터즈에만,검정색,검정색,구매가능,No,1x1,https://acnhcdn.com/latest/ClosetIcon/SocksTexFlowerdot4.png,일 년 내내,우아한,메르헨; 포멀; 파티; 스테이지,Black,No,NA
5172,frilly knee-high socks,https://acnhcdn.com/latest/FtrIcon/SocksTexFrilledknee0.png,840,210,패트릭,,검정색,하얀색,구매가능,No,1x1,https://acnhcdn.com/latest/ClosetIcon/SocksTexFrilledknee0.png,일 년 내내,귀여운,데일리; 메르헨; 파티; 스테이지,Black,No,NA
11589,frilly knee-high socks,https://acnhcdn.com/latest/FtrIcon/SocksTexFrilledknee1.png,840,210,패트릭,,초록색,하얀색,구매가능,No,1x1,https://acnhcdn.com/latest/ClosetIcon/SocksTexFrilledknee1.png,일 년 내내,귀여운,데일리; 메르헨; 파티; 스테이지,Green,No,NA
11590,frilly knee-high socks,https://acnhcdn.com/latest/FtrIcon/SocksTexFrilledknee2.png,840,210,패트릭,,빨간색,하얀색,구매가능,No,1x1,https://acnhcdn.com/latest/ClosetIcon/SocksTexFrilledknee2.png,일 년 내내,귀여운,데일리; 메르헨; 파티; 스테이지,Red,No,NA
11591,frilly knee-high socks,https://acnhcdn.com/latest/FtrIcon/SocksTexFrilledknee3.png,840,210,패트릭,,주황색,하얀색,구매가능,No,1x1,https://acnhcdn.com/latest/ClosetIcon/SocksTexFrilledknee3.png,일 년 내내,귀여운,데일리; 메르헨; 파티; 스테이지,Brown,No,NA
11592,frilly knee-high socks,https://acnhcdn.com/latest/FtrIcon/SocksTexFrilledknee4.png,840,210,패트릭,,하늘색,하얀색,구매가능,No,1x1,https://acnhcdn.com/latest/ClosetIcon/SocksTexFrilledknee4.png,일 년 내내,귀여운,데일리; 메르헨; 파티; 스테이지,Mint,No,NA
11593,frilly knee-high socks,https://acnhcdn.com/latest/FtrIcon/SocksTexFrilledknee5.png,840,210,패트릭,,분홍색,하얀색,구매가능,No,1x1,https://acnhcdn.com/latest/ClosetIcon/SocksTexFrilledknee5.png,일 년 내내,귀여운,데일리; 메르헨; 파티; 스테이지,Pink,No,NA
11594,frilly knee-high socks,https://acnhcdn.com/latest/FtrIcon/SocksTexFrilledknee6.png,840,210,패트릭,,보라색,하얀색,구매가능,No,1x1,https://acnhcdn.com/latest/ClosetIcon/SocksTexFrilledknee6.png,일 년 내내,귀여운,데일리; 메르헨; 파티; 스테이지,Purple,No,NA
11595,frilly knee-high socks,https://acnhcdn.com/latest/FtrIcon/SocksTexFrilledknee7.png,840,210,패트릭,,노란색,하얀색,구매가능,No,1x1,https://acnhcdn.com/latest/ClosetIcon/SocksTexFrilledknee7.png,일 년 내내,귀여운,데일리; 메르헨; 파티; 스테이지,Yellow,No,NA
5174,frilly socks,https://acnhcdn.com/latest/FtrIcon/SocksTexFrilled0.png,720,180,에이블 시스터즈,에이블 시스터즈에만,하얀색,하얀색,구매가능,No,1x1,https://acnhcdn.com/latest/ClosetIcon/SocksTexFrilled0.png,일 년 내내,귀여운,데일리; 메르헨; 포멀; 파티,White,No,NA
8934,frilly socks,https://acnhcdn.com/latest/FtrIcon/SocksTexFrilled1.png,720,180,에이블 시스터즈,에이블 시스터즈에만,노란색,하얀색,구매가능,No,1x1,https://acnhcdn.com/latest/ClosetIcon/SocksTexFrilled1.png,일 년 내내,귀여운,데일리; 메르헨; 포멀; 파티,Yellow,No,NA
8935,frilly socks,https://acnhcdn.com/latest/FtrIcon/SocksTexFrilled2.png,720,180,에이블 시스터즈,에이블 시스터즈에만,분홍색,하얀색,구매가능,No,1x1,https://acnhcdn.com/latest/ClosetIcon/SocksTexFrilled2.png,일 년 내내,귀여운,데일리; 메르헨; 포멀; 파티,Pink,No,NA
8936,frilly socks,https://acnhcdn.com/latest/FtrIcon/SocksTexFrilled3.png,720,180,에이블 시스터즈,에이블 시스터즈에만,초록색,하얀색,구매가능,No,1x1,https://acnhcdn.com/latest/ClosetIcon/SocksTexFrilled3.png,일 년 내내,귀여운,데일리; 메르헨; 포멀; 파티,Green,No,NA
8937,frilly socks,https://acnhcdn.com/latest/FtrIcon/SocksTexFrilled4.png,720,180,에이블 시스터즈,에이블 시스터즈에만,보라색,하얀색,구매가능,No,1x1,https://acnhcdn.com/latest/ClosetIcon/SocksTexFrilled4.png,일 년 내내,귀여운,데일리; 메르헨; 포멀; 파티,Purple,No,NA
8938,frilly socks,https://acnhcdn.com/latest/FtrIcon/SocksTexFrilled5.png,720,180,에이블 시스터즈,에이블 시스터즈에만,하늘색,하얀색,구매가능,No,1x1,https://acnhcdn.com/latest/ClosetIcon/SocksTexFrilled5.png,일 년 내내,귀여운,데일리; 메르헨; 포멀; 파티,Blue,No,NA
5406,funny-face socks,https://acnhcdn.com/latest/FtrIcon/SocksTexCharacter0.png,600,150,패트릭,,분홍색,하늘색,구매가능,No,1x1,https://acnhcdn.com/latest/ClosetIcon/SocksTexCharacter0.png,일 년 내내,활동적인,데일리; 릴렉스,Pink,No,NA
9992,funny-face socks,https://acnhcdn.com/latest/FtrIcon/SocksTexCharacter1.png,600,150,패트릭,,파란색,초록색,구매가능,No,1x1,https://acnhcdn.com/latest/ClosetIcon/SocksTexCharacter1.png,일 년 내내,활동적인,데일리; 릴렉스,Blue,No,NA
9993,funny-face socks,https://acnhcdn.com/latest/FtrIcon/SocksTexCharacter2.png,600,150,패트릭,,빨간색,노란색,구매가능,No,1x1,https://acnhcdn.com/latest/ClosetIcon/SocksTexCharacter2.png,일 년 내내,활동적인,데일리; 릴렉스,Red,No,NA
9994,funny-face socks,https://acnhcdn.com/latest/FtrIcon/SocksTexCharacter3.png,600,150,패트릭,,초록색,파란색,구매가능,No,1x1,https://acnhcdn.com/latest/ClosetIcon/SocksTexCharacter3.png,일 년 내내,활동적인,데일리; 릴렉스,Green,No,NA
9995,funny-face socks,https://acnhcdn.com/latest/FtrIcon/SocksTexCharacter4.png,600,150,패트릭,,검정색,회색,구매가능,No,1x1,https://acnhcdn.com/latest/ClosetIcon/SocksTexCharacter4.png,일 년 내내,활동적인,데일리; 릴렉스,Black,No,NA
4747,garter socks,https://acnhcdn.com/latest/FtrIcon/SocksTexGarter0.png,980,245,패트릭,,검정색,검정색,구매가능,No,1x1,https://acnhcdn.com/latest/ClosetIcon/SocksTexGarter0.png,일 년 내내,쿨한,포멀; 파티; 스테이지,Black,No,NA
9661,garter socks,https://acnhcdn.com/latest/FtrIcon/SocksTexGarter1.png,980,245,패트릭,,하얀색,하얀색,구매가능,No,1x1,https://acnhcdn.com/latest/ClosetIcon/SocksTexGarter1.png,일 년 내내,쿨한,포멀; 파티; 스테이지,White,No,NA
9662,garter socks,https://acnhcdn.com/latest/FtrIcon/SocksTexGarter2.png,980,245,패트릭,,보라색,보라색,구매가능,No,1x1,https://acnhcdn.com/latest/ClosetIcon/SocksTexGarter2.png,일 년 내내,쿨한,포멀; 파티; 스테이지,Purple,No,NA
9663,garter socks,https://acnhcdn.com/latest/FtrIcon/SocksTexGarter3.png,980,245,패트릭,,빨간색,빨간색,구매가능,No,1x1,https://acnhcdn.com/latest/ClosetIcon/SocksTexGarter3.png,일 년 내내,쿨한,포멀; 파티; 스테이지,Red,No,NA
5444,geometric-print socks,https://acnhcdn.com/latest/FtrIcon/SocksTexChimayo0.png,950,237,에이블 시스터즈,에이블 시스터즈에만,노란색,컬러풀,구매가능,No,1x1,https://acnhcdn.com/latest/ClosetIcon/SocksTexChimayo0.png,일 년 내내,활동적인,아웃도어,Yellow,No,NA
9912,geometric-print socks,https://acnhcdn.com/latest/FtrIcon/SocksTexChimayo1.png,950,237,에이블 시스터즈,에이블 시스터즈에만,하늘색,컬러풀,구매가능,No,1x1,https://acnhcdn.com/latest/ClosetIcon/SocksTexChimayo1.png,일 년 내내,활동적인,아웃도어,Peacock blue,No,NA
9913,geometric-print socks,https://acnhcdn.com/latest/FtrIcon/SocksTexChimayo2.png,950,237,에이블 시스터즈,에이블 시스터즈에만,보라색,컬러풀,구매가능,No,1x1,https://acnhcdn.com/latest/ClosetIcon/SocksTexChimayo2.png,일 년 내내,활동적인,아웃도어,Purple,No,NA
9914,geometric-print socks,https://acnhcdn.com/latest/FtrIcon/SocksTexChimayo3.png,950,237,에이블 시스터즈,에이블 시스터즈에만,베이지색,컬러풀,구매가능,No,1x1,https://acnhcdn.com/latest/ClosetIcon/SocksTexChimayo3.png,일 년 내내,활동적인,아웃도어,Beige,No,NA
9915,geometric-print socks,https://acnhcdn.com/latest/FtrIcon/SocksTexChimayo4.png,950,237,에이블 시스터즈,에이블 시스터즈에만,분홍색,컬러풀,구매가능,No,1x1,https://acnhcdn.com/latest/ClosetIcon/SocksTexChimayo4.png,일 년 내내,활동적인,아웃도어,Pink,No,NA
9916,geometric-print socks,https://acnhcdn.com/latest/FtrIcon/SocksTexChimayo5.png,950,237,에이블 시스터즈,에이블 시스터즈에만,초록색,컬러풀,구매가능,No,1x1,https://acnhcdn.com/latest/ClosetIcon/SocksTexChimayo5.png,일 년 내내,활동적인,아웃도어,Green,No,NA
5196,hand-knit socks,https://acnhcdn.com/latest/FtrIcon/SocksTexHandknit0.png,700,175,에이블 시스터즈,고순이 임시 상점 또는 에이블 시스터즈,초록색,초록색,구매가능,No,1x1,https://acnhcdn.com/latest/ClosetIcon/SocksTexHandknit0.png,일 년 내내,심플한,아웃도어; 릴렉스,Green,No,NA
9076,hand-knit socks,https://acnhcdn.com/latest/FtrIcon/SocksTexHandknit1.png,700,175,에이블 시스터즈,고순이 임시 상점 또는 에이블 시스터즈,보라색,보라색,구매가능,No,1x1,https://acnhcdn.com/latest/ClosetIcon/SocksTexHandknit1.png,일 년 내내,심플한,아웃도어; 릴렉스,Purple,No,NA
9077,hand-knit socks,https://acnhcdn.com/latest/FtrIcon/SocksTexHandknit2.png,700,175,에이블 시스터즈,고순이 임시 상점 또는 에이블 시스터즈,주황색,주황색,구매가능,No,1x1,https://acnhcdn.com/latest/ClosetIcon/SocksTexHandknit2.png,일 년 내내,심플한,아웃도어; 릴렉스,Orange,No,NA
5178,holey socks,https://acnhcdn.com/latest/FtrIcon/SocksTexHole0.png,NFS,10,재활용함,,파란색,파란색,비매품,No,1x1,https://acnhcdn.com/latest/ClosetIcon/SocksTexHole0.png,일 년 내내,심플한,호러; 릴렉스,Blue,No,NA
9070,holey socks,https://acnhcdn.com/latest/FtrIcon/SocksTexHole1.png,NFS,10,재활용함,,파란색,파란색,비매품,No,1x1,https://acnhcdn.com/latest/ClosetIcon/SocksTexHole1.png,일 년 내내,심플한,호러; 릴렉스,Navy blue,No,NA
9071,holey socks,https://acnhcdn.com/latest/FtrIcon/SocksTexHole2.png,NFS,10,재활용함,,베이지색,베이지색,비매품,No,1x1,https://acnhcdn.com/latest/ClosetIcon/SocksTexHole2.png,일 년 내내,심플한,호러; 릴렉스,White,No,NA
5176,holey tights,https://acnhcdn.com/latest/FtrIcon/SocksTexHoletights0.png,350,87,에이블 시스터즈,고순이 임시 상점 또는 에이블 시스터즈,검정색,검정색,구매가능,No,1x1,https://acnhcdn.com/latest/ClosetIcon/SocksTexHoletights0.png,일 년 내내,쿨한,데일리; 호러; 스테이지,Black,No,NA
9664,holey tights,https://acnhcdn.com/latest/FtrIcon/SocksTexHoletights1.png,350,87,에이블 시스터즈,고순이 임시 상점 또는 에이블 시스터즈,분홍색,분홍색,구매가능,No,1x1,https://acnhcdn.com/latest/ClosetIcon/SocksTexHoletights1.png,일 년 내내,쿨한,데일리; 호러; 스테이지,Pink,No,NA
9665,holey tights,https://acnhcdn.com/latest/FtrIcon/SocksTexHoletights2.png,350,87,에이블 시스터즈,고순이 임시 상점 또는 에이블 시스터즈,하늘색,하늘색,구매가능,No,1x1,https://acnhcdn.com/latest/ClosetIcon/SocksTexHoletights2.png,일 년 내내,쿨한,데일리; 호러; 스테이지,Light blue,No,NA
9666,holey tights,https://acnhcdn.com/latest/FtrIcon/SocksTexHoletights3.png,350,87,에이블 시스터즈,고순이 임시 상점 또는 에이블 시스터즈,빨간색,빨간색,구매가능,No,1x1,https://acnhcdn.com/latest/ClosetIcon/SocksTexHoletights3.png,일 년 내내,쿨한,데일리; 호러; 스테이지,Red,No,NA
9667,holey tights,https://acnhcdn.com/latest/FtrIcon/SocksTexHoletights4.png,350,87,에이블 시스터즈,고순이 임시 상점 또는 에이블 시스터즈,보라색,보라색,구매가능,No,1x1,https://acnhcdn.com/latest/ClosetIcon/SocksTexHoletights4.png,일 년 내내,쿨한,데일리; 호러; 스테이지,Purple,No,NA
9668,holey tights,https://acnhcdn.com/latest/FtrIcon/SocksTexHoletights5.png,350,87,에이블 시스터즈,고순이 임시 상점 또는 에이블 시스터즈,초록색,초록색,구매가능,No,1x1,https://acnhcdn.com/latest/ClosetIcon/SocksTexHoletights5.png,일 년 내내,쿨한,데일리; 호러; 스테이지,Green,No,NA
9669,holey tights,https://acnhcdn.com/latest/FtrIcon/SocksTexHoletights6.png,350,87,에이블 시스터즈,고순이 임시 상점 또는 에이블 시스터즈,파란색,파란색,구매가능,No,1x1,https://acnhcdn.com/latest/ClosetIcon/SocksTexHoletights6.png,일 년 내내,쿨한,데일리; 호러; 스테이지,Blue,No,NA
9670,holey tights,https://acnhcdn.com/latest/FtrIcon/SocksTexHoletights7.png,350,87,에이블 시스터즈,고순이 임시 상점 또는 에이블 시스터즈,노란색,노란색,구매가능,No,1x1,https://acnhcdn.com/latest/ClosetIcon/SocksTexHoletights7.png,일 년 내내,쿨한,데일리; 호러; 스테이지,Yellow,No,NA
5201,kiddie socks,https://acnhcdn.com/latest/FtrIcon/SocksTexKids0.png,600,150,패트릭,,빨간색,하늘색,구매가능,No,1x1,https://acnhcdn.com/latest/ClosetIcon/SocksTexKids0.png,일 년 내내,귀여운,데일리; 아웃도어; 릴렉스; 스포츠,Red & light blue,No,NA
9985,kiddie socks,https://acnhcdn.com/latest/FtrIcon/SocksTexKids1.png,600,150,패트릭,,파란색,주황색,구매가능,No,1x1,https://acnhcdn.com/latest/ClosetIcon/SocksTexKids1.png,일 년 내내,귀여운,데일리; 아웃도어; 릴렉스; 스포츠,Blue & orange,No,NA
9986,kiddie socks,https://acnhcdn.com/latest/FtrIcon/SocksTexKids2.png,600,150,패트릭,,초록색,분홍색,구매가능,No,1x1,https://acnhcdn.com/latest/ClosetIcon/SocksTexKids2.png,일 년 내내,귀여운,데일리; 아웃도어; 릴렉스; 스포츠,Lime & pink,No,NA
9987,kiddie socks,https://acnhcdn.com/latest/FtrIcon/SocksTexKids3.png,600,150,패트릭,,노란색,보라색,구매가능,No,1x1,https://acnhcdn.com/latest/ClosetIcon/SocksTexKids3.png,일 년 내내,귀여운,데일리; 아웃도어; 릴렉스; 스포츠,Yellow & purple,No,NA
9988,kiddie socks,https://acnhcdn.com/latest/FtrIcon/SocksTexKids4.png,600,150,패트릭,,하늘색,빨간색,구매가능,No,1x1,https://acnhcdn.com/latest/ClosetIcon/SocksTexKids4.png,일 년 내내,귀여운,데일리; 아웃도어; 릴렉스; 스포츠,Light blue & red,No,NA
9989,kiddie socks,https://acnhcdn.com/latest/FtrIcon/SocksTexKids5.png,600,150,패트릭,,보라색,초록색,구매가능,No,1x1,https://acnhcdn.com/latest/ClosetIcon/SocksTexKids5.png,일 년 내내,귀여운,데일리; 아웃도어; 릴렉스; 스포츠,Purple & green,No,NA
9990,kiddie socks,https://acnhcdn.com/latest/FtrIcon/SocksTexKids6.png,600,150,패트릭,,분홍색,노란색,구매가능,No,1x1,https://acnhcdn.com/latest/ClosetIcon/SocksTexKids6.png,일 년 내내,귀여운,데일리; 아웃도어; 릴렉스; 스포츠,Pink & yellow,No,NA
9991,kiddie socks,https://acnhcdn.com/latest/FtrIcon/SocksTexKids7.png,600,150,패트릭,,검정색,회색,구매가능,No,1x1,https://acnhcdn.com/latest/ClosetIcon/SocksTexKids7.png,일 년 내내,귀여운,데일리; 아웃도어; 릴렉스; 스포츠,Black & gray,No,NA
9883,Labelle socks,https://acnhcdn.com/latest/FtrIcon/SocksTexKatesocks0.png,940,235,고숙이,,보라색,보라색,구매가능,No,1x1,https://acnhcdn.com/latest/ClosetIcon/SocksTexKatesocks0.png,일 년 내내,쿨한,데일리; 포멀; 스포츠; 스테이지,Twilight,No,NA
11761,Labelle socks,https://acnhcdn.com/latest/FtrIcon/SocksTexKatesocks1.png,940,235,고숙이,,검정색,검정색,구매가능,No,1x1,https://acnhcdn.com/latest/ClosetIcon/SocksTexKatesocks1.png,일 년 내내,쿨한,데일리; 포멀; 스포츠; 스테이지,Midnight,No,NA
11762,Labelle socks,https://acnhcdn.com/latest/FtrIcon/SocksTexKatesocks2.png,940,235,고숙이,,빨간색,빨간색,구매가능,No,1x1,https://acnhcdn.com/latest/ClosetIcon/SocksTexKatesocks2.png,일 년 내내,쿨한,데일리; 포멀; 스포츠; 스테이지,Passion,No,NA
11763,Labelle socks,https://acnhcdn.com/latest/FtrIcon/SocksTexKatesocks3.png,940,235,고숙이,,파란색,파란색,구매가능,No,1x1,https://acnhcdn.com/latest/ClosetIcon/SocksTexKatesocks3.png,일 년 내내,쿨한,데일리; 포멀; 스포츠; 스테이지,Ocean,No,NA
11764,Labelle socks,https://acnhcdn.com/latest/FtrIcon/SocksTexKatesocks4.png,940,235,고숙이,,노란색,노란색,구매가능,No,1x1,https://acnhcdn.com/latest/ClosetIcon/SocksTexKatesocks4.png,일 년 내내,쿨한,데일리; 포멀; 스포츠; 스테이지,Sunset,No,NA
11765,Labelle socks,https://acnhcdn.com/latest/FtrIcon/SocksTexKatesocks5.png,940,235,고숙이,,분홍색,분홍색,구매가능,No,1x1,https://acnhcdn.com/latest/ClosetIcon/SocksTexKatesocks5.png,일 년 내내,쿨한,데일리; 포멀; 스포츠; 스테이지,Love,No,NA
9882,Labelle tights,https://acnhcdn.com/latest/FtrIcon/SocksTexKatetights0.png,1240,310,고숙이,,보라색,보라색,구매가능,No,1x1,https://acnhcdn.com/latest/ClosetIcon/SocksTexKatetights0.png,일 년 내내,우아한,데일리; 포멀; 파티; 스테이지,Twilight,No,NA
11756,Labelle tights,https://acnhcdn.com/latest/FtrIcon/SocksTexKatetights1.png,1240,310,고숙이,,검정색,검정색,구매가능,No,1x1,https://acnhcdn.com/latest/ClosetIcon/SocksTexKatetights1.png,일 년 내내,우아한,데일리; 포멀; 파티; 스테이지,Midnight,No,NA
11757,Labelle tights,https://acnhcdn.com/latest/FtrIcon/SocksTexKatetights2.png,1240,310,고숙이,,빨간색,빨간색,구매가능,No,1x1,https://acnhcdn.com/latest/ClosetIcon/SocksTexKatetights2.png,일 년 내내,우아한,데일리; 포멀; 파티; 스테이지,Passion,No,NA
11758,Labelle tights,https://acnhcdn.com/latest/FtrIcon/SocksTexKatetights3.png,1240,310,고숙이,,파란색,파란색,구매가능,No,1x1,https://acnhcdn.com/latest/ClosetIcon/SocksTexKatetights3.png,일 년 내내,우아한,데일리; 포멀; 파티; 스테이지,Ocean,No,NA
11759,Labelle tights,https://acnhcdn.com/latest/FtrIcon/SocksTexKatetights4.png,1240,310,고숙이,,주황색,주황색,구매가능,No,1x1,https://acnhcdn.com/latest/ClosetIcon/SocksTexKatetights4.png,일 년 내내,우아한,데일리; 포멀; 파티; 스테이지,Sunset,No,NA
11760,Labelle tights,https://acnhcdn.com/latest/FtrIcon/SocksTexKatetights5.png,1240,310,고숙이,,분홍색,분홍색,구매가능,No,1x1,https://acnhcdn.com/latest/ClosetIcon/SocksTexKatetights5.png,일 년 내내,우아한,데일리; 포멀; 파티; 스테이지,Love,No,NA
5173,lace socks,https://acnhcdn.com/latest/FtrIcon/SocksTexLace0.png,720,180,에이블 시스터즈,에이블 시스터즈에만,하얀색,하얀색,구매가능,No,1x1,https://acnhcdn.com/latest/ClosetIcon/SocksTexLace0.png,일 년 내내,우아한,데일리; 메르헨; 포멀; 파티,White,No,NA
8931,lace socks,https://acnhcdn.com/latest/FtrIcon/SocksTexLace1.png,720,180,에이블 시스터즈,에이블 시스터즈에만,분홍색,하얀색,구매가능,No,1x1,https://acnhcdn.com/latest/ClosetIcon/SocksTexLace1.png,일 년 내내,우아한,데일리; 메르헨; 포멀; 파티,Pink,No,NA
8932,lace socks,https://acnhcdn.com/latest/FtrIcon/SocksTexLace2.png,720,180,에이블 시스터즈,에이블 시스터즈에만,초록색,하얀색,구매가능,No,1x1,https://acnhcdn.com/latest/ClosetIcon/SocksTexLace2.png,일 년 내내,우아한,데일리; 메르헨; 포멀; 파티,Green,No,NA
8933,lace socks,https://acnhcdn.com/latest/FtrIcon/SocksTexLace3.png,720,180,에이블 시스터즈,에이블 시스터즈에만,검정색,하얀색,구매가능,No,1x1,https://acnhcdn.com/latest/ClosetIcon/SocksTexLace3.png,일 년 내내,우아한,데일리; 메르헨; 포멀; 파티,Black,No,NA
10170,lace socks,https://acnhcdn.com/latest/FtrIcon/SocksTexLace4.png,720,180,에이블 시스터즈,에이블 시스터즈에만,베이지색,하얀색,구매가능,No,1x1,https://acnhcdn.com/latest/ClosetIcon/SocksTexLace4.png,일 년 내내,우아한,데일리; 메르헨; 포멀; 파티,Beige,No,NA
5195,layered socks,https://acnhcdn.com/latest/FtrIcon/SockstTexOverlapping0.png,720,180,에이블 시스터즈,에이블 시스터즈에만,회색,보라색,구매가능,No,1x1,https://acnhcdn.com/latest/ClosetIcon/SockstTexOverlapping0.png,겨울,심플한,데일리; 릴렉스,Purple,No,NA
9902,layered socks,https://acnhcdn.com/latest/FtrIcon/SockstTexOverlapping1.png,720,180,에이블 시스터즈,에이블 시스터즈에만,회색,파란색,구매가능,No,1x1,https://acnhcdn.com/latest/ClosetIcon/SockstTexOverlapping1.png,겨울,심플한,데일리; 릴렉스,Blue,No,NA
9903,layered socks,https://acnhcdn.com/latest/FtrIcon/SockstTexOverlapping2.png,720,180,에이블 시스터즈,에이블 시스터즈에만,회색,노란색,구매가능,No,1x1,https://acnhcdn.com/latest/ClosetIcon/SockstTexOverlapping2.png,겨울,심플한,데일리; 릴렉스,Yellow,No,NA
9904,layered socks,https://acnhcdn.com/latest/FtrIcon/SockstTexOverlapping3.png,720,180,에이블 시스터즈,에이블 시스터즈에만,회색,초록색,구매가능,No,1x1,https://acnhcdn.com/latest/ClosetIcon/SockstTexOverlapping3.png,겨울,심플한,데일리; 릴렉스,Green,No,NA
9905,layered socks,https://acnhcdn.com/latest/FtrIcon/SockstTexOverlapping4.png,720,180,에이블 시스터즈,에이블 시스터즈에만,회색,빨간색,구매가능,No,1x1,https://acnhcdn.com/latest/ClosetIcon/SockstTexOverlapping4.png,겨울,심플한,데일리; 릴렉스,Red,No,NA
9906,layered socks,https://acnhcdn.com/latest/FtrIcon/SockstTexOverlapping5.png,720,180,에이블 시스터즈,에이블 시스터즈에만,회색,주황색,구매가능,No,1x1,https://acnhcdn.com/latest/ClosetIcon/SockstTexOverlapping5.png,겨울,심플한,데일리; 릴렉스,Orange,No,NA
5169,leg warmers,https://acnhcdn.com/latest/FtrIcon/SocksTexLegwarmer0.png,440,110,에이블 시스터즈,고순이 임시 상점 또는 에이블 시스터즈,보라색,보라색,구매가능,No,1x1,https://acnhcdn.com/latest/ClosetIcon/SocksTexLegwarmer0.png,겨울,활동적인,아웃도어; 릴렉스,Purple,No,NA
9785,leg warmers,https://acnhcdn.com/latest/FtrIcon/SocksTexLegwarmer1.png,440,110,에이블 시스터즈,고순이 임시 상점 또는 에이블 시스터즈,검정색,검정색,구매가능,No,1x1,https://acnhcdn.com/latest/ClosetIcon/SocksTexLegwarmer1.png,겨울,활동적인,아웃도어; 릴렉스,Black,No,NA
9786,leg warmers,https://acnhcdn.com/latest/FtrIcon/SocksTexLegwarmer2.png,440,110,에이블 시스터즈,고순이 임시 상점 또는 에이블 시스터즈,회색,회색,구매가능,No,1x1,https://acnhcdn.com/latest/ClosetIcon/SocksTexLegwarmer2.png,겨울,활동적인,아웃도어; 릴렉스,Gray,No,NA
9787,leg warmers,https://acnhcdn.com/latest/FtrIcon/SocksTexLegwarmer3.png,440,110,에이블 시스터즈,고순이 임시 상점 또는 에이블 시스터즈,분홍색,분홍색,구매가능,No,1x1,https://acnhcdn.com/latest/ClosetIcon/SocksTexLegwarmer3.png,겨울,활동적인,아웃도어; 릴렉스,Pink,No,NA
9788,leg warmers,https://acnhcdn.com/latest/FtrIcon/SocksTexLegwarmer4.png,440,110,에이블 시스터즈,고순이 임시 상점 또는 에이블 시스터즈,보라색,보라색,구매가능,No,1x1,https://acnhcdn.com/latest/ClosetIcon/SocksTexLegwarmer4.png,겨울,활동적인,아웃도어; 릴렉스,Light purple,No,NA
9789,leg warmers,https://acnhcdn.com/latest/FtrIcon/SocksTexLegwarmer5.png,440,110,에이블 시스터즈,고순이 임시 상점 또는 에이블 시스터즈,파란색,파란색,구매가능,No,1x1,https://acnhcdn.com/latest/ClosetIcon/SocksTexLegwarmer5.png,겨울,활동적인,아웃도어; 릴렉스,Blue,No,NA
5168,mixed-tweed socks,https://acnhcdn.com/latest/FtrIcon/SocksTexMixtweed0.png,800,200,에이블 시스터즈,고순이 임시 상점 또는 에이블 시스터즈,빨간색,빨간색,구매가능,No,1x1,https://acnhcdn.com/latest/ClosetIcon/SocksTexMixtweed0.png,일 년 내내,심플한,데일리; 릴렉스,Red,No,NA
9063,mixed-tweed socks,https://acnhcdn.com/latest/FtrIcon/SocksTexMixtweed1.png,800,200,에이블 시스터즈,고순이 임시 상점 또는 에이블 시스터즈,초록색,초록색,구매가능,No,1x1,https://acnhcdn.com/latest/ClosetIcon/SocksTexMixtweed1.png,일 년 내내,심플한,데일리; 릴렉스,Avocado,No,NA
9064,mixed-tweed socks,https://acnhcdn.com/latest/FtrIcon/SocksTexMixtweed2.png,800,200,에이블 시스터즈,고순이 임시 상점 또는 에이블 시스터즈,하늘색,하늘색,구매가능,No,1x1,https://acnhcdn.com/latest/ClosetIcon/SocksTexMixtweed2.png,일 년 내내,심플한,데일리; 릴렉스,Light blue,No,NA
9065,mixed-tweed socks,https://acnhcdn.com/latest/FtrIcon/SocksTexMixtweed3.png,800,200,에이블 시스터즈,고순이 임시 상점 또는 에이블 시스터즈,보라색,보라색,구매가능,No,1x1,https://acnhcdn.com/latest/ClosetIcon/SocksTexMixtweed3.png,일 년 내내,심플한,데일리; 릴렉스,Purple,No,NA
9066,mixed-tweed socks,https://acnhcdn.com/latest/FtrIcon/SocksTexMixtweed4.png,800,200,에이블 시스터즈,고순이 임시 상점 또는 에이블 시스터즈,파란색,파란색,구매가능,No,1x1,https://acnhcdn.com/latest/ClosetIcon/SocksTexMixtweed4.png,일 년 내내,심플한,데일리; 릴렉스,Blue,No,NA
9067,mixed-tweed socks,https://acnhcdn.com/latest/FtrIcon/SocksTexMixtweed5.png,800,200,에이블 시스터즈,고순이 임시 상점 또는 에이블 시스터즈,주황색,주황색,구매가능,No,1x1,https://acnhcdn.com/latest/ClosetIcon/SocksTexMixtweed5.png,일 년 내내,심플한,데일리; 릴렉스,Orange,No,NA
9068,mixed-tweed socks,https://acnhcdn.com/latest/FtrIcon/SocksTexMixtweed6.png,800,200,에이블 시스터즈,고순이 임시 상점 또는 에이블 시스터즈,노란색,노란색,구매가능,No,1x1,https://acnhcdn.com/latest/ClosetIcon/SocksTexMixtweed6.png,일 년 내내,심플한,데일리; 릴렉스,Lime,No,NA
9069,mixed-tweed socks,https://acnhcdn.com/latest/FtrIcon/SocksTexMixtweed7.png,800,200,에이블 시스터즈,고순이 임시 상점 또는 에이블 시스터즈,베이지색,베이지색,구매가능,No,1x1,https://acnhcdn.com/latest/ClosetIcon/SocksTexMixtweed7.png,일 년 내내,심플한,데일리; 릴렉스,Pink,No,NA
9586,neon leggings,https://acnhcdn.com/latest/FtrIcon/SocksTexNeonleggings0.png,540,135,에이블 시스터즈,고순이 임시 상점 또는 에이블 시스터즈,노란색,주황색,구매가능,No,1x1,https://acnhcdn.com/latest/ClosetIcon/SocksTexNeonleggings0.png,일 년 내내,활동적인,아웃도어; 파티; 스테이지,Yellow,No,NA
9808,neon leggings,https://acnhcdn.com/latest/FtrIcon/SocksTexNeonleggings1.png,540,135,에이블 시스터즈,고순이 임시 상점 또는 에이블 시스터즈,분홍색,보라색,구매가능,No,1x1,https://acnhcdn.com/latest/ClosetIcon/SocksTexNeonleggings1.png,일 년 내내,활동적인,아웃도어; 파티; 스테이지,Pink,No,NA
9809,neon leggings,https://acnhcdn.com/latest/FtrIcon/SocksTexNeonleggings2.png,540,135,에이블 시스터즈,고순이 임시 상점 또는 에이블 시스터즈,주황색,분홍색,구매가능,No,1x1,https://acnhcdn.com/latest/ClosetIcon/SocksTexNeonleggings2.png,일 년 내내,활동적인,아웃도어; 파티; 스테이지,Orange,No,NA
9810,neon leggings,https://acnhcdn.com/latest/FtrIcon/SocksTexNeonleggings3.png,540,135,에이블 시스터즈,고순이 임시 상점 또는 에이블 시스터즈,초록색,하늘색,구매가능,No,1x1,https://acnhcdn.com/latest/ClosetIcon/SocksTexNeonleggings3.png,일 년 내내,활동적인,아웃도어; 파티; 스테이지,Green,No,NA
9811,neon leggings,https://acnhcdn.com/latest/FtrIcon/SocksTexNeonleggings4.png,540,135,에이블 시스터즈,고순이 임시 상점 또는 에이블 시스터즈,보라색,파란색,구매가능,No,1x1,https://acnhcdn.com/latest/ClosetIcon/SocksTexNeonleggings4.png,일 년 내내,활동적인,아웃도어; 파티; 스테이지,Purple,No,NA
9583,neon tights,https://acnhcdn.com/latest/FtrIcon/SocksTexNeontights0.png,720,180,에이블 시스터즈,고순이 임시 상점 또는 에이블 시스터즈,노란색,주황색,구매가능,No,1x1,https://acnhcdn.com/latest/ClosetIcon/SocksTexNeontights0.png,일 년 내내,활동적인,파티; 스테이지,Yellow,No,NA
9694,neon tights,https://acnhcdn.com/latest/FtrIcon/SocksTexNeontights1.png,720,180,에이블 시스터즈,고순이 임시 상점 또는 에이블 시스터즈,분홍색,보라색,구매가능,No,1x1,https://acnhcdn.com/latest/ClosetIcon/SocksTexNeontights1.png,일 년 내내,활동적인,파티; 스테이지,Pink,No,NA
9695,neon tights,https://acnhcdn.com/latest/FtrIcon/SocksTexNeontights2.png,720,180,에이블 시스터즈,고순이 임시 상점 또는 에이블 시스터즈,주황색,분홍색,구매가능,No,1x1,https://acnhcdn.com/latest/ClosetIcon/SocksTexNeontights2.png,일 년 내내,활동적인,파티; 스테이지,Orange,No,NA
9696,neon tights,https://acnhcdn.com/latest/FtrIcon/SocksTexNeontights3.png,720,180,에이블 시스터즈,고순이 임시 상점 또는 에이블 시스터즈,초록색,하늘색,구매가능,No,1x1,https://acnhcdn.com/latest/ClosetIcon/SocksTexNeontights3.png,일 년 내내,활동적인,파티; 스테이지,Green,No,NA
9697,neon tights,https://acnhcdn.com/latest/FtrIcon/SocksTexNeontights4.png,720,180,에이블 시스터즈,고순이 임시 상점 또는 에이블 시스터즈,보라색,파란색,구매가능,No,1x1,https://acnhcdn.com/latest/ClosetIcon/SocksTexNeontights4.png,일 년 내내,활동적인,파티; 스테이지,Purple,No,NA
4741,no-show socks,https://acnhcdn.com/latest/FtrIcon/SocksTexSneakerin0.png,480,120,에이블 시스터즈,고순이 임시 상점 또는 에이블 시스터즈,회색,검정색,구매가능,No,1x1,https://acnhcdn.com/latest/ClosetIcon/SocksTexSneakerin0.png,일 년 내내,심플한,데일리; 아웃도어; 릴렉스; 스포츠,Gray,No,NA
10003,no-show socks,https://acnhcdn.com/latest/FtrIcon/SocksTexSneakerin1.png,480,120,에이블 시스터즈,고순이 임시 상점 또는 에이블 시스터즈,하얀색,빨간색,구매가능,No,1x1,https://acnhcdn.com/latest/ClosetIcon/SocksTexSneakerin1.png,일 년 내내,심플한,데일리; 아웃도어; 릴렉스; 스포츠,White,No,NA
10004,no-show socks,https://acnhcdn.com/latest/FtrIcon/SocksTexSneakerin2.png,480,120,에이블 시스터즈,고순이 임시 상점 또는 에이블 시스터즈,빨간색,회색,구매가능,No,1x1,https://acnhcdn.com/latest/ClosetIcon/SocksTexSneakerin2.png,일 년 내내,심플한,데일리; 아웃도어; 릴렉스; 스포츠,Berry red,No,NA
10005,no-show socks,https://acnhcdn.com/latest/FtrIcon/SocksTexSneakerin3.png,480,120,에이블 시스터즈,고순이 임시 상점 또는 에이블 시스터즈,하늘색,하얀색,구매가능,No,1x1,https://acnhcdn.com/latest/ClosetIcon/SocksTexSneakerin3.png,일 년 내내,심플한,데일리; 아웃도어; 릴렉스; 스포츠,Light blue,No,NA
10006,no-show socks,https://acnhcdn.com/latest/FtrIcon/SocksTexSneakerin4.png,480,120,에이블 시스터즈,고순이 임시 상점 또는 에이블 시스터즈,주황색,보라색,구매가능,No,1x1,https://acnhcdn.com/latest/ClosetIcon/SocksTexSneakerin4.png,일 년 내내,심플한,데일리; 아웃도어; 릴렉스; 스포츠,Orange,No,NA
10007,no-show socks,https://acnhcdn.com/latest/FtrIcon/SocksTexSneakerin5.png,480,120,에이블 시스터즈,고순이 임시 상점 또는 에이블 시스터즈,초록색,파란색,구매가능,No,1x1,https://acnhcdn.com/latest/ClosetIcon/SocksTexSneakerin5.png,일 년 내내,심플한,데일리; 아웃도어; 릴렉스; 스포츠,Green,No,NA
10008,no-show socks,https://acnhcdn.com/latest/FtrIcon/SocksTexSneakerin6.png,480,120,에이블 시스터즈,고순이 임시 상점 또는 에이블 시스터즈,파란색,노란색,구매가능,No,1x1,https://acnhcdn.com/latest/ClosetIcon/SocksTexSneakerin6.png,일 년 내내,심플한,데일리; 아웃도어; 릴렉스; 스포츠,Navy blue,No,NA
10009,no-show socks,https://acnhcdn.com/latest/FtrIcon/SocksTexSneakerin7.png,480,120,에이블 시스터즈,고순이 임시 상점 또는 에이블 시스터즈,노란색,하늘색,구매가능,No,1x1,https://acnhcdn.com/latest/ClosetIcon/SocksTexSneakerin7.png,일 년 내내,심플한,데일리; 아웃도어; 릴렉스; 스포츠,Yellow,No,NA
5629,Nook Inc. socks,https://acnhcdn.com/latest/FtrIcon/SocksTexBorderRco.png,NFS,2000,너굴 마일 교환,,노란색,주황색,비매품,No,1x1,https://acnhcdn.com/latest/ClosetIcon/SocksTexBorderRco.png,일 년 내내,활동적인,데일리; 아웃도어; 릴렉스,Yellow,No,400
4748,nordic socks,https://acnhcdn.com/latest/FtrIcon/SocksTexNordic0.png,840,210,에이블 시스터즈,고순이 임시 상점 또는 에이블 시스터즈,파란색,검정색,구매가능,No,1x1,https://acnhcdn.com/latest/ClosetIcon/SocksTexNordic0.png,겨울,우아한,데일리; 아웃도어; 릴렉스,Navy blue,No,NA
9889,nordic socks,https://acnhcdn.com/latest/FtrIcon/SocksTexNordic1.png,840,210,에이블 시스터즈,고순이 임시 상점 또는 에이블 시스터즈,베이지색,검정색,구매가능,No,1x1,https://acnhcdn.com/latest/ClosetIcon/SocksTexNordic1.png,겨울,우아한,데일리; 아웃도어; 릴렉스,Ivory,No,NA
9890,nordic socks,https://acnhcdn.com/latest/FtrIcon/SocksTexNordic2.png,840,210,에이블 시스터즈,고순이 임시 상점 또는 에이블 시스터즈,빨간색,검정색,구매가능,No,1x1,https://acnhcdn.com/latest/ClosetIcon/SocksTexNordic2.png,겨울,우아한,데일리; 아웃도어; 릴렉스,Red,No,NA
9891,nordic socks,https://acnhcdn.com/latest/FtrIcon/SocksTexNordic3.png,840,210,에이블 시스터즈,고순이 임시 상점 또는 에이블 시스터즈,파란색,검정색,구매가능,No,1x1,https://acnhcdn.com/latest/ClosetIcon/SocksTexNordic3.png,겨울,우아한,데일리; 아웃도어; 릴렉스,Blue,No,NA
9892,nordic socks,https://acnhcdn.com/latest/FtrIcon/SocksTexNordic4.png,840,210,에이블 시스터즈,고순이 임시 상점 또는 에이블 시스터즈,회색,검정색,구매가능,No,1x1,https://acnhcdn.com/latest/ClosetIcon/SocksTexNordic4.png,겨울,우아한,데일리; 아웃도어; 릴렉스,Gray,No,NA
9893,nordic socks,https://acnhcdn.com/latest/FtrIcon/SocksTexNordic5.png,840,210,에이블 시스터즈,고순이 임시 상점 또는 에이블 시스터즈,초록색,검정색,구매가능,No,1x1,https://acnhcdn.com/latest/ClosetIcon/SocksTexNordic5.png,겨울,우아한,데일리; 아웃도어; 릴렉스,Green,No,NA
9894,nordic socks,https://acnhcdn.com/latest/FtrIcon/SocksTexNordic6.png,840,210,에이블 시스터즈,고순이 임시 상점 또는 에이블 시스터즈,하늘색,검정색,구매가능,No,1x1,https://acnhcdn.com/latest/ClosetIcon/SocksTexNordic6.png,겨울,우아한,데일리; 아웃도어; 릴렉스,Light blue,No,NA
6046,patterned stockings,https://acnhcdn.com/latest/FtrIcon/SocksTexStripedot0.png,940,235,에이블 시스터즈,에이블 시스터즈에만,검정색,검정색,구매가능,No,1x1,https://acnhcdn.com/latest/ClosetIcon/SocksTexStripedot0.png,일 년 내내,우아한,데일리; 포멀; 파티; 스테이지,Black,No,NA
9674,patterned stockings,https://acnhcdn.com/latest/FtrIcon/SocksTexStripedot1.png,940,235,에이블 시스터즈,에이블 시스터즈에만,하얀색,하얀색,구매가능,No,1x1,https://acnhcdn.com/latest/ClosetIcon/SocksTexStripedot1.png,일 년 내내,우아한,데일리; 포멀; 파티; 스테이지,White,No,NA
5179,pom-pom socks,https://acnhcdn.com/latest/FtrIcon/SocksTexBobble0.png,720,180,에이블 시스터즈,에이블 시스터즈에만,분홍색,하얀색,구매가능,No,1x1,https://acnhcdn.com/latest/ClosetIcon/SocksTexBobble0.png,겨울,귀여운,데일리; 메르헨; 릴렉스,Pink,No,NA
9072,pom-pom socks,https://acnhcdn.com/latest/FtrIcon/SocksTexBobble1.png,720,180,에이블 시스터즈,에이블 시스터즈에만,하늘색,하얀색,구매가능,No,1x1,https://acnhcdn.com/latest/ClosetIcon/SocksTexBobble1.png,겨울,귀여운,데일리; 메르헨; 릴렉스,Blue,No,NA
9073,pom-pom socks,https://acnhcdn.com/latest/FtrIcon/SocksTexBobble2.png,720,180,에이블 시스터즈,에이블 시스터즈에만,초록색,하얀색,구매가능,No,1x1,https://acnhcdn.com/latest/ClosetIcon/SocksTexBobble2.png,겨울,귀여운,데일리; 메르헨; 릴렉스,Green,No,NA
9074,pom-pom socks,https://acnhcdn.com/latest/FtrIcon/SocksTexBobble3.png,720,180,에이블 시스터즈,에이블 시스터즈에만,주황색,하얀색,구매가능,No,1x1,https://acnhcdn.com/latest/ClosetIcon/SocksTexBobble3.png,겨울,귀여운,데일리; 메르헨; 릴렉스,Orange,No,NA
9075,pom-pom socks,https://acnhcdn.com/latest/FtrIcon/SocksTexBobble4.png,720,180,에이블 시스터즈,에이블 시스터즈에만,보라색,하얀색,구매가능,No,1x1,https://acnhcdn.com/latest/ClosetIcon/SocksTexBobble4.png,겨울,귀여운,데일리; 메르헨; 릴렉스,Purple,No,NA
5198,puckered socks,https://acnhcdn.com/latest/FtrIcon/SocksTexPucker0.png,600,150,에이블 시스터즈,에이블 시스터즈에만,주황색,주황색,구매가능,No,1x1,https://acnhcdn.com/latest/ClosetIcon/SocksTexPucker0.png,일 년 내내,우아한,데일리,Mustard,No,NA
9078,puckered socks,https://acnhcdn.com/latest/FtrIcon/SocksTexPucker1.png,600,150,에이블 시스터즈,에이블 시스터즈에만,빨간색,빨간색,구매가능,No,1x1,https://acnhcdn.com/latest/ClosetIcon/SocksTexPucker1.png,일 년 내내,우아한,데일리,Red,No,NA
9079,puckered socks,https://acnhcdn.com/latest/FtrIcon/SocksTexPucker2.png,600,150,에이블 시스터즈,에이블 시스터즈에만,파란색,파란색,구매가능,No,1x1,https://acnhcdn.com/latest/ClosetIcon/SocksTexPucker2.png,일 년 내내,우아한,데일리,Blue,No,NA
9080,puckered socks,https://acnhcdn.com/latest/FtrIcon/SocksTexPucker3.png,600,150,에이블 시스터즈,에이블 시스터즈에만,초록색,초록색,구매가능,No,1x1,https://acnhcdn.com/latest/ClosetIcon/SocksTexPucker3.png,일 년 내내,우아한,데일리,Green,No,NA
9081,puckered socks,https://acnhcdn.com/latest/FtrIcon/SocksTexPucker4.png,600,150,에이블 시스터즈,에이블 시스터즈에만,보라색,보라색,구매가능,No,1x1,https://acnhcdn.com/latest/ClosetIcon/SocksTexPucker4.png,일 년 내내,우아한,데일리,Purple,No,NA
5214,running tights,https://acnhcdn.com/latest/FtrIcon/SocksTexRun0.png,550,137,에이블 시스터즈,고순이 임시 상점 또는 에이블 시스터즈,검정색,분홍색,구매가능,No,1x1,https://acnhcdn.com/latest/ClosetIcon/SocksTexRun0.png,일 년 내내,활동적인,아웃도어; 스포츠; 비즈니스,Pink,No,NA
9798,running tights,https://acnhcdn.com/latest/FtrIcon/SocksTexRun1.png,550,137,에이블 시스터즈,고순이 임시 상점 또는 에이블 시스터즈,검정색,노란색,구매가능,No,1x1,https://acnhcdn.com/latest/ClosetIcon/SocksTexRun1.png,일 년 내내,활동적인,아웃도어; 스포츠; 비즈니스,Yellow,No,NA
9799,running tights,https://acnhcdn.com/latest/FtrIcon/SocksTexRun2.png,550,137,에이블 시스터즈,고순이 임시 상점 또는 에이블 시스터즈,검정색,파란색,구매가능,No,1x1,https://acnhcdn.com/latest/ClosetIcon/SocksTexRun2.png,일 년 내내,활동적인,아웃도어; 스포츠; 비즈니스,Blue,No,NA
9800,running tights,https://acnhcdn.com/latest/FtrIcon/SocksTexRun3.png,550,137,에이블 시스터즈,고순이 임시 상점 또는 에이블 시스터즈,검정색,초록색,구매가능,No,1x1,https://acnhcdn.com/latest/ClosetIcon/SocksTexRun3.png,일 년 내내,활동적인,아웃도어; 스포츠; 비즈니스,Green,No,NA
9644,semi-opaque socks,https://acnhcdn.com/latest/FtrIcon/SocksTexNuancesocks0.png,480,120,에이블 시스터즈,에이블 시스터즈에만,초록색,초록색,구매가능,No,1x1,https://acnhcdn.com/latest/ClosetIcon/SocksTexNuancesocks0.png,일 년 내내,우아한,데일리,Green,No,NA
10027,semi-opaque socks,https://acnhcdn.com/latest/FtrIcon/SocksTexNuancesocks1.png,480,120,에이블 시스터즈,에이블 시스터즈에만,빨간색,빨간색,구매가능,No,1x1,https://acnhcdn.com/latest/ClosetIcon/SocksTexNuancesocks1.png,일 년 내내,우아한,데일리,Red,No,NA
10028,semi-opaque socks,https://acnhcdn.com/latest/FtrIcon/SocksTexNuancesocks2.png,480,120,에이블 시스터즈,에이블 시스터즈에만,파란색,파란색,구매가능,No,1x1,https://acnhcdn.com/latest/ClosetIcon/SocksTexNuancesocks2.png,일 년 내내,우아한,데일리,Blue,No,NA
10029,semi-opaque socks,https://acnhcdn.com/latest/FtrIcon/SocksTexNuancesocks3.png,480,120,에이블 시스터즈,에이블 시스터즈에만,보라색,보라색,구매가능,No,1x1,https://acnhcdn.com/latest/ClosetIcon/SocksTexNuancesocks3.png,일 년 내내,우아한,데일리,Navy blue,No,NA
10030,semi-opaque socks,https://acnhcdn.com/latest/FtrIcon/SocksTexNuancesocks4.png,480,120,에이블 시스터즈,에이블 시스터즈에만,분홍색,분홍색,구매가능,No,1x1,https://acnhcdn.com/latest/ClosetIcon/SocksTexNuancesocks4.png,일 년 내내,우아한,데일리,Purple,No,NA
10031,semi-opaque socks,https://acnhcdn.com/latest/FtrIcon/SocksTexNuancesocks5.png,480,120,에이블 시스터즈,에이블 시스터즈에만,노란색,노란색,구매가능,No,1x1,https://acnhcdn.com/latest/ClosetIcon/SocksTexNuancesocks5.png,일 년 내내,우아한,데일리,Camel,No,NA
10032,semi-opaque socks,https://acnhcdn.com/latest/FtrIcon/SocksTexNuancesocks6.png,480,120,에이블 시스터즈,에이블 시스터즈에만,초록색,초록색,구매가능,No,1x1,https://acnhcdn.com/latest/ClosetIcon/SocksTexNuancesocks6.png,일 년 내내,우아한,데일리,Avocado,No,NA
10033,semi-opaque socks,https://acnhcdn.com/latest/FtrIcon/SocksTexNuancesocks7.png,480,120,에이블 시스터즈,에이블 시스터즈에만,갈색,갈색,구매가능,No,1x1,https://acnhcdn.com/latest/ClosetIcon/SocksTexNuancesocks7.png,일 년 내내,우아한,데일리,Brown,No,NA
9580,semi-opaque tights,https://acnhcdn.com/latest/FtrIcon/SocksTexNuancetights0.png,720,180,에이블 시스터즈,에이블 시스터즈에만,주황색,주황색,구매가능,No,1x1,https://acnhcdn.com/latest/ClosetIcon/SocksTexNuancetights0.png,일 년 내내,우아한,데일리,Brown,No,NA
9675,semi-opaque tights,https://acnhcdn.com/latest/FtrIcon/SocksTexNuancetights1.png,720,180,에이블 시스터즈,에이블 시스터즈에만,노란색,노란색,구매가능,No,1x1,https://acnhcdn.com/latest/ClosetIcon/SocksTexNuancetights1.png,일 년 내내,우아한,데일리,Yellow,No,NA
9676,semi-opaque tights,https://acnhcdn.com/latest/FtrIcon/SocksTexNuancetights2.png,720,180,에이블 시스터즈,에이블 시스터즈에만,초록색,초록색,구매가능,No,1x1,https://acnhcdn.com/latest/ClosetIcon/SocksTexNuancetights2.png,일 년 내내,우아한,데일리,Green,No,NA
9677,semi-opaque tights,https://acnhcdn.com/latest/FtrIcon/SocksTexNuancetights3.png,720,180,에이블 시스터즈,에이블 시스터즈에만,보라색,보라색,구매가능,No,1x1,https://acnhcdn.com/latest/ClosetIcon/SocksTexNuancetights3.png,일 년 내내,우아한,데일리,Purple,No,NA
9678,semi-opaque tights,https://acnhcdn.com/latest/FtrIcon/SocksTexNuancetights4.png,720,180,에이블 시스터즈,에이블 시스터즈에만,파란색,파란색,구매가능,No,1x1,https://acnhcdn.com/latest/ClosetIcon/SocksTexNuancetights4.png,일 년 내내,우아한,데일리,Blue,No,NA
9679,semi-opaque tights,https://acnhcdn.com/latest/FtrIcon/SocksTexNuancetights5.png,720,180,에이블 시스터즈,에이블 시스터즈에만,분홍색,분홍색,구매가능,No,1x1,https://acnhcdn.com/latest/ClosetIcon/SocksTexNuancetights5.png,일 년 내내,우아한,데일리,Pink,No,NA
9680,semi-opaque tights,https://acnhcdn.com/latest/FtrIcon/SocksTexNuancetights6.png,720,180,에이블 시스터즈,에이블 시스터즈에만,빨간색,빨간색,구매가능,No,1x1,https://acnhcdn.com/latest/ClosetIcon/SocksTexNuancetights6.png,일 년 내내,우아한,데일리,Red,No,NA
9681,semi-opaque tights,https://acnhcdn.com/latest/FtrIcon/SocksTexNuancetights7.png,720,180,에이블 시스터즈,에이블 시스터즈에만,초록색,초록색,구매가능,No,1x1,https://acnhcdn.com/latest/ClosetIcon/SocksTexNuancetights7.png,일 년 내내,우아한,데일리,Yellow-green,No,NA
4743,sequin leggings,https://acnhcdn.com/latest/FtrIcon/SocksTexSequins0.png,940,235,패트릭,,분홍색,분홍색,구매가능,No,1x1,https://acnhcdn.com/latest/ClosetIcon/SocksTexSequins0.png,일 년 내내,화려한,파티; 스테이지,Pink,No,NA
11580,sequin leggings,https://acnhcdn.com/latest/FtrIcon/SocksTexSequins1.png,940,235,패트릭,,빨간색,빨간색,구매가능,No,1x1,https://acnhcdn.com/latest/ClosetIcon/SocksTexSequins1.png,일 년 내내,화려한,파티; 스테이지,Red,No,NA
11581,sequin leggings,https://acnhcdn.com/latest/FtrIcon/SocksTexSequins2.png,940,235,패트릭,,검정색,검정색,구매가능,No,1x1,https://acnhcdn.com/latest/ClosetIcon/SocksTexSequins2.png,일 년 내내,화려한,파티; 스테이지,Black,No,NA
11582,sequin leggings,https://acnhcdn.com/latest/FtrIcon/SocksTexSequins3.png,940,235,패트릭,,노란색,노란색,구매가능,No,1x1,https://acnhcdn.com/latest/ClosetIcon/SocksTexSequins3.png,일 년 내내,화려한,파티; 스테이지,Yellow,No,NA
11583,sequin leggings,https://acnhcdn.com/latest/FtrIcon/SocksTexSequins4.png,940,235,패트릭,,하얀색,하얀색,구매가능,No,1x1,https://acnhcdn.com/latest/ClosetIcon/SocksTexSequins4.png,일 년 내내,화려한,파티; 스테이지,White,No,NA
11584,sequin leggings,https://acnhcdn.com/latest/FtrIcon/SocksTexSequins5.png,940,235,패트릭,,파란색,파란색,구매가능,No,1x1,https://acnhcdn.com/latest/ClosetIcon/SocksTexSequins5.png,일 년 내내,화려한,파티; 스테이지,Blue,No,NA
11585,sequin leggings,https://acnhcdn.com/latest/FtrIcon/SocksTexSequins6.png,940,235,패트릭,,보라색,보라색,구매가능,No,1x1,https://acnhcdn.com/latest/ClosetIcon/SocksTexSequins6.png,일 년 내내,화려한,파티; 스테이지,Purple,No,NA
11586,sequin leggings,https://acnhcdn.com/latest/FtrIcon/SocksTexSequins7.png,940,235,패트릭,,초록색,초록색,구매가능,No,1x1,https://acnhcdn.com/latest/ClosetIcon/SocksTexSequins7.png,일 년 내내,화려한,파티; 스테이지,Green,No,NA
5812,sheer socks,https://acnhcdn.com/latest/FtrIcon/SocksTexSeethrough0.png,600,150,패트릭,,파란색,파란색,구매가능,No,1x1,https://acnhcdn.com/latest/ClosetIcon/SocksTexSeethrough0.png,일 년 내내,우아한,데일리; 포멀; 파티,Blue,No,NA
9928,sheer socks,https://acnhcdn.com/latest/FtrIcon/SocksTexSeethrough1.png,600,150,패트릭,,빨간색,빨간색,구매가능,No,1x1,https://acnhcdn.com/latest/ClosetIcon/SocksTexSeethrough1.png,일 년 내내,우아한,데일리; 포멀; 파티,Berry red,No,NA
9929,sheer socks,https://acnhcdn.com/latest/FtrIcon/SocksTexSeethrough2.png,600,150,패트릭,,갈색,갈색,구매가능,No,1x1,https://acnhcdn.com/latest/ClosetIcon/SocksTexSeethrough2.png,일 년 내내,우아한,데일리; 포멀; 파티,Brown,No,NA
9930,sheer socks,https://acnhcdn.com/latest/FtrIcon/SocksTexSeethrough3.png,600,150,패트릭,,초록색,초록색,구매가능,No,1x1,https://acnhcdn.com/latest/ClosetIcon/SocksTexSeethrough3.png,일 년 내내,우아한,데일리; 포멀; 파티,Green,No,NA
9931,sheer socks,https://acnhcdn.com/latest/FtrIcon/SocksTexSeethrough4.png,600,150,패트릭,,초록색,초록색,구매가능,No,1x1,https://acnhcdn.com/latest/ClosetIcon/SocksTexSeethrough4.png,일 년 내내,우아한,데일리; 포멀; 파티,Olive,No,NA
9932,sheer socks,https://acnhcdn.com/latest/FtrIcon/SocksTexSeethrough5.png,600,150,패트릭,,회색,회색,구매가능,No,1x1,https://acnhcdn.com/latest/ClosetIcon/SocksTexSeethrough5.png,일 년 내내,우아한,데일리; 포멀; 파티,Gray,No,NA
12175,simple knee-high socks,https://acnhcdn.com/latest/FtrIcon/SocksTexSimpleknee0.png,600,150,패트릭,,분홍색,분홍색,구매가능,No,1x1,https://acnhcdn.com/latest/ClosetIcon/SocksTexSimpleknee0.png,일 년 내내,귀여운,데일리,Pink,No,NA
12182,simple knee-high socks,https://acnhcdn.com/latest/FtrIcon/SocksTexSimpleknee1.png,600,150,패트릭,,하얀색,하얀색,구매가능,No,1x1,https://acnhcdn.com/latest/ClosetIcon/SocksTexSimpleknee1.png,일 년 내내,귀여운,데일리,White,No,NA
12183,simple knee-high socks,https://acnhcdn.com/latest/FtrIcon/SocksTexSimpleknee2.png,600,150,패트릭,,빨간색,빨간색,구매가능,No,1x1,https://acnhcdn.com/latest/ClosetIcon/SocksTexSimpleknee2.png,일 년 내내,귀여운,데일리,Red,No,NA
12184,simple knee-high socks,https://acnhcdn.com/latest/FtrIcon/SocksTexSimpleknee3.png,600,150,패트릭,,하늘색,하늘색,구매가능,No,1x1,https://acnhcdn.com/latest/ClosetIcon/SocksTexSimpleknee3.png,일 년 내내,귀여운,데일리,Blue,No,NA
5200,simple-accent socks,https://acnhcdn.com/latest/FtrIcon/SocksTexOnepoint0.png,720,180,에이블 시스터즈,고순이 임시 상점 또는 에이블 시스터즈,파란색,빨간색,구매가능,No,1x1,https://acnhcdn.com/latest/ClosetIcon/SocksTexOnepoint0.png,일 년 내내,심플한,데일리; 포멀,Navy blue,No,NA
9082,simple-accent socks,https://acnhcdn.com/latest/FtrIcon/SocksTexOnepoint1.png,720,180,에이블 시스터즈,고순이 임시 상점 또는 에이블 시스터즈,검정색,하얀색,구매가능,No,1x1,https://acnhcdn.com/latest/ClosetIcon/SocksTexOnepoint1.png,일 년 내내,심플한,데일리; 포멀,Black,No,NA
9083,simple-accent socks,https://acnhcdn.com/latest/FtrIcon/SocksTexOnepoint2.png,720,180,에이블 시스터즈,고순이 임시 상점 또는 에이블 시스터즈,하얀색,검정색,구매가능,No,1x1,https://acnhcdn.com/latest/ClosetIcon/SocksTexOnepoint2.png,일 년 내내,심플한,데일리; 포멀,White,No,NA
9084,simple-accent socks,https://acnhcdn.com/latest/FtrIcon/SocksTexOnepoint3.png,720,180,에이블 시스터즈,고순이 임시 상점 또는 에이블 시스터즈,회색,하늘색,구매가능,No,1x1,https://acnhcdn.com/latest/ClosetIcon/SocksTexOnepoint3.png,일 년 내내,심플한,데일리; 포멀,Gray,No,NA
9085,simple-accent socks,https://acnhcdn.com/latest/FtrIcon/SocksTexOnepoint4.png,720,180,에이블 시스터즈,고순이 임시 상점 또는 에이블 시스터즈,파란색,하늘색,구매가능,No,1x1,https://acnhcdn.com/latest/ClosetIcon/SocksTexOnepoint4.png,일 년 내내,심플한,데일리; 포멀,Blue,No,NA
9086,simple-accent socks,https://acnhcdn.com/latest/FtrIcon/SocksTexOnepoint5.png,720,180,에이블 시스터즈,고순이 임시 상점 또는 에이블 시스터즈,주황색,노란색,구매가능,No,1x1,https://acnhcdn.com/latest/ClosetIcon/SocksTexOnepoint5.png,일 년 내내,심플한,데일리; 포멀,Orange,No,NA
9087,simple-accent socks,https://acnhcdn.com/latest/FtrIcon/SocksTexOnepoint6.png,720,180,에이블 시스터즈,고순이 임시 상점 또는 에이블 시스터즈,빨간색,검정색,구매가능,No,1x1,https://acnhcdn.com/latest/ClosetIcon/SocksTexOnepoint6.png,일 년 내내,심플한,데일리; 포멀,Red,No,NA
9088,simple-accent socks,https://acnhcdn.com/latest/FtrIcon/SocksTexOnepoint7.png,720,180,에이블 시스터즈,고순이 임시 상점 또는 에이블 시스터즈,분홍색,하얀색,구매가능,No,1x1,https://acnhcdn.com/latest/ClosetIcon/SocksTexOnepoint7.png,일 년 내내,심플한,데일리; 포멀,Pink,No,NA
5177,soccer socks,https://acnhcdn.com/latest/FtrIcon/SocksTexFootball0.png,800,200,패트릭,,파란색,하얀색,구매가능,No,1x1,https://acnhcdn.com/latest/ClosetIcon/SocksTexFootball0.png,일 년 내내,활동적인,스포츠; 비즈니스,Blue,No,NA
9973,soccer socks,https://acnhcdn.com/latest/FtrIcon/SocksTexFootball1.png,800,200,패트릭,,빨간색,하얀색,구매가능,No,1x1,https://acnhcdn.com/latest/ClosetIcon/SocksTexFootball1.png,일 년 내내,활동적인,스포츠; 비즈니스,Red,No,NA
9974,soccer socks,https://acnhcdn.com/latest/FtrIcon/SocksTexFootball2.png,800,200,패트릭,,초록색,하얀색,구매가능,No,1x1,https://acnhcdn.com/latest/ClosetIcon/SocksTexFootball2.png,일 년 내내,활동적인,스포츠; 비즈니스,Green,No,NA
9975,soccer socks,https://acnhcdn.com/latest/FtrIcon/SocksTexFootball3.png,800,200,패트릭,,하늘색,하얀색,구매가능,No,1x1,https://acnhcdn.com/latest/ClosetIcon/SocksTexFootball3.png,일 년 내내,활동적인,스포츠; 비즈니스,Light blue,No,NA
9976,soccer socks,https://acnhcdn.com/latest/FtrIcon/SocksTexFootball4.png,800,200,패트릭,,검정색,하얀색,구매가능,No,1x1,https://acnhcdn.com/latest/ClosetIcon/SocksTexFootball4.png,일 년 내내,활동적인,스포츠; 비즈니스,Black,No,NA
9977,soccer socks,https://acnhcdn.com/latest/FtrIcon/SocksTexFootball5.png,800,200,패트릭,,주황색,하얀색,구매가능,No,1x1,https://acnhcdn.com/latest/ClosetIcon/SocksTexFootball5.png,일 년 내내,활동적인,스포츠; 비즈니스,Orange,No,NA
9978,soccer socks,https://acnhcdn.com/latest/FtrIcon/SocksTexFootball6.png,800,200,패트릭,,하얀색,검정색,구매가능,No,1x1,https://acnhcdn.com/latest/ClosetIcon/SocksTexFootball6.png,일 년 내내,활동적인,스포츠; 비즈니스,White,No,NA
5203,spider-web tights,https://acnhcdn.com/latest/FtrIcon/SocksTexSpider0.png,720,180,패트릭,,검정색,검정색,구매가능,No,1x1,https://acnhcdn.com/latest/ClosetIcon/SocksTexSpider0.png,일 년 내내,쿨한,호러; 파티; 스테이지,Black,No,NA
9671,spider-web tights,https://acnhcdn.com/latest/FtrIcon/SocksTexSpider1.png,720,180,패트릭,,하얀색,하얀색,구매가능,No,1x1,https://acnhcdn.com/latest/ClosetIcon/SocksTexSpider1.png,일 년 내내,쿨한,호러; 파티; 스테이지,White,No,NA
9672,spider-web tights,https://acnhcdn.com/latest/FtrIcon/SocksTexSpider2.png,720,180,패트릭,,주황색,주황색,구매가능,No,1x1,https://acnhcdn.com/latest/ClosetIcon/SocksTexSpider2.png,일 년 내내,쿨한,호러; 파티; 스테이지,Orange,No,NA
9673,spider-web tights,https://acnhcdn.com/latest/FtrIcon/SocksTexSpider3.png,720,180,패트릭,,보라색,보라색,구매가능,No,1x1,https://acnhcdn.com/latest/ClosetIcon/SocksTexSpider3.png,일 년 내내,쿨한,호러; 파티; 스테이지,Purple,No,NA
3095,stockings,https://acnhcdn.com/latest/FtrIcon/SocksTexTights0.png,480,120,에이블 시스터즈,고순이 임시 상점 또는 에이블 시스터즈,검정색,검정색,구매가능,No,1x1,https://acnhcdn.com/latest/ClosetIcon/SocksTexTights0.png,일 년 내내,심플한,데일리; 비즈니스,Black,No,NA
9655,stockings,https://acnhcdn.com/latest/FtrIcon/SocksTexTights1.png,480,120,에이블 시스터즈,고순이 임시 상점 또는 에이블 시스터즈,회색,회색,구매가능,No,1x1,https://acnhcdn.com/latest/ClosetIcon/SocksTexTights1.png,일 년 내내,심플한,데일리; 비즈니스,Gray,No,NA
9656,stockings,https://acnhcdn.com/latest/FtrIcon/SocksTexTights2.png,480,120,에이블 시스터즈,고순이 임시 상점 또는 에이블 시스터즈,하얀색,하얀색,구매가능,No,1x1,https://acnhcdn.com/latest/ClosetIcon/SocksTexTights2.png,일 년 내내,심플한,데일리; 비즈니스,White,No,NA
9657,stockings,https://acnhcdn.com/latest/FtrIcon/SocksTexTights3.png,480,120,에이블 시스터즈,고순이 임시 상점 또는 에이블 시스터즈,갈색,갈색,구매가능,No,1x1,https://acnhcdn.com/latest/ClosetIcon/SocksTexTights3.png,일 년 내내,심플한,데일리; 비즈니스,Brown,No,NA
9658,stockings,https://acnhcdn.com/latest/FtrIcon/SocksTexTights4.png,480,120,에이블 시스터즈,고순이 임시 상점 또는 에이블 시스터즈,베이지색,베이지색,구매가능,No,1x1,https://acnhcdn.com/latest/ClosetIcon/SocksTexTights4.png,일 년 내내,심플한,데일리; 비즈니스,Beige,No,NA
4744,stretch leggings,https://acnhcdn.com/latest/FtrIcon/SocksTexLeggings0.png,450,112,에이블 시스터즈,고순이 임시 상점 또는 에이블 시스터즈,파란색,파란색,구매가능,No,1x1,https://acnhcdn.com/latest/ClosetIcon/SocksTexLeggings0.png,일 년 내내,심플한,데일리; 아웃도어; 스포츠,Navy blue,No,NA
9776,stretch leggings,https://acnhcdn.com/latest/FtrIcon/SocksTexLeggings1.png,450,112,에이블 시스터즈,고순이 임시 상점 또는 에이블 시스터즈,회색,회색,구매가능,No,1x1,https://acnhcdn.com/latest/ClosetIcon/SocksTexLeggings1.png,일 년 내내,심플한,데일리; 아웃도어; 스포츠,Gray,No,NA
9777,stretch leggings,https://acnhcdn.com/latest/FtrIcon/SocksTexLeggings2.png,450,112,에이블 시스터즈,고순이 임시 상점 또는 에이블 시스터즈,회색,회색,구매가능,No,1x1,https://acnhcdn.com/latest/ClosetIcon/SocksTexLeggings2.png,일 년 내내,심플한,데일리; 아웃도어; 스포츠,Dark gray,No,NA
9778,stretch leggings,https://acnhcdn.com/latest/FtrIcon/SocksTexLeggings3.png,450,112,에이블 시스터즈,고순이 임시 상점 또는 에이블 시스터즈,하얀색,하얀색,구매가능,No,1x1,https://acnhcdn.com/latest/ClosetIcon/SocksTexLeggings3.png,일 년 내내,심플한,데일리; 아웃도어; 스포츠,White,No,NA
9779,stretch leggings,https://acnhcdn.com/latest/FtrIcon/SocksTexLeggings4.png,450,112,에이블 시스터즈,고순이 임시 상점 또는 에이블 시스터즈,검정색,검정색,구매가능,No,1x1,https://acnhcdn.com/latest/ClosetIcon/SocksTexLeggings4.png,일 년 내내,심플한,데일리; 아웃도어; 스포츠,Black,No,NA
9780,stretch leggings,https://acnhcdn.com/latest/FtrIcon/SocksTexLeggings5.png,450,112,에이블 시스터즈,고순이 임시 상점 또는 에이블 시스터즈,갈색,갈색,구매가능,No,1x1,https://acnhcdn.com/latest/ClosetIcon/SocksTexLeggings5.png,일 년 내내,심플한,데일리; 아웃도어; 스포츠,Brown,No,NA
9781,stretch leggings,https://acnhcdn.com/latest/FtrIcon/SocksTexLeggings6.png,450,112,에이블 시스터즈,고순이 임시 상점 또는 에이블 시스터즈,초록색,초록색,구매가능,No,1x1,https://acnhcdn.com/latest/ClosetIcon/SocksTexLeggings6.png,일 년 내내,심플한,데일리; 아웃도어; 스포츠,Green,No,NA
5199,striped socks,https://acnhcdn.com/latest/FtrIcon/SocksTexBorder0.png,600,150,에이블 시스터즈,고순이 임시 상점 또는 에이블 시스터즈,검정색,하얀색,구매가능,No,1x1,https://acnhcdn.com/latest/ClosetIcon/SocksTexBorder0.png,일 년 내내,심플한,데일리; 릴렉스,Monotone,No,NA
6902,striped socks,https://acnhcdn.com/latest/FtrIcon/SocksTexBorder1.png,600,150,에이블 시스터즈,고순이 임시 상점 또는 에이블 시스터즈,하늘색,하얀색,구매가능,No,1x1,https://acnhcdn.com/latest/ClosetIcon/SocksTexBorder1.png,일 년 내내,심플한,데일리; 릴렉스,Light blue,No,NA
9996,striped socks,https://acnhcdn.com/latest/FtrIcon/SocksTexBorder2.png,600,150,에이블 시스터즈,고순이 임시 상점 또는 에이블 시스터즈,초록색,하얀색,구매가능,No,1x1,https://acnhcdn.com/latest/ClosetIcon/SocksTexBorder2.png,일 년 내내,심플한,데일리; 릴렉스,Green,No,NA
9997,striped socks,https://acnhcdn.com/latest/FtrIcon/SocksTexBorder3.png,600,150,에이블 시스터즈,고순이 임시 상점 또는 에이블 시스터즈,노란색,하얀색,구매가능,No,1x1,https://acnhcdn.com/latest/ClosetIcon/SocksTexBorder3.png,일 년 내내,심플한,데일리; 릴렉스,Yellow,No,NA
9998,striped socks,https://acnhcdn.com/latest/FtrIcon/SocksTexBorder4.png,600,150,에이블 시스터즈,고순이 임시 상점 또는 에이블 시스터즈,주황색,하얀색,구매가능,No,1x1,https://acnhcdn.com/latest/ClosetIcon/SocksTexBorder4.png,일 년 내내,심플한,데일리; 릴렉스,Orange,No,NA
9999,striped socks,https://acnhcdn.com/latest/FtrIcon/SocksTexBorder5.png,600,150,에이블 시스터즈,고순이 임시 상점 또는 에이블 시스터즈,빨간색,하얀색,구매가능,No,1x1,https://acnhcdn.com/latest/ClosetIcon/SocksTexBorder5.png,일 년 내내,심플한,데일리; 릴렉스,Red,No,NA
10000,striped socks,https://acnhcdn.com/latest/FtrIcon/SocksTexBorder6.png,600,150,에이블 시스터즈,고순이 임시 상점 또는 에이블 시스터즈,보라색,하얀색,구매가능,No,1x1,https://acnhcdn.com/latest/ClosetIcon/SocksTexBorder6.png,일 년 내내,심플한,데일리; 릴렉스,Purple,No,NA
10001,striped socks,https://acnhcdn.com/latest/FtrIcon/SocksTexBorder7.png,600,150,에이블 시스터즈,고순이 임시 상점 또는 에이블 시스터즈,파란색,하얀색,구매가능,No,1x1,https://acnhcdn.com/latest/ClosetIcon/SocksTexBorder7.png,일 년 내내,심플한,데일리; 릴렉스,Blue,No,NA
6045,striped tights,https://acnhcdn.com/latest/FtrIcon/SocksTexStripe0.png,720,180,에이블 시스터즈,에이블 시스터즈에만,빨간색,검정색,구매가능,No,1x1,https://acnhcdn.com/latest/ClosetIcon/SocksTexStripe0.png,일 년 내내,화려한,파티; 스테이지,Red,No,NA
9937,striped tights,https://acnhcdn.com/latest/FtrIcon/SocksTexStripe1.png,720,180,에이블 시스터즈,에이블 시스터즈에만,회색,검정색,구매가능,No,1x1,https://acnhcdn.com/latest/ClosetIcon/SocksTexStripe1.png,일 년 내내,화려한,파티; 스테이지,Gray,No,NA
9938,striped tights,https://acnhcdn.com/latest/FtrIcon/SocksTexStripe2.png,720,180,에이블 시스터즈,에이블 시스터즈에만,분홍색,검정색,구매가능,No,1x1,https://acnhcdn.com/latest/ClosetIcon/SocksTexStripe2.png,일 년 내내,화려한,파티; 스테이지,Pink,No,NA
9939,striped tights,https://acnhcdn.com/latest/FtrIcon/SocksTexStripe3.png,720,180,에이블 시스터즈,에이블 시스터즈에만,하늘색,검정색,구매가능,No,1x1,https://acnhcdn.com/latest/ClosetIcon/SocksTexStripe3.png,일 년 내내,화려한,파티; 스테이지,Light blue,No,NA
9940,striped tights,https://acnhcdn.com/latest/FtrIcon/SocksTexStripe4.png,720,180,에이블 시스터즈,에이블 시스터즈에만,노란색,검정색,구매가능,No,1x1,https://acnhcdn.com/latest/ClosetIcon/SocksTexStripe4.png,일 년 내내,화려한,파티; 스테이지,Yellow,No,NA
9941,striped tights,https://acnhcdn.com/latest/FtrIcon/SocksTexStripe5.png,720,180,에이블 시스터즈,에이블 시스터즈에만,보라색,검정색,구매가능,No,1x1,https://acnhcdn.com/latest/ClosetIcon/SocksTexStripe5.png,일 년 내내,화려한,파티; 스테이지,Purple,No,NA
9942,striped tights,https://acnhcdn.com/latest/FtrIcon/SocksTexStripe6.png,720,180,에이블 시스터즈,에이블 시스터즈에만,초록색,검정색,구매가능,No,1x1,https://acnhcdn.com/latest/ClosetIcon/SocksTexStripe6.png,일 년 내내,화려한,파티; 스테이지,Green,No,NA
9943,striped tights,https://acnhcdn.com/latest/FtrIcon/SocksTexStripe7.png,720,180,에이블 시스터즈,에이블 시스터즈에만,주황색,검정색,구매가능,No,1x1,https://acnhcdn.com/latest/ClosetIcon/SocksTexStripe7.png,일 년 내내,화려한,파티; 스테이지,Orange,No,NA
4749,tabi,https://acnhcdn.com/latest/FtrIcon/SocksTexTabi0.png,1200,300,에이블 시스터즈,에이블 시스터즈에만,하얀색,하얀색,구매가능,No,1x1,https://acnhcdn.com/latest/ClosetIcon/SocksTexTabi0.png,일 년 내내,심플한,데일리; 포멀; 파티,White,No,NA
8929,tabi,https://acnhcdn.com/latest/FtrIcon/SocksTexTabi1.png,1200,300,에이블 시스터즈,에이블 시스터즈에만,검정색,검정색,구매가능,No,1x1,https://acnhcdn.com/latest/ClosetIcon/SocksTexTabi1.png,일 년 내내,심플한,데일리; 포멀; 파티,Black,No,NA
8930,tabi,https://acnhcdn.com/latest/FtrIcon/SocksTexTabi2.png,1200,300,에이블 시스터즈,에이블 시스터즈에만,파란색,파란색,구매가능,No,1x1,https://acnhcdn.com/latest/ClosetIcon/SocksTexTabi2.png,일 년 내내,심플한,데일리; 포멀; 파티,Navy blue,No,NA
5181,terry-cloth socks,https://acnhcdn.com/latest/FtrIcon/SocksTexFluffy0.png,600,150,에이블 시스터즈,고순이 임시 상점 또는 에이블 시스터즈,분홍색,하얀색,구매가능,No,1x1,https://acnhcdn.com/latest/ClosetIcon/SocksTexFluffy0.png,겨울,귀여운,메르헨; 릴렉스,Pink,No,NA
9979,terry-cloth socks,https://acnhcdn.com/latest/FtrIcon/SocksTexFluffy1.png,600,150,에이블 시스터즈,고순이 임시 상점 또는 에이블 시스터즈,보라색,하얀색,구매가능,No,1x1,https://acnhcdn.com/latest/ClosetIcon/SocksTexFluffy1.png,겨울,귀여운,메르헨; 릴렉스,Purple,No,NA
9980,terry-cloth socks,https://acnhcdn.com/latest/FtrIcon/SocksTexFluffy2.png,600,150,에이블 시스터즈,고순이 임시 상점 또는 에이블 시스터즈,하늘색,하얀색,구매가능,No,1x1,https://acnhcdn.com/latest/ClosetIcon/SocksTexFluffy2.png,겨울,귀여운,메르헨; 릴렉스,Blue,No,NA
9981,terry-cloth socks,https://acnhcdn.com/latest/FtrIcon/SocksTexFluffy3.png,600,150,에이블 시스터즈,고순이 임시 상점 또는 에이블 시스터즈,초록색,하얀색,구매가능,No,1x1,https://acnhcdn.com/latest/ClosetIcon/SocksTexFluffy3.png,겨울,귀여운,메르헨; 릴렉스,Green,No,NA
9982,terry-cloth socks,https://acnhcdn.com/latest/FtrIcon/SocksTexFluffy4.png,600,150,에이블 시스터즈,고순이 임시 상점 또는 에이블 시스터즈,베이지색,하얀색,구매가능,No,1x1,https://acnhcdn.com/latest/ClosetIcon/SocksTexFluffy4.png,겨울,귀여운,메르헨; 릴렉스,Beige,No,NA
9983,terry-cloth socks,https://acnhcdn.com/latest/FtrIcon/SocksTexFluffy5.png,600,150,에이블 시스터즈,고순이 임시 상점 또는 에이블 시스터즈,빨간색,하얀색,구매가능,No,1x1,https://acnhcdn.com/latest/ClosetIcon/SocksTexFluffy5.png,겨울,귀여운,메르헨; 릴렉스,Red,No,NA
9984,terry-cloth socks,https://acnhcdn.com/latest/FtrIcon/SocksTexFluffy6.png,600,150,에이블 시스터즈,고순이 임시 상점 또는 에이블 시스터즈,회색,하얀색,구매가능,No,1x1,https://acnhcdn.com/latest/ClosetIcon/SocksTexFluffy6.png,겨울,귀여운,메르헨; 릴렉스,Gray,No,NA
4746,tube socks,https://acnhcdn.com/latest/FtrIcon/SocksTexLine0.png,480,120,에이블 시스터즈,고순이 임시 상점 또는 에이블 시스터즈,하얀색,파란색,구매가능,No,1x1,https://acnhcdn.com/latest/ClosetIcon/SocksTexLine0.png,일 년 내내,심플한,데일리; 아웃도어; 스포츠,Blue,No,NA
9966,tube socks,https://acnhcdn.com/latest/FtrIcon/SocksTexLine1.png,480,120,에이블 시스터즈,고순이 임시 상점 또는 에이블 시스터즈,하얀색,주황색,구매가능,No,1x1,https://acnhcdn.com/latest/ClosetIcon/SocksTexLine1.png,일 년 내내,심플한,데일리; 아웃도어; 스포츠,Orange,No,NA
9967,tube socks,https://acnhcdn.com/latest/FtrIcon/SocksTexLine2.png,480,120,에이블 시스터즈,고순이 임시 상점 또는 에이블 시스터즈,하얀색,초록색,구매가능,No,1x1,https://acnhcdn.com/latest/ClosetIcon/SocksTexLine2.png,일 년 내내,심플한,데일리; 아웃도어; 스포츠,Green,No,NA
9968,tube socks,https://acnhcdn.com/latest/FtrIcon/SocksTexLine3.png,480,120,에이블 시스터즈,고순이 임시 상점 또는 에이블 시스터즈,하얀색,빨간색,구매가능,No,1x1,https://acnhcdn.com/latest/ClosetIcon/SocksTexLine3.png,일 년 내내,심플한,데일리; 아웃도어; 스포츠,Red,No,NA
9969,tube socks,https://acnhcdn.com/latest/FtrIcon/SocksTexLine4.png,480,120,에이블 시스터즈,고순이 임시 상점 또는 에이블 시스터즈,회색,파란색,구매가능,No,1x1,https://acnhcdn.com/latest/ClosetIcon/SocksTexLine4.png,일 년 내내,심플한,데일리; 아웃도어; 스포츠,Navy blue,No,NA
9970,tube socks,https://acnhcdn.com/latest/FtrIcon/SocksTexLine5.png,480,120,에이블 시스터즈,고순이 임시 상점 또는 에이블 시스터즈,회색,빨간색,구매가능,No,1x1,https://acnhcdn.com/latest/ClosetIcon/SocksTexLine5.png,일 년 내내,심플한,데일리; 아웃도어; 스포츠,Berry red,No,NA
9971,tube socks,https://acnhcdn.com/latest/FtrIcon/SocksTexLine6.png,480,120,에이블 시스터즈,고순이 임시 상점 또는 에이블 시스터즈,회색,초록색,구매가능,No,1x1,https://acnhcdn.com/latest/ClosetIcon/SocksTexLine6.png,일 년 내내,심플한,데일리; 아웃도어; 스포츠,Dark green,No,NA
9972,tube socks,https://acnhcdn.com/latest/FtrIcon/SocksTexLine7.png,480,120,에이블 시스터즈,고순이 임시 상점 또는 에이블 시스터즈,회색,보라색,구매가능,No,1x1,https://acnhcdn.com/latest/ClosetIcon/SocksTexLine7.png,일 년 내내,심플한,데일리; 아웃도어; 스포츠,Purple,No,NA
5167,ultra no-show socks,https://acnhcdn.com/latest/FtrIcon/SocksTexFootcover0.png,480,120,에이블 시스터즈,고순이 임시 상점 또는 에이블 시스터즈,파란색,파란색,구매가능,No,1x1,https://acnhcdn.com/latest/ClosetIcon/SocksTexFootcover0.png,일 년 내내,심플한,데일리; 아웃도어; 스포츠,Blue,No,NA
10010,ultra no-show socks,https://acnhcdn.com/latest/FtrIcon/SocksTexFootcover1.png,480,120,에이블 시스터즈,고순이 임시 상점 또는 에이블 시스터즈,분홍색,분홍색,구매가능,No,1x1,https://acnhcdn.com/latest/ClosetIcon/SocksTexFootcover1.png,일 년 내내,심플한,데일리; 아웃도어; 스포츠,Pink,No,NA
10011,ultra no-show socks,https://acnhcdn.com/latest/FtrIcon/SocksTexFootcover2.png,480,120,에이블 시스터즈,고순이 임시 상점 또는 에이블 시스터즈,갈색,갈색,구매가능,No,1x1,https://acnhcdn.com/latest/ClosetIcon/SocksTexFootcover2.png,일 년 내내,심플한,데일리; 아웃도어; 스포츠,Brown,No,NA
10012,ultra no-show socks,https://acnhcdn.com/latest/FtrIcon/SocksTexFootcover3.png,480,120,에이블 시스터즈,고순이 임시 상점 또는 에이블 시스터즈,초록색,초록색,구매가능,No,1x1,https://acnhcdn.com/latest/ClosetIcon/SocksTexFootcover3.png,일 년 내내,심플한,데일리; 아웃도어; 스포츠,Olive,No,NA
10013,ultra no-show socks,https://acnhcdn.com/latest/FtrIcon/SocksTexFootcover4.png,480,120,에이블 시스터즈,고순이 임시 상점 또는 에이블 시스터즈,초록색,초록색,구매가능,No,1x1,https://acnhcdn.com/latest/ClosetIcon/SocksTexFootcover4.png,일 년 내내,심플한,데일리; 아웃도어; 스포츠,Green,No,NA
10014,ultra no-show socks,https://acnhcdn.com/latest/FtrIcon/SocksTexFootcover5.png,480,120,에이블 시스터즈,고순이 임시 상점 또는 에이블 시스터즈,보라색,보라색,구매가능,No,1x1,https://acnhcdn.com/latest/ClosetIcon/SocksTexFootcover5.png,일 년 내내,심플한,데일리; 아웃도어; 스포츠,Purple,No,NA
10015,ultra no-show socks,https://acnhcdn.com/latest/FtrIcon/SocksTexFootcover6.png,480,120,에이블 시스터즈,고순이 임시 상점 또는 에이블 시스터즈,검정색,검정색,구매가능,No,1x1,https://acnhcdn.com/latest/ClosetIcon/SocksTexFootcover6.png,일 년 내내,심플한,데일리; 아웃도어; 스포츠,Black,No,NA
10016,ultra no-show socks,https://acnhcdn.com/latest/FtrIcon/SocksTexFootcover7.png,480,120,에이블 시스터즈,고순이 임시 상점 또는 에이블 시스터즈,하얀색,하얀색,구매가능,No,1x1,https://acnhcdn.com/latest/ClosetIcon/SocksTexFootcover7.png,일 년 내내,심플한,데일리; 아웃도어; 스포츠,White,No,NA
9585,vivid leggings,https://acnhcdn.com/latest/FtrIcon/SocksTexVividleggings0.png,450,112,에이블 시스터즈,에이블 시스터즈에만,하늘색,하늘색,구매가능,No,1x1,https://acnhcdn.com/latest/ClosetIcon/SocksTexVividleggings0.png,일 년 내내,심플한,아웃도어; 파티; 스테이지,Light blue,No,NA
9801,vivid leggings,https://acnhcdn.com/latest/FtrIcon/SocksTexVividleggings1.png,450,112,에이블 시스터즈,에이블 시스터즈에만,보라색,보라색,구매가능,No,1x1,https://acnhcdn.com/latest/ClosetIcon/SocksTexVividleggings1.png,일 년 내내,심플한,아웃도어; 파티; 스테이지,Purple,No,NA
9802,vivid leggings,https://acnhcdn.com/latest/FtrIcon/SocksTexVividleggings2.png,450,112,에이블 시스터즈,에이블 시스터즈에만,빨간색,빨간색,구매가능,No,1x1,https://acnhcdn.com/latest/ClosetIcon/SocksTexVividleggings2.png,일 년 내내,심플한,아웃도어; 파티; 스테이지,Red,No,NA
9803,vivid leggings,https://acnhcdn.com/latest/FtrIcon/SocksTexVividleggings3.png,450,112,에이블 시스터즈,에이블 시스터즈에만,분홍색,분홍색,구매가능,No,1x1,https://acnhcdn.com/latest/ClosetIcon/SocksTexVividleggings3.png,일 년 내내,심플한,아웃도어; 파티; 스테이지,Pink,No,NA
9804,vivid leggings,https://acnhcdn.com/latest/FtrIcon/SocksTexVividleggings4.png,450,112,에이블 시스터즈,에이블 시스터즈에만,파란색,파란색,구매가능,No,1x1,https://acnhcdn.com/latest/ClosetIcon/SocksTexVividleggings4.png,일 년 내내,심플한,아웃도어; 파티; 스테이지,Blue,No,NA
9805,vivid leggings,https://acnhcdn.com/latest/FtrIcon/SocksTexVividleggings5.png,450,112,에이블 시스터즈,에이블 시스터즈에만,노란색,노란색,구매가능,No,1x1,https://acnhcdn.com/latest/ClosetIcon/SocksTexVividleggings5.png,일 년 내내,심플한,아웃도어; 파티; 스테이지,Yellow,No,NA
9806,vivid leggings,https://acnhcdn.com/latest/FtrIcon/SocksTexVividleggings6.png,450,112,에이블 시스터즈,에이블 시스터즈에만,초록색,초록색,구매가능,No,1x1,https://acnhcdn.com/latest/ClosetIcon/SocksTexVividleggings6.png,일 년 내내,심플한,아웃도어; 파티; 스테이지,Green,No,NA
9807,vivid leggings,https://acnhcdn.com/latest/FtrIcon/SocksTexVividleggings7.png,450,112,에이블 시스터즈,에이블 시스터즈에만,주황색,주황색,구매가능,No,1x1,https://acnhcdn.com/latest/ClosetIcon/SocksTexVividleggings7.png,일 년 내내,심플한,아웃도어; 파티; 스테이지,Orange,No,NA
6898,vivid socks,https://acnhcdn.com/latest/FtrIcon/SocksTexStandard1.png,480,120,에이블 시스터즈,에이블 시스터즈에만,초록색,초록색,구매가능,No,1x1,https://acnhcdn.com/latest/ClosetIcon/SocksTexStandard1.png,일 년 내내,심플한,데일리; 파티; 스테이지,Green,No,NA
9643,vivid socks,https://acnhcdn.com/latest/FtrIcon/SocksTexVividsocks0.png,480,120,에이블 시스터즈,에이블 시스터즈에만,빨간색,빨간색,구매가능,No,1x1,https://acnhcdn.com/latest/ClosetIcon/SocksTexVividsocks0.png,일 년 내내,심플한,데일리; 파티; 스테이지,Red,No,NA
10021,vivid socks,https://acnhcdn.com/latest/FtrIcon/SocksTexVividsocks2.png,480,120,에이블 시스터즈,에이블 시스터즈에만,하늘색,하늘색,구매가능,No,1x1,https://acnhcdn.com/latest/ClosetIcon/SocksTexVividsocks2.png,일 년 내내,심플한,데일리; 파티; 스테이지,Light blue,No,NA
10022,vivid socks,https://acnhcdn.com/latest/FtrIcon/SocksTexVividsocks3.png,480,120,에이블 시스터즈,에이블 시스터즈에만,파란색,파란색,구매가능,No,1x1,https://acnhcdn.com/latest/ClosetIcon/SocksTexVividsocks3.png,일 년 내내,심플한,데일리; 파티; 스테이지,Blue,No,NA
10023,vivid socks,https://acnhcdn.com/latest/FtrIcon/SocksTexVividsocks4.png,480,120,에이블 시스터즈,에이블 시스터즈에만,보라색,보라색,구매가능,No,1x1,https://acnhcdn.com/latest/ClosetIcon/SocksTexVividsocks4.png,일 년 내내,심플한,데일리; 파티; 스테이지,Purple,No,NA
10024,vivid socks,https://acnhcdn.com/latest/FtrIcon/SocksTexVividsocks5.png,480,120,에이블 시스터즈,에이블 시스터즈에만,분홍색,분홍색,구매가능,No,1x1,https://acnhcdn.com/latest/ClosetIcon/SocksTexVividsocks5.png,일 년 내내,심플한,데일리; 파티; 스테이지,Pink,No,NA
10025,vivid socks,https://acnhcdn.com/latest/FtrIcon/SocksTexVividsocks6.png,480,120,에이블 시스터즈,에이블 시스터즈에만,주황색,주황색,구매가능,No,1x1,https://acnhcdn.com/latest/ClosetIcon/SocksTexVividsocks6.png,일 년 내내,심플한,데일리; 파티; 스테이지,Orange,No,NA
10026,vivid socks,https://acnhcdn.com/latest/FtrIcon/SocksTexVividsocks7.png,480,120,에이블 시스터즈,에이블 시스터즈에만,노란색,노란색,구매가능,No,1x1,https://acnhcdn.com/latest/ClosetIcon/SocksTexVividsocks7.png,일 년 내내,심플한,데일리; 파티; 스테이지,Yellow,No,NA
9582,vivid tights,https://acnhcdn.com/latest/FtrIcon/SocksTexVividtights0.png,720,180,에이블 시스터즈,에이블 시스터즈에만,하늘색,하늘색,구매가능,No,1x1,https://acnhcdn.com/latest/ClosetIcon/SocksTexVividtights0.png,일 년 내내,심플한,파티; 스테이지,Light blue,No,NA
9687,vivid tights,https://acnhcdn.com/latest/FtrIcon/SocksTexVividtights1.png,720,180,에이블 시스터즈,에이블 시스터즈에만,보라색,보라색,구매가능,No,1x1,https://acnhcdn.com/latest/ClosetIcon/SocksTexVividtights1.png,일 년 내내,심플한,파티; 스테이지,Purple,No,NA
9688,vivid tights,https://acnhcdn.com/latest/FtrIcon/SocksTexVividtights2.png,720,180,에이블 시스터즈,에이블 시스터즈에만,빨간색,빨간색,구매가능,No,1x1,https://acnhcdn.com/latest/ClosetIcon/SocksTexVividtights2.png,일 년 내내,심플한,파티; 스테이지,Red,No,NA
9689,vivid tights,https://acnhcdn.com/latest/FtrIcon/SocksTexVividtights3.png,720,180,에이블 시스터즈,에이블 시스터즈에만,분홍색,분홍색,구매가능,No,1x1,https://acnhcdn.com/latest/ClosetIcon/SocksTexVividtights3.png,일 년 내내,심플한,파티; 스테이지,Pink,No,NA
9690,vivid tights,https://acnhcdn.com/latest/FtrIcon/SocksTexVividtights4.png,720,180,에이블 시스터즈,에이블 시스터즈에만,파란색,파란색,구매가능,No,1x1,https://acnhcdn.com/latest/ClosetIcon/SocksTexVividtights4.png,일 년 내내,심플한,파티; 스테이지,Blue,No,NA
9691,vivid tights,https://acnhcdn.com/latest/FtrIcon/SocksTexVividtights5.png,720,180,에이블 시스터즈,에이블 시스터즈에만,노란색,노란색,구매가능,No,1x1,https://acnhcdn.com/latest/ClosetIcon/SocksTexVividtights5.png,일 년 내내,심플한,파티; 스테이지,Yellow,No,NA
9692,vivid tights,https://acnhcdn.com/latest/FtrIcon/SocksTexVividtights6.png,720,180,에이블 시스터즈,에이블 시스터즈에만,초록색,초록색,구매가능,No,1x1,https://acnhcdn.com/latest/ClosetIcon/SocksTexVividtights6.png,일 년 내내,심플한,파티; 스테이지,Green,No,NA
9693,vivid tights,https://acnhcdn.com/latest/FtrIcon/SocksTexVividtights7.png,720,180,에이블 시스터즈,에이블 시스터즈에만,주황색,주황색,구매가능,No,1x1,https://acnhcdn.com/latest/ClosetIcon/SocksTexVividtights7.png,일 년 내내,심플한,파티; 스테이지,Orange,No,NA
5813,wave-print socks,https://acnhcdn.com/latest/FtrIcon/SocksTexWave0.png,600,150,패트릭,,파란색,하늘색,구매가능,No,1x1,https://acnhcdn.com/latest/ClosetIcon/SocksTexWave0.png,일 년 내내,쿨한,데일리,Blue,No,NA
9933,wave-print socks,https://acnhcdn.com/latest/FtrIcon/SocksTexWave1.png,600,150,패트릭,,갈색,베이지색,구매가능,No,1x1,https://acnhcdn.com/latest/ClosetIcon/SocksTexWave1.png,일 년 내내,쿨한,데일리,Brown,No,NA
9934,wave-print socks,https://acnhcdn.com/latest/FtrIcon/SocksTexWave2.png,600,150,패트릭,,보라색,분홍색,구매가능,No,1x1,https://acnhcdn.com/latest/ClosetIcon/SocksTexWave2.png,일 년 내내,쿨한,데일리,Purple,No,NA
9935,wave-print socks,https://acnhcdn.com/latest/FtrIcon/SocksTexWave3.png,600,150,패트릭,,초록색,초록색,구매가능,No,1x1,https://acnhcdn.com/latest/ClosetIcon/SocksTexWave3.png,일 년 내내,쿨한,데일리,Green,No,NA
9936,wave-print socks,https://acnhcdn.com/latest/FtrIcon/SocksTexWave4.png,600,150,패트릭,,검정색,회색,구매가능,No,1x1,https://acnhcdn.com/latest/ClosetIcon/SocksTexWave4.png,일 년 내내,쿨한,데일리,Gray,No,NA
